YEAR,DOY,T2M,T2M_MAX,T2M_MIN,RH2M,PRECTOTCORR,WS10M,WS2M,CLOUD_AMT,GWETROOT
1985,1,29.19,35.08,23.88,62.5,1.27,5.58,4.29,0.26,0.47
1985,2,29.44,34.7,23.99,60.52,0.88,5.72,4.4,0.11,0.46
1985,3,28.7,34.4,23.39,60.89,0.02,4.95,3.91,0.24,0.46
1985,4,28.65,33.89,24.75,66.74,1.96,4.23,3.35,0.42,0.45
1985,5,28.34,33.31,23.85,58.94,0.04,5.18,4.11,0.26,0.45
1985,6,28.73,35.0,22.87,57.11,0.01,4.64,3.74,0.5,0.44
1985,7,29.23,33.49,26.36,65.12,1.92,3.34,2.66,0.5,0.44
1985,8,28.36,31.78,26.42,69.97,1.57,2.76,2.18,0.93,0.44
1985,9,28.41,32.62,25.66,68.72,0.04,3.15,2.54,0.45,0.44
1985,10,27.08,28.73,25.06,67.49,1.48,3.3,2.61,0.67,0.44
1985,11,28.22,32.96,23.91,64.34,0.82,3.6,2.85,0.32,0.44
1985,12,28.32,31.91,25.68,68.51,0.86,2.57,2.04,0.31,0.44
1985,13,28.9,32.4,25.67,65.69,1.78,2.29,1.82,0.48,0.44
1985,14,28.63,32.32,26.16,64.69,0.15,3.33,2.64,0.42,0.43
1985,15,27.94,32.58,24.39,67.46,1.07,4.05,3.23,0.41,0.43
1985,16,27.67,32.06,23.99,68.96,0.04,4.75,3.82,0.22,0.43
1985,17,29.43,34.9,24.55,65.89,0.01,4.08,3.3,0.46,0.42
1985,18,30.16,35.35,25.82,59.65,0.23,4.04,3.25,0.75,0.42
1985,19,29.76,34.03,26.76,60.16,2.47,4.21,3.36,0.5,0.42
1985,20,29.2,34.46,24.59,64.55,0.21,5.71,4.57,0.15,0.42
1985,21,29.19,34.27,24.96,60.63,0.13,6.64,5.32,0.24,0.41
1985,22,28.69,33.97,23.74,61.19,0.03,5.91,4.76,0.08,0.41
1985,23,29.92,35.64,25.48,60.94,1.1,5.4,4.29,0.21,0.41
1985,24,28.99,34.15,26.37,70.35,1.24,5.73,4.51,0.78,0.41
1985,25,28.69,33.36,25.86,70.53,2.66,5.18,4.16,0.61,0.41
1985,26,28.43,31.77,26.06,70.11,5.42,3.43,2.77,0.45,0.41
1985,27,28.04,31.35,25.71,75.31,4.9,2.37,1.91,0.7,0.42
1985,28,27.8,31.27,25.4,72.87,6.1,5.23,4.08,0.68,0.43
1985,29,27.33,31.0,24.22,65.24,0.57,5.16,4.08,0.76,0.43
1985,30,26.14,29.2,24.4,72.08,0.16,4.7,3.73,0.97,0.43
1985,31,25.67,27.86,24.33,79.37,2.7,2.95,2.39,0.8,0.43
1985,32,27.75,32.35,24.12,73.14,6.46,2.43,1.98,0.63,0.43
1985,33,28.97,34.1,25.63,72.05,12.88,3.87,3.1,0.34,0.44
1985,34,29.36,33.81,25.16,66.22,1.21,4.3,3.45,0.6,0.45
1985,35,29.1,33.56,24.36,64.62,0.06,5.52,4.41,0.13,0.44
1985,36,29.8,35.37,25.12,64.25,0.08,4.01,3.24,0.16,0.43
1985,37,30.5,35.86,25.61,61.0,0.15,4.86,3.87,0.21,0.43
1985,38,30.14,36.19,26.38,67.36,0.22,4.82,3.84,0.56,0.42
1985,39,30.45,35.51,26.63,62.51,0.21,3.88,3.09,0.98,0.42
1985,40,30.87,35.44,27.52,58.72,0.01,4.47,3.57,0.43,0.42
1985,41,30.39,36.21,25.28,56.52,0.99,8.68,6.73,0.8,0.41
1985,42,29.7,36.36,23.68,55.87,0.12,8.99,6.93,0.2,0.41
1985,43,28.85,36.03,21.6,53.42,0.0,5.36,4.26,0.08,0.41
1985,44,29.35,35.4,23.12,50.43,0.0,5.41,4.3,0.0,0.4
1985,45,29.56,35.78,23.12,51.49,0.0,6.41,5.05,0.05,0.4
1985,46,30.13,35.9,24.53,52.34,0.09,6.35,4.99,0.1,0.4
1985,47,29.59,36.4,24.31,63.16,1.09,6.97,5.45,0.06,0.4
1985,48,29.95,34.66,25.97,62.11,3.12,6.61,5.15,0.15,0.4
1985,49,29.76,35.12,23.9,55.94,0.0,6.26,4.9,0.11,0.4
1985,50,30.02,35.42,24.88,60.11,1.08,7.37,5.75,0.08,0.4
1985,51,29.08,34.85,24.75,65.59,7.74,6.62,5.13,0.98,0.4
1985,52,27.47,32.21,24.12,74.9,4.83,8.06,6.25,1.0,0.41
1985,53,27.89,31.02,25.22,74.41,1.65,5.62,4.36,0.34,0.42
1985,54,28.08,32.94,24.56,71.88,0.91,6.82,5.32,0.29,0.41
1985,55,28.56,33.73,24.51,71.61,0.25,4.97,3.96,0.06,0.41
1985,56,28.99,33.6,25.24,67.67,0.19,5.5,4.37,0.34,0.41
1985,57,28.31,33.48,23.58,64.7,0.05,6.81,5.39,0.05,0.4
1985,58,27.62,33.27,23.15,61.46,0.01,7.62,6.01,0.4,0.4
1985,59,25.62,31.33,21.03,60.86,0.0,6.45,5.15,0.0,0.4
1985,60,25.53,31.67,19.49,57.79,0.09,4.82,3.89,0.05,0.4
1985,61,26.15,30.82,22.37,63.14,0.27,4.17,3.34,0.09,0.4
1985,62,27.03,31.71,22.72,66.34,0.48,4.05,3.24,0.14,0.4
1985,63,27.79,31.18,24.53,66.69,0.71,3.25,2.6,0.62,0.4
1985,64,27.99,32.09,24.94,70.12,1.89,4.95,3.91,1.0,0.4
1985,65,26.79,29.28,25.43,79.03,0.77,5.15,4.07,0.75,0.4
1985,66,27.14,30.92,24.23,69.68,0.04,4.14,3.34,0.39,0.4
1985,67,27.67,31.8,23.68,66.4,0.64,5.99,4.77,0.38,0.4
1985,68,28.35,33.67,24.73,69.79,0.72,5.18,4.17,0.88,0.4
1985,69,28.31,32.53,24.55,68.95,0.62,3.37,2.7,0.47,0.4
1985,70,28.33,32.72,24.46,66.32,0.32,3.29,2.65,0.34,0.4
1985,71,27.95,31.75,25.35,67.15,0.57,3.2,2.6,0.29,0.4
1985,72,26.47,29.68,24.37,71.85,1.48,2.62,2.12,0.46,0.4
1985,73,27.95,31.54,23.99,60.24,1.13,2.81,2.28,0.92,0.4
1985,74,28.09,32.33,24.36,61.87,1.06,2.28,1.84,0.52,0.4
1985,75,28.5,33.42,24.98,62.21,0.35,3.72,2.96,0.7,0.4
1985,76,28.39,33.26,24.72,60.68,0.96,2.7,2.21,1.0,0.4
1985,77,29.19,34.74,25.1,58.76,0.26,3.27,2.62,0.35,0.39
1985,78,28.45,33.03,25.21,65.36,0.99,4.07,3.25,0.22,0.39
1985,79,28.03,31.72,25.41,68.82,2.1,2.14,1.77,0.26,0.4
1985,80,27.19,30.35,25.09,70.45,2.04,2.09,1.68,0.96,0.4
1985,81,27.43,30.55,24.32,66.74,0.47,2.7,2.17,0.96,0.4
1985,82,27.46,32.12,24.36,70.13,3.09,3.36,2.74,0.54,0.4
1985,83,26.02,27.62,24.29,82.34,40.3,2.67,2.19,1.0,0.44
1985,84,26.3,29.32,24.01,79.86,6.38,2.75,2.22,0.6,0.48
1985,85,27.63,31.92,23.95,73.02,4.67,3.67,2.92,0.27,0.47
1985,86,27.04,31.38,23.94,75.88,0.79,5.15,4.11,0.41,0.47
1985,87,25.6,28.96,22.76,71.81,0.24,7.02,5.56,0.87,0.46
1985,88,24.84,30.12,20.15,62.27,0.0,5.83,4.65,0.13,0.45
1985,89,25.5,29.75,22.22,73.67,0.67,5.64,4.45,0.92,0.45
1985,90,25.36,27.82,23.54,81.12,2.39,5.36,4.25,1.0,0.45
1985,91,27.18,32.34,23.39,71.94,0.43,4.18,3.28,0.99,0.45
1985,92,27.28,32.25,24.05,70.25,0.97,3.24,2.55,0.39,0.45
1985,93,26.5,31.03,23.76,75.34,1.02,2.52,2.01,0.05,0.44
1985,94,25.9,30.55,23.06,72.42,0.08,2.73,2.18,0.12,0.44
1985,95,25.62,31.08,21.39,74.62,3.55,3.59,2.87,0.02,0.44
1985,96,26.84,32.27,22.45,74.19,0.56,2.87,2.29,0.1,0.44
1985,97,27.4,32.24,24.0,72.85,0.21,2.11,1.67,0.7,0.44
1985,98,27.21,31.71,24.34,73.76,0.19,4.63,3.59,0.91,0.43
1985,99,27.12,31.59,23.79,72.07,0.24,4.19,3.32,0.52,0.43
1985,100,25.92,30.52,23.14,73.83,0.08,8.39,6.56,0.58,0.43
1985,101,25.11,29.66,22.25,74.59,9.45,9.26,7.17,0.49,0.43
1985,102,24.56,29.4,21.42,73.13,2.28,8.95,6.93,0.62,0.44
1985,103,23.74,28.37,20.8,71.32,0.39,7.89,6.18,0.0,0.44
1985,104,24.33,28.87,20.58,66.81,0.0,5.56,4.33,0.88,0.44
1985,105,25.72,31.04,20.84,64.15,0.0,4.74,3.67,0.39,0.43
1985,106,25.99,31.06,20.86,65.03,0.0,3.94,3.07,0.17,0.43
1985,107,25.75,31.17,21.07,64.38,0.0,3.85,3.02,0.29,0.43
1985,108,25.94,31.08,21.55,67.64,0.6,3.7,2.92,0.31,0.42
1985,109,26.03,30.81,21.89,67.52,0.85,4.13,3.22,0.21,0.42
1985,110,24.88,30.86,19.82,65.58,0.01,7.75,6.07,0.14,0.42
1985,111,25.26,31.13,20.32,66.98,0.1,6.82,5.35,0.13,0.42
1985,112,26.11,30.89,22.63,66.14,0.37,3.68,2.92,0.44,0.41
1985,113,25.37,29.88,21.59,68.38,0.62,3.19,2.54,0.65,0.41
1985,114,25.97,30.75,22.56,69.5,0.47,2.8,2.25,0.64,0.41
1985,115,25.21,29.35,22.82,76.54,8.56,2.7,2.16,0.79,0.42
1985,116,24.72,28.97,21.96,77.15,0.64,4.15,3.32,0.58,0.43
1985,117,22.9,26.45,20.47,76.31,0.14,5.1,4.11,0.41,0.42
1985,118,21.85,26.16,18.96,69.73,0.02,4.67,3.73,0.25,0.42
1985,119,20.96,25.51,16.96,66.12,0.0,3.12,2.42,0.43,0.42
1985,120,22.43,28.4,17.07,60.27,0.0,3.2,2.49,0.14,0.41
1985,121,23.87,29.96,18.88,59.77,0.0,3.86,3.02,0.15,0.41
1985,122,24.61,30.73,19.4,69.44,0.02,5.71,4.51,0.09,0.41
1985,123,25.75,31.93,21.13,63.35,0.0,4.39,3.4,0.99,0.41
1985,124,24.72,28.46,21.87,62.93,0.0,4.26,3.31,0.88,0.41
1985,125,24.68,29.28,20.69,65.57,0.48,4.06,3.24,0.15,0.41
1985,126,24.5,29.1,20.91,69.94,1.15,2.84,2.23,0.28,0.41
1985,127,23.8,27.74,20.41,72.54,0.02,3.5,2.81,0.73,0.41
1985,128,22.91,27.33,19.63,72.81,0.14,3.43,2.7,0.04,0.41
1985,129,23.05,26.19,20.66,69.95,0.06,4.28,3.41,0.5,0.41
1985,130,23.19,26.7,20.85,66.94,0.02,3.4,2.65,0.11,0.4
1985,131,23.69,29.45,18.87,62.32,0.0,2.48,1.95,0.15,0.4
1985,132,24.03,30.26,18.98,61.65,0.0,2.83,2.2,0.11,0.4
1985,133,23.58,30.09,18.56,65.23,0.0,3.78,2.96,0.11,0.4
1985,134,23.27,27.83,19.3,75.7,0.0,4.48,3.57,0.67,0.4
1985,135,22.78,25.83,21.02,72.83,0.0,5.59,4.51,1.0,0.4
1985,136,22.28,25.94,19.26,62.57,0.03,5.26,4.21,0.82,0.4
1985,137,21.81,27.36,16.79,65.27,0.02,5.87,4.68,0.24,0.4
1985,138,22.2,27.99,17.04,66.43,0.02,6.75,5.33,0.04,0.4
1985,139,23.16,29.66,17.5,60.4,0.0,6.2,4.82,0.01,0.4
1985,140,23.33,29.07,18.33,63.51,0.85,4.76,3.75,0.58,0.4
1985,141,24.04,29.5,19.07,61.17,0.0,4.14,3.21,0.66,0.4
1985,142,24.4,30.28,19.16,57.7,0.0,4.69,3.64,0.08,0.4
1985,143,24.57,30.29,19.49,63.51,0.11,4.14,3.25,0.34,0.39
1985,144,24.39,29.16,20.56,66.71,0.32,3.91,3.11,0.82,0.39
1985,145,22.77,27.46,19.27,73.21,0.19,5.67,4.49,0.13,0.39
1985,146,21.94,26.75,18.4,68.73,0.18,6.22,4.95,0.08,0.39
1985,147,22.07,28.16,17.29,67.14,0.05,6.49,5.16,0.13,0.39
1985,148,22.21,28.47,16.85,63.44,0.28,5.58,4.41,0.47,0.39
1985,149,22.27,28.4,16.97,61.52,0.0,5.88,4.64,0.08,0.39
1985,150,22.0,28.21,16.52,58.42,0.0,5.61,4.41,0.17,0.39
1985,151,22.25,27.68,17.74,66.49,0.0,4.79,3.79,0.25,0.39
1985,152,20.99,24.35,18.58,76.06,1.99,4.88,3.88,0.68,0.39
1985,153,20.46,23.3,18.41,62.29,0.47,4.47,3.58,0.49,0.39
1985,154,21.28,23.98,19.54,70.79,3.48,3.76,2.94,0.23,0.4
1985,155,21.37,24.39,18.55,75.71,1.17,3.03,2.42,0.78,0.4
1985,156,20.45,24.97,16.25,76.39,0.01,4.45,3.52,0.21,0.4
1985,157,21.19,26.52,16.46,71.0,0.0,5.54,4.42,0.1,0.4
1985,158,21.0,26.18,16.69,69.62,0.0,5.69,4.56,0.06,0.4
1985,159,20.69,26.48,15.79,70.37,0.0,4.36,3.5,0.07,0.4
1985,160,21.5,26.98,16.59,70.18,0.0,4.37,3.47,0.12,0.39
1985,161,22.04,28.13,17.41,71.6,0.0,3.89,3.05,0.28,0.39
1985,162,22.58,26.41,20.21,75.97,0.03,3.29,2.64,0.69,0.39
1985,163,22.81,27.98,18.03,68.11,0.01,4.0,3.18,0.58,0.39
1985,164,23.44,28.41,19.69,62.23,0.0,2.99,2.34,0.08,0.39
1985,165,22.02,26.41,18.86,77.27,0.0,3.42,2.76,0.41,0.39
1985,166,21.77,26.82,17.96,71.23,0.08,5.74,4.53,0.16,0.39
1985,167,22.07,28.17,17.27,63.48,0.0,4.29,3.35,0.06,0.39
1985,168,21.89,27.37,17.75,69.6,0.0,3.15,2.43,0.12,0.39
1985,169,21.2,24.87,18.64,77.86,0.31,3.79,2.99,0.34,0.39
1985,170,20.54,25.23,17.01,70.18,0.0,3.1,2.47,0.1,0.39
1985,171,21.44,27.3,16.16,70.5,0.1,5.54,4.39,0.05,0.39
1985,172,23.85,29.9,18.19,65.04,0.0,5.01,3.84,0.05,0.39
1985,173,24.02,29.95,18.73,64.71,0.0,4.61,3.6,0.05,0.39
1985,174,23.66,29.6,18.93,57.09,0.0,5.36,4.16,0.13,0.39
1985,175,22.47,28.16,17.37,63.44,0.0,4.65,3.65,0.44,0.39
1985,176,22.75,28.1,18.34,63.22,0.03,7.53,5.89,0.08,0.39
1985,177,21.59,27.49,16.91,61.7,0.01,6.52,5.14,0.05,0.39
1985,178,21.1,27.23,15.42,60.57,0.01,5.02,3.96,0.03,0.38
1985,179,22.1,27.74,17.0,60.26,0.52,5.09,4.02,0.03,0.38
1985,180,21.92,27.0,17.51,64.5,1.62,4.38,3.48,0.03,0.39
1985,181,22.16,27.18,17.2,64.74,0.7,4.79,3.76,0.26,0.39
1985,182,22.34,27.98,17.21,64.65,0.53,5.69,4.51,0.66,0.39
1985,183,22.26,28.06,17.66,64.75,0.16,7.14,5.62,0.07,0.39
1985,184,21.16,27.58,15.45,61.13,0.0,7.16,5.62,0.04,0.39
1985,185,21.62,28.61,16.24,62.67,0.0,5.88,4.6,0.06,0.39
1985,186,21.78,27.73,17.05,68.41,0.0,5.59,4.42,0.03,0.39
1985,187,22.91,27.87,19.67,69.42,0.0,2.29,1.81,0.06,0.38
1985,188,22.71,29.8,17.7,67.13,0.0,3.5,2.7,0.31,0.38
1985,189,23.13,29.23,18.53,61.83,0.0,2.98,2.26,0.22,0.38
1985,190,22.89,29.26,18.0,58.2,0.0,4.63,3.63,0.07,0.38
1985,191,22.3,28.09,17.26,57.62,0.0,3.89,3.02,0.09,0.38
1985,192,22.61,28.77,17.74,66.4,0.0,4.83,3.8,0.06,0.38
1985,193,22.74,27.38,18.85,71.03,0.0,5.2,4.1,0.12,0.38
1985,194,21.49,25.42,18.58,76.31,0.4,4.07,3.23,0.74,0.38
1985,195,20.07,23.4,17.97,73.42,0.33,3.45,2.78,0.83,0.38
1985,196,20.54,24.08,18.22,70.54,0.16,3.68,2.86,0.47,0.38
1985,197,20.44,25.67,15.98,70.65,0.17,4.1,3.26,0.17,0.38
1985,198,22.44,28.62,16.64,67.32,0.0,4.2,3.28,0.06,0.38
1985,199,23.65,29.18,18.31,61.74,0.02,5.52,4.32,0.06,0.38
1985,200,23.75,28.96,18.12,59.43,0.02,3.81,3.05,0.14,0.38
1985,201,23.6,28.26,20.01,65.33,0.02,4.94,3.96,0.25,0.38
1985,202,21.82,25.1,18.95,71.95,0.06,4.0,3.12,0.65,0.38
1985,203,21.18,25.4,18.36,57.46,0.0,2.57,2.02,0.1,0.38
1985,204,20.17,25.03,15.83,62.95,0.0,4.66,3.68,0.57,0.38
1985,205,19.49,24.44,15.47,68.24,0.0,5.05,4.04,0.08,0.38
1985,206,19.17,24.08,14.75,66.05,0.01,5.43,4.34,0.17,0.38
1985,207,19.78,26.24,14.17,60.11,0.01,5.02,4.01,0.09,0.38
1985,208,19.88,24.64,16.11,69.03,0.07,2.99,2.4,0.15,0.38
1985,209,20.09,24.78,16.02,70.14,0.0,3.47,2.73,0.19,0.38
1985,210,20.4,25.24,15.68,70.78,0.0,4.7,3.75,0.1,0.38
1985,211,21.44,26.92,16.56,69.62,0.18,6.91,5.51,0.1,0.38
1985,212,21.79,26.3,17.9,70.73,0.3,6.62,5.27,0.24,0.38
1985,213,23.16,28.99,18.43,62.45,0.03,3.9,3.1,0.54,0.38
1985,214,24.07,29.34,19.55,61.96,0.0,3.5,2.77,0.35,0.38
1985,215,23.91,29.29,19.99,71.7,0.0,4.05,3.22,0.11,0.38
1985,216,24.44,29.45,20.0,70.74,0.0,4.94,3.9,0.06,0.38
1985,217,24.69,30.43,19.46,63.48,0.0,6.22,4.84,0.03,0.38
1985,218,24.27,30.1,19.98,57.42,0.0,4.38,3.45,0.0,0.38
1985,219,23.3,29.31,18.35,56.07,0.0,3.84,3.01,0.0,0.37
1985,220,23.22,29.3,18.3,58.75,0.0,4.01,3.15,0.03,0.37
1985,221,23.39,29.24,18.65,63.02,0.0,3.67,2.91,0.03,0.37
1985,222,23.14,28.98,19.21,67.95,0.0,4.04,3.15,0.03,0.37
1985,223,22.59,28.03,18.76,65.85,0.02,6.5,5.17,0.12,0.37
1985,224,23.66,29.45,18.11,59.33,0.0,5.98,4.7,0.08,0.37
1985,225,23.53,29.69,18.12,59.26,0.0,4.46,3.58,0.13,0.37
1985,226,24.19,29.83,19.06,58.91,0.0,3.27,2.58,0.1,0.37
1985,227,24.13,29.14,20.33,64.93,0.0,5.11,4.07,0.15,0.37
1985,228,24.25,29.9,19.37,64.46,0.04,7.62,5.99,0.08,0.37
1985,229,24.28,30.23,18.39,59.22,0.03,7.15,5.58,0.07,0.37
1985,230,23.56,29.7,17.64,59.01,0.01,6.79,5.35,0.03,0.37
1985,231,22.9,29.32,17.25,56.54,0.02,7.55,5.95,0.05,0.37
1985,232,22.12,28.6,16.21,55.02,0.01,6.38,5.04,0.07,0.37
1985,233,22.07,28.21,16.08,54.8,0.0,5.5,4.4,0.02,0.37
1985,234,22.87,28.67,17.04,55.37,0.0,4.92,3.93,0.22,0.37
1985,235,23.38,28.98,18.51,55.63,0.17,5.21,4.18,0.33,0.37
1985,236,23.22,28.59,18.37,59.38,0.01,4.47,3.57,0.19,0.37
1985,237,22.62,27.85,18.42,65.3,0.0,5.48,4.37,0.19,0.37
1985,238,20.47,24.62,17.13,75.92,1.3,6.37,5.13,0.87,0.37
1985,239,21.32,26.63,17.89,67.52,0.58,9.68,7.67,0.23,0.37
1985,240,22.41,28.48,17.53,63.03,0.02,8.7,6.9,0.24,0.37
1985,241,24.53,30.82,18.31,57.66,0.0,5.54,4.38,0.02,0.37
1985,242,25.14,31.52,20.37,56.18,0.01,6.19,4.89,0.32,0.37
1985,243,25.01,30.55,19.81,53.03,0.0,5.39,4.25,0.01,0.37
1985,244,24.24,29.96,18.72,49.27,0.0,5.56,4.37,0.38,0.37
1985,245,23.3,29.07,18.72,57.25,0.0,4.66,3.74,0.31,0.37
1985,246,24.25,29.56,20.27,67.13,0.0,3.73,2.97,0.42,0.37
1985,247,24.31,29.26,20.55,63.1,0.0,4.46,3.61,0.52,0.37
1985,248,24.49,30.45,19.11,60.84,0.01,6.83,5.46,0.02,0.37
1985,249,25.63,32.07,19.88,51.94,0.0,4.93,3.87,0.01,0.37
1985,250,25.51,31.38,19.63,53.46,0.0,5.37,4.26,0.1,0.37
1985,251,25.29,30.62,20.58,53.81,0.0,5.72,4.53,0.43,0.37
1985,252,24.69,29.89,20.27,61.41,0.0,5.35,4.31,0.54,0.37
1985,253,24.94,30.22,21.91,67.16,0.0,3.27,2.63,0.85,0.37
1985,254,25.2,31.03,20.81,54.3,0.02,3.77,2.96,0.14,0.36
1985,255,25.75,31.66,20.97,55.4,0.0,4.62,3.62,0.18,0.36
1985,256,26.17,30.96,22.96,65.15,2.19,4.69,3.74,0.62,0.36
1985,257,26.69,32.21,22.3,64.87,0.47,4.57,3.64,0.36,0.37
1985,258,26.99,32.03,23.85,62.48,0.0,3.38,2.76,0.16,0.37
1985,259,25.95,30.48,22.61,69.81,0.0,4.06,3.34,0.38,0.37
1985,260,25.42,30.87,20.83,67.47,0.08,4.95,4.03,0.62,0.37
1985,261,25.54,28.12,22.95,61.98,0.32,2.52,2.08,0.97,0.37
1985,262,23.98,27.86,21.04,67.23,0.01,3.01,2.51,0.41,0.37
1985,263,23.79,28.65,19.58,60.93,0.01,5.03,4.06,0.25,0.37
1985,264,24.2,29.69,19.87,61.62,0.03,8.29,6.63,0.5,0.37
1985,265,25.0,31.02,19.61,58.49,0.47,9.4,7.41,0.06,0.37
1985,266,26.51,32.66,21.17,55.59,0.01,5.49,4.33,0.36,0.37
1985,267,26.52,32.96,21.55,57.07,0.0,4.82,3.85,0.02,0.36
1985,268,26.34,31.87,21.85,56.97,0.0,4.09,3.29,0.01,0.36
1985,269,26.66,32.56,21.59,54.3,0.03,4.04,3.21,0.07,0.36
1985,270,25.66,30.78,19.78,55.77,0.64,5.49,4.44,0.05,0.36
1985,271,26.07,32.22,20.21,55.77,0.0,5.06,4.08,0.23,0.36
1985,272,26.66,32.55,22.09,57.55,0.0,4.21,3.37,0.01,0.36
1985,273,26.86,32.81,22.34,54.76,0.0,5.08,4.05,0.0,0.36
1985,274,26.52,32.28,22.04,55.16,0.0,4.15,3.31,0.27,0.36
1985,275,26.56,32.05,22.11,57.6,0.0,4.08,3.27,0.27,0.36
1985,276,26.72,32.37,21.96,55.79,0.0,4.5,3.6,0.18,0.36
1985,277,26.39,33.13,21.38,51.42,0.0,5.57,4.46,0.03,0.36
1985,278,25.51,32.68,19.87,59.07,0.0,4.34,3.49,0.12,0.36
1985,279,25.82,31.07,21.13,64.22,0.0,6.67,5.33,0.47,0.36
1985,280,26.71,34.77,20.9,59.63,0.0,5.6,4.49,0.11,0.36
1985,281,26.56,32.54,22.26,63.45,0.38,5.87,4.72,0.51,0.36
1985,282,26.44,31.51,22.58,67.61,0.42,5.92,4.75,0.34,0.36
1985,283,28.35,34.76,22.43,53.19,0.12,8.17,6.43,0.21,0.36
1985,284,26.64,31.97,21.57,52.18,0.0,9.63,7.59,0.13,0.36
1985,285,25.43,32.2,19.14,50.0,0.06,5.88,4.69,0.46,0.36
1985,286,25.41,30.69,21.19,62.52,7.77,5.62,4.5,0.62,0.36
1985,287,25.47,29.31,22.69,68.13,3.25,2.57,2.08,0.12,0.38
1985,288,26.34,31.67,21.04,57.62,0.0,3.53,2.84,0.38,0.38
1985,289,27.15,32.88,21.63,53.72,0.0,4.39,3.53,0.18,0.37
1985,290,26.81,32.1,21.97,55.88,0.0,5.23,4.23,0.28,0.37
1985,291,26.26,30.8,23.58,62.59,0.03,4.45,3.65,0.23,0.37
1985,292,25.37,29.83,22.11,67.82,0.07,3.87,3.19,0.42,0.37
1985,293,23.8,25.95,21.48,68.68,0.3,2.67,2.22,0.88,0.37
1985,294,24.43,29.48,20.31,64.14,0.17,3.36,2.77,0.56,0.37
1985,295,24.74,29.17,21.36,63.97,0.52,3.47,2.85,0.33,0.37
1985,296,25.78,31.93,21.96,61.32,2.61,4.8,3.87,0.54,0.37
1985,297,25.62,30.29,22.18,60.98,2.07,3.95,3.17,0.71,0.37
1985,298,25.27,29.4,22.27,65.7,9.66,3.66,2.9,0.88,0.38
1985,299,25.37,30.2,21.24,66.59,5.89,4.36,3.54,0.87,0.4
1985,300,26.39,30.5,22.58,63.87,2.87,2.94,2.36,0.99,0.4
1985,301,26.56,30.46,23.37,68.62,0.03,3.41,2.75,0.5,0.39
1985,302,26.65,29.28,24.08,68.36,0.09,2.09,1.67,0.73,0.39
1985,303,27.23,31.12,23.51,61.61,0.16,3.16,2.46,0.62,0.39
1985,304,27.34,32.85,22.68,62.37,0.04,3.55,2.83,1.0,0.38
1985,305,27.44,31.43,24.38,65.14,0.02,3.63,2.97,0.68,0.38
1985,306,28.76,34.53,23.88,57.37,0.0,5.3,4.26,0.76,0.38
1985,307,30.51,36.26,25.84,54.19,0.02,3.72,2.97,0.53,0.38
1985,308,29.64,33.09,26.85,56.39,0.0,4.39,3.55,0.81,0.38
1985,309,28.57,33.16,25.25,60.05,0.0,3.78,3.09,0.58,0.38
1985,310,27.45,31.51,24.59,59.25,0.5,4.13,3.37,0.69,0.37
1985,311,27.0,31.81,24.19,62.38,2.84,2.95,2.42,0.78,0.38
1985,312,27.41,31.94,23.57,59.79,2.7,3.06,2.5,1.0,0.38
1985,313,27.72,32.52,23.56,60.73,3.58,3.11,2.49,0.54,0.38
1985,314,27.45,31.21,24.7,62.16,0.64,3.4,2.74,0.55,0.38
1985,315,27.13,31.68,24.09,60.99,0.0,4.56,3.69,0.99,0.38
1985,316,27.01,31.67,23.35,61.79,1.59,7.45,5.97,1.0,0.38
1985,317,26.63,32.73,21.51,60.64,0.02,8.88,7.07,0.44,0.38
1985,318,27.65,34.25,21.5,56.3,0.01,7.42,5.89,0.41,0.38
1985,319,28.24,34.39,22.45,54.62,0.0,6.7,5.32,0.32,0.38
1985,320,28.8,34.54,23.01,50.61,0.04,7.86,6.15,0.49,0.37
1985,321,27.57,33.7,21.38,44.68,0.0,7.52,5.92,0.43,0.37
1985,322,26.86,33.33,19.72,45.19,0.0,6.55,5.2,0.36,0.37
1985,323,27.48,33.79,21.02,46.58,0.0,7.66,6.08,0.49,0.37
1985,324,27.22,33.39,20.54,46.83,0.0,7.1,5.66,0.76,0.37
1985,325,27.15,33.09,22.31,58.4,1.51,5.88,4.73,0.52,0.37
1985,326,26.39,30.98,23.08,69.13,7.89,4.53,3.68,0.61,0.38
1985,327,25.57,30.08,23.06,73.92,9.67,3.51,2.88,0.47,0.39
1985,328,24.82,26.84,22.69,72.71,11.35,2.17,1.77,0.44,0.41
1985,329,25.84,29.33,22.07,68.26,1.82,4.32,3.5,0.5,0.42
1985,330,26.79,30.99,22.57,68.23,0.37,5.53,4.46,0.56,0.41
1985,331,26.52,31.73,22.29,69.3,0.68,7.28,5.84,0.55,0.41
1985,332,25.94,29.54,23.76,70.29,2.35,4.95,3.96,0.45,0.41
1985,333,26.26,30.56,22.33,59.25,0.68,4.58,3.69,0.36,0.4
1985,334,25.23,29.95,20.61,62.18,0.57,6.67,5.37,0.71,0.4
1985,335,25.57,31.53,20.2,62.95,1.65,4.72,3.75,1.0,0.4
1985,336,24.76,27.6,22.49,67.64,5.27,4.06,3.31,0.99,0.4
1985,337,24.63,28.09,21.31,76.23,9.9,4.35,3.49,0.54,0.41
1985,338,25.54,28.81,22.59,72.39,3.5,4.81,3.89,0.72,0.42
1985,339,26.18,30.93,22.04,67.68,7.16,7.87,6.21,0.77,0.42
1985,340,26.45,31.12,22.0,64.83,3.23,5.03,4.01,0.3,0.42
1985,341,27.48,33.23,23.36,66.45,0.04,5.7,4.52,0.33,0.42
1985,342,27.87,32.53,24.77,68.62,0.13,3.36,2.71,0.53,0.42
1985,343,27.47,31.55,24.63,69.26,0.06,4.02,3.18,0.54,0.41
1985,344,27.64,31.97,24.24,65.2,0.02,3.06,2.47,0.8,0.41
1985,345,27.14,30.44,24.96,64.63,0.01,3.45,2.74,0.86,0.41
1985,346,27.4,31.38,24.78,66.06,0.14,3.17,2.57,0.57,0.41
1985,347,26.72,30.72,24.08,67.29,0.02,2.49,2.04,0.01,0.4
1985,348,26.46,29.43,23.68,70.22,0.29,2.82,2.23,0.68,0.4
1985,349,27.18,32.06,22.58,66.17,0.25,4.36,3.47,0.56,0.4
1985,350,28.8,33.94,23.57,59.26,0.61,5.37,4.3,0.5,0.4
1985,351,27.76,32.31,24.41,61.85,1.11,5.45,4.41,0.67,0.4
1985,352,26.31,30.6,22.54,64.35,0.09,6.48,5.23,0.59,0.4
1985,353,26.6,31.82,21.85,60.86,0.58,8.04,6.42,0.93,0.39
1985,354,27.01,33.45,21.85,61.57,2.27,7.7,6.05,0.91,0.4
1985,355,27.21,32.72,23.5,66.08,2.53,5.45,4.38,0.79,0.4
1985,356,26.77,30.42,24.26,73.41,5.16,4.8,3.86,1.0,0.4
1985,357,25.86,29.62,24.34,78.11,11.63,3.3,2.66,1.0,0.41
1985,358,25.45,27.45,23.55,85.78,34.52,6.26,4.89,0.93,0.47
1985,359,26.18,30.35,22.98,74.61,1.99,3.18,2.56,0.14,0.48
1985,360,26.75,32.1,21.98,66.34,0.0,5.56,4.44,0.06,0.46
1985,361,26.86,32.78,21.15,62.78,0.0,5.74,4.6,0.3,0.45
1985,362,28.05,34.07,22.46,64.69,1.16,4.68,3.72,0.66,0.45
1985,363,28.48,33.23,24.26,66.79,1.38,3.77,3.02,0.32,0.44
1985,364,28.59,33.02,25.44,70.33,2.17,3.01,2.44,0.25,0.44
1985,365,27.02,29.61,25.38,77.54,2.03,2.71,2.16,0.73,0.44
1986,1,26.44,28.57,24.33,75.49,0.69,3.58,2.85,0.93,0.44
1986,2,27.56,32.97,22.83,66.4,0.95,7.29,5.78,0.09,0.44
1986,3,28.67,33.91,23.31,67.44,3.65,3.6,2.86,0.29,0.44
1986,4,28.37,32.89,25.9,72.75,3.86,4.04,3.2,0.33,0.44
1986,5,27.53,31.14,25.03,78.17,3.44,4.45,3.53,0.43,0.44
1986,6,27.52,31.38,25.19,78.64,6.57,3.07,2.47,0.99,0.44
1986,7,26.78,29.22,25.24,83.71,8.69,5.2,4.16,1.0,0.45
1986,8,27.43,29.85,25.51,82.27,7.97,5.51,4.37,1.0,0.46
1986,9,28.75,32.82,25.86,76.2,5.78,3.79,3.03,0.78,0.47
1986,10,27.5,30.05,25.65,78.02,2.94,3.05,2.46,0.74,0.47
1986,11,28.51,31.99,25.5,73.98,0.14,3.08,2.48,0.71,0.47
1986,12,28.74,33.04,26.12,72.54,0.25,4.17,3.31,0.32,0.46
1986,13,28.61,32.89,25.83,70.76,0.17,3.64,2.91,0.74,0.46
1986,14,29.22,33.67,25.05,65.27,0.0,2.41,1.95,0.19,0.45
1986,15,29.65,35.18,23.45,55.96,0.0,3.86,3.09,0.12,0.45
1986,16,29.29,34.45,24.71,58.95,0.0,4.87,3.89,0.4,0.44
1986,17,29.36,34.99,24.48,56.95,0.01,4.49,3.59,0.17,0.43
1986,18,29.09,34.27,23.39,54.09,0.01,5.18,4.13,0.46,0.43
1986,19,28.78,34.21,24.04,57.85,0.0,7.14,5.6,0.25,0.42
1986,20,29.07,33.75,24.22,57.47,0.0,5.05,3.97,0.39,0.42
1986,21,28.8,34.27,24.18,58.17,0.21,5.01,4.02,0.34,0.42
1986,22,27.91,31.64,25.57,68.01,1.2,4.21,3.35,0.46,0.42
1986,23,27.53,31.96,24.23,65.78,0.22,3.64,2.92,0.27,0.42
1986,24,28.29,33.71,23.11,63.45,0.69,4.49,3.63,0.34,0.41
1986,25,28.26,30.56,26.22,67.57,0.58,1.74,1.44,0.73,0.41
1986,26,27.74,31.19,25.31,63.66,0.75,2.43,1.93,0.61,0.41
1986,27,28.77,33.06,24.51,56.72,0.66,2.75,2.19,0.59,0.41
1986,28,28.55,32.8,25.39,68.56,1.02,5.04,4.06,0.45,0.41
1986,29,28.71,32.94,25.78,67.59,1.14,3.25,2.64,0.35,0.41
1986,30,29.33,33.57,25.47,62.05,1.24,4.34,3.45,0.3,0.41
1986,31,29.86,35.79,24.28,57.88,0.0,5.37,4.29,0.36,0.41
1986,32,30.37,35.01,27.34,58.18,0.0,4.44,3.56,0.28,0.4
1986,33,30.1,34.24,27.96,61.27,0.09,4.35,3.49,0.14,0.4
1986,34,29.44,32.2,27.44,61.19,0.08,1.86,1.51,0.25,0.4
1986,35,29.12,33.37,25.88,64.43,0.11,3.81,3.06,0.43,0.4
1986,36,28.59,33.31,25.34,65.74,0.78,4.39,3.51,0.14,0.4
1986,37,28.24,33.11,24.45,61.33,0.7,6.12,4.89,0.11,0.4
1986,38,27.85,33.03,23.04,66.35,0.21,6.15,4.93,0.26,0.4
1986,39,28.72,32.57,25.8,66.82,2.5,5.03,4.02,0.71,0.4
1986,40,28.59,31.89,26.1,66.5,2.26,4.72,3.76,0.3,0.4
1986,41,28.6,33.49,23.99,59.62,0.98,5.16,4.13,0.13,0.4
1986,42,29.18,34.44,24.55,62.12,2.96,5.02,4.01,0.6,0.4
1986,43,28.58,32.88,26.03,71.01,7.35,3.57,2.89,0.71,0.41
1986,44,27.59,31.86,23.98,71.52,4.73,6.06,4.8,0.97,0.42
1986,45,27.45,33.23,22.59,68.68,1.91,8.38,6.54,0.45,0.41
1986,46,28.23,33.6,24.2,66.24,1.23,9.61,7.38,0.48,0.41
1986,47,28.54,34.19,23.52,63.76,0.83,8.34,6.42,0.09,0.41
1986,48,29.28,35.67,24.12,63.29,0.62,4.61,3.53,0.35,0.41
1986,49,28.42,33.34,25.29,70.39,1.4,3.9,2.99,1.0,0.4
1986,50,28.24,31.88,25.16,69.28,1.83,5.03,3.78,1.0,0.41
1986,51,27.21,31.25,23.65,68.21,3.47,8.21,6.3,1.0,0.41
1986,52,25.74,29.2,23.12,77.73,12.17,12.11,9.23,0.99,0.42
1986,53,27.11,30.71,24.58,76.01,4.41,9.18,7.06,0.96,0.43
1986,54,27.14,31.81,23.84,76.85,0.56,6.15,4.83,0.48,0.43
1986,55,27.17,30.61,24.22,74.91,0.2,4.21,3.34,0.45,0.42
1986,56,26.0,29.92,23.49,74.04,1.49,3.21,2.54,0.54,0.42
1986,57,25.91,30.41,22.61,70.52,7.41,3.41,2.72,0.98,0.43
1986,58,25.32,28.45,23.11,77.91,12.76,3.89,3.16,1.0,0.44
1986,59,25.22,29.6,22.03,70.66,0.34,3.4,2.72,0.24,0.44
1986,60,25.32,30.15,21.07,69.49,0.5,3.92,3.13,0.31,0.44
1986,61,26.38,32.12,21.41,69.59,0.2,4.03,3.23,0.18,0.43
1986,62,27.67,33.01,23.91,75.47,0.61,3.72,3.01,0.42,0.43
1986,63,28.4,31.69,25.7,72.56,0.07,3.32,2.6,0.6,0.42
1986,64,28.9,35.2,23.05,62.65,0.0,4.42,3.49,0.08,0.42
1986,65,28.56,34.56,23.26,64.54,0.0,4.66,3.71,0.01,0.42
1986,66,29.83,35.73,24.43,61.69,0.0,3.18,2.46,0.19,0.41
1986,67,29.71,34.87,25.42,57.61,0.01,4.13,3.22,0.39,0.41
1986,68,28.35,33.6,24.09,58.86,0.0,4.55,3.63,0.27,0.41
1986,69,28.19,33.25,23.74,56.64,0.0,4.37,3.49,0.02,0.4
1986,70,29.57,35.33,25.63,60.46,0.42,4.08,3.23,0.25,0.4
1986,71,29.7,34.38,26.06,63.2,0.54,4.38,3.49,0.07,0.4
1986,72,29.8,33.89,26.67,61.27,0.01,4.81,3.87,0.21,0.4
1986,73,30.88,36.0,26.34,58.87,0.02,3.93,3.13,0.19,0.4
1986,74,31.47,37.47,26.2,55.68,0.03,5.19,3.96,0.26,0.4
1986,75,29.65,36.08,24.34,59.95,2.18,6.01,4.58,1.0,0.4
1986,76,27.23,30.33,25.03,76.98,43.84,6.15,4.79,1.0,0.43
1986,77,27.34,31.79,23.86,72.98,1.05,6.3,4.91,1.0,0.48
1986,78,27.19,31.4,23.89,75.83,4.94,5.01,3.94,0.94,0.47
1986,79,27.04,31.55,23.72,76.46,3.13,3.71,2.96,0.79,0.47
1986,80,27.32,32.19,23.57,72.84,2.16,3.94,3.15,0.14,0.46
1986,81,27.49,32.19,23.63,72.79,0.59,3.1,2.45,0.06,0.46
1986,82,27.8,32.37,25.18,74.08,0.01,2.78,2.25,0.97,0.45
1986,83,28.45,33.7,25.13,70.93,0.0,3.53,2.81,0.01,0.45
1986,84,27.97,32.51,25.25,73.89,0.01,3.53,2.79,0.26,0.44
1986,85,26.68,30.2,24.27,71.92,0.02,4.1,3.23,0.26,0.44
1986,86,26.65,31.1,23.24,71.43,1.34,6.45,5.13,0.82,0.44
1986,87,27.77,33.12,24.18,67.69,0.23,3.99,3.19,0.15,0.44
1986,88,27.54,32.51,24.31,72.82,1.87,3.68,2.91,0.0,0.43
1986,89,27.89,33.13,23.81,69.82,1.21,2.96,2.35,0.06,0.43
1986,90,27.23,32.19,23.31,65.53,0.18,4.04,3.21,0.03,0.43
1986,91,27.1,31.75,23.02,65.87,0.15,3.36,2.69,0.4,0.43
1986,92,27.69,32.54,23.35,62.7,0.0,4.19,3.35,0.52,0.42
1986,93,27.86,32.01,24.27,66.61,0.32,3.4,2.7,0.62,0.42
1986,94,28.34,32.6,24.6,63.4,0.17,3.58,2.81,0.05,0.42
1986,95,27.78,31.93,24.45,65.04,0.67,4.35,3.44,0.17,0.42
1986,96,26.43,28.69,24.48,66.45,0.41,3.14,2.51,0.83,0.42
1986,97,26.26,30.31,22.89,65.77,0.38,2.83,2.21,0.01,0.42
1986,98,26.81,31.38,23.47,66.52,0.07,3.38,2.64,0.06,0.41
1986,99,26.89,32.15,23.71,68.61,0.01,2.65,2.1,0.1,0.41
1986,100,26.45,31.79,22.47,70.49,0.02,3.19,2.57,0.15,0.41
1986,101,27.07,32.1,23.44,72.13,0.06,3.54,2.84,0.02,0.41
1986,102,26.88,31.94,23.4,73.1,0.01,4.78,3.82,0.01,0.41
1986,103,26.64,31.81,22.32,66.34,0.01,5.53,4.41,0.08,0.41
1986,104,26.42,31.81,22.17,65.63,0.07,4.79,3.87,0.03,0.4
1986,105,26.06,31.15,21.81,68.4,0.02,3.34,2.67,0.45,0.4
1986,106,26.43,31.09,22.83,72.23,0.0,3.62,2.89,0.64,0.4
1986,107,26.95,31.55,23.48,69.36,0.16,4.96,3.98,0.66,0.4
1986,108,27.72,32.9,23.11,63.78,0.04,5.79,4.62,0.34,0.4
1986,109,27.8,32.63,23.74,64.3,0.01,4.21,3.36,0.17,0.4
1986,110,27.32,32.04,24.03,67.31,0.08,3.25,2.61,0.73,0.4
1986,111,26.08,30.09,23.62,72.54,1.43,4.34,3.47,0.69,0.4
1986,112,24.21,27.02,20.51,70.05,0.25,8.09,6.36,0.69,0.4
1986,113,25.02,30.69,20.1,60.51,0.01,6.59,5.13,0.71,0.4
1986,114,26.04,31.07,21.34,60.05,0.0,3.85,3.08,0.58,0.4
1986,115,27.0,31.52,22.5,62.39,1.49,3.91,3.05,0.96,0.4
1986,116,25.79,29.79,22.97,63.36,0.41,5.75,4.5,0.89,0.4
1986,117,24.13,26.35,22.62,74.83,2.63,5.7,4.53,0.84,0.4
1986,118,24.01,26.85,21.3,71.09,2.74,5.46,4.33,0.46,0.4
1986,119,24.68,28.61,21.7,70.88,2.91,3.58,2.85,0.0,0.41
1986,120,25.4,29.86,22.43,73.68,4.16,3.81,3.03,0.3,0.41
1986,121,25.12,28.62,22.39,72.61,0.9,4.08,3.26,0.43,0.42
1986,122,24.53,29.37,20.99,71.23,0.0,6.48,5.15,0.05,0.41
1986,123,25.17,30.87,20.41,69.87,0.0,4.67,3.75,0.0,0.41
1986,124,24.94,29.62,21.77,74.76,0.01,3.28,2.58,0.05,0.41
1986,125,23.64,27.07,21.52,75.31,0.03,4.12,3.33,0.56,0.4
1986,126,22.25,24.7,20.8,65.44,4.56,5.24,4.16,0.67,0.41
1986,127,21.49,24.05,19.14,65.69,1.31,3.93,3.13,0.46,0.41
1986,128,21.35,26.01,17.09,62.15,0.0,3.92,3.11,0.31,0.41
1986,129,22.0,28.43,16.81,60.85,0.0,3.99,3.13,0.01,0.41
1986,130,22.97,28.71,17.98,67.27,0.0,4.15,3.3,0.0,0.4
1986,131,23.99,29.89,18.82,65.45,0.0,4.21,3.37,0.0,0.4
1986,132,24.1,29.95,19.97,63.93,0.0,4.0,3.14,0.01,0.4
1986,133,24.19,29.45,19.77,68.44,0.0,4.68,3.68,0.15,0.4
1986,134,24.13,30.36,19.19,59.76,0.0,4.21,3.33,0.01,0.4
1986,135,22.99,28.51,18.65,64.2,0.0,3.36,2.58,0.02,0.4
1986,136,23.21,27.46,20.34,65.89,0.0,2.89,2.3,0.48,0.4
1986,137,23.65,29.98,18.29,65.66,0.0,4.58,3.62,0.02,0.4
1986,138,24.27,30.43,19.56,67.59,0.02,6.23,4.92,0.06,0.39
1986,139,23.41,29.41,19.2,66.04,0.0,7.95,6.21,0.0,0.39
1986,140,23.45,30.23,17.52,60.05,0.0,6.11,4.76,0.01,0.39
1986,141,23.07,29.83,16.86,57.82,0.0,4.51,3.52,0.01,0.39
1986,142,23.71,30.26,18.21,60.99,0.0,4.38,3.44,0.01,0.39
1986,143,24.46,29.91,20.13,61.7,0.0,4.28,3.38,0.08,0.39
1986,144,24.59,29.51,20.79,64.96,0.0,3.16,2.5,0.31,0.39
1986,145,25.11,30.16,20.96,63.14,0.18,3.24,2.55,0.16,0.39
1986,146,24.89,30.2,20.34,60.27,0.06,4.33,3.44,0.61,0.39
1986,147,24.54,29.84,19.89,60.42,0.02,4.27,3.41,0.0,0.39
1986,148,25.42,31.08,20.5,59.1,0.0,3.53,2.79,0.14,0.39
1986,149,25.05,29.72,21.49,67.26,0.01,3.83,3.04,0.27,0.39
1986,150,24.45,28.88,21.32,74.66,0.02,2.96,2.34,0.0,0.39
1986,151,22.88,27.81,19.11,72.79,0.0,3.81,3.04,0.03,0.39
1986,152,22.06,26.77,18.15,72.12,0.01,4.36,3.47,0.15,0.39
1986,153,21.57,27.03,17.53,70.3,0.16,7.69,6.06,0.04,0.39
1986,154,22.43,28.95,17.48,63.53,0.06,8.24,6.46,0.0,0.39
1986,155,21.84,28.53,16.0,54.79,0.0,5.25,4.11,0.02,0.39
1986,156,22.36,28.39,16.95,64.91,0.78,5.03,3.99,0.31,0.39
1986,157,22.66,25.72,20.71,79.55,5.02,5.97,4.7,0.52,0.39
1986,158,20.06,23.35,16.79,67.08,2.39,8.16,6.44,0.88,0.4
1986,159,19.66,24.32,16.42,59.13,0.0,7.71,6.07,0.46,0.4
1986,160,20.42,25.82,15.67,59.73,0.0,5.96,4.71,0.05,0.4
1986,161,20.67,26.34,15.39,63.32,0.0,5.54,4.39,0.0,0.39
1986,162,21.57,27.53,16.31,61.02,0.0,5.29,4.15,0.02,0.39
1986,163,21.46,26.71,17.08,66.12,0.0,5.14,4.08,0.02,0.39
1986,164,20.99,26.21,16.59,62.71,0.0,4.61,3.66,0.03,0.39
1986,165,20.42,25.5,16.15,70.61,0.04,4.96,3.93,0.09,0.39
1986,166,20.82,24.39,17.65,70.44,2.19,6.19,4.86,0.83,0.39
1986,167,19.3,24.79,14.64,62.96,0.02,7.76,6.12,0.07,0.39
1986,168,20.43,27.38,14.69,62.35,0.01,5.89,4.61,0.04,0.39
1986,169,20.96,27.18,15.83,64.65,0.0,4.46,3.49,0.05,0.39
1986,170,21.33,27.14,16.9,60.82,0.0,4.41,3.45,0.01,0.39
1986,171,21.29,27.29,16.6,60.24,0.0,4.14,3.23,0.09,0.39
1986,172,21.04,26.2,16.81,67.89,0.0,3.54,2.78,0.05,0.39
1986,173,20.74,24.23,17.95,71.03,0.67,5.07,4.08,0.34,0.39
1986,174,19.11,23.41,15.94,65.72,0.06,6.16,4.91,0.67,0.39
1986,175,18.9,24.52,13.74,61.99,0.0,4.91,3.91,0.24,0.39
1986,176,19.51,25.48,14.61,63.91,0.0,4.27,3.38,0.06,0.39
1986,177,19.54,25.13,14.53,75.37,0.05,5.28,4.21,0.15,0.39
1986,178,19.42,23.74,16.07,72.97,0.13,5.66,4.49,0.64,0.39
1986,179,18.46,23.13,14.92,63.88,0.25,6.79,5.4,0.46,0.38
1986,180,18.52,24.72,13.37,61.74,0.0,6.93,5.5,0.03,0.38
1986,181,19.2,25.45,13.89,60.73,0.06,6.45,5.1,0.02,0.38
1986,182,19.47,25.88,14.04,63.41,0.38,6.49,5.12,0.02,0.38
1986,183,20.4,27.16,14.9,64.08,0.09,5.39,4.26,0.03,0.38
1986,184,20.37,25.81,14.83,59.59,0.02,3.73,2.99,0.17,0.38
1986,185,20.46,25.63,15.87,62.24,0.0,3.64,2.85,0.01,0.38
1986,186,20.11,24.03,16.31,71.6,0.49,3.12,2.38,0.36,0.38
1986,187,21.13,24.93,18.19,66.02,0.67,6.07,4.84,0.51,0.38
1986,188,20.37,25.55,16.19,63.55,0.01,6.92,5.5,0.15,0.38
1986,189,20.91,26.75,14.82,59.72,0.0,4.57,3.65,0.15,0.38
1986,190,21.75,27.44,16.96,62.98,0.0,3.89,3.08,0.32,0.38
1986,191,22.39,27.44,17.59,65.5,0.0,3.1,2.46,0.58,0.38
1986,192,23.17,28.17,18.59,57.1,0.0,2.99,2.36,0.08,0.38
1986,193,22.4,27.09,19.06,61.42,0.0,3.25,2.59,0.03,0.38
1986,194,20.51,25.03,17.57,71.27,0.0,5.29,4.21,0.28,0.38
1986,195,19.15,24.19,14.46,60.9,0.0,6.22,4.98,0.16,0.38
1986,196,19.83,26.23,14.15,59.35,0.0,4.73,3.76,0.19,0.38
1986,197,20.48,26.46,16.16,58.96,0.0,3.44,2.63,0.39,0.38
1986,198,20.86,27.49,15.25,59.46,0.01,4.39,3.45,0.03,0.38
1986,199,21.0,26.98,16.13,67.31,0.0,4.42,3.48,0.08,0.38
1986,200,20.91,24.94,17.34,71.29,0.09,6.2,4.9,0.4,0.38
1986,201,20.61,25.6,16.64,68.02,0.01,6.2,4.95,0.35,0.38
1986,202,20.26,26.72,14.82,65.31,0.01,7.02,5.57,0.12,0.38
1986,203,21.2,28.03,14.92,61.25,0.03,5.98,4.69,0.03,0.38
1986,204,21.11,27.03,15.5,58.17,0.0,4.81,3.81,0.03,0.38
1986,205,20.97,27.32,15.28,58.79,0.0,4.2,3.35,0.03,0.38
1986,206,21.14,27.02,16.16,61.83,0.0,4.04,3.21,0.04,0.38
1986,207,21.03,26.26,16.65,65.74,0.0,4.14,3.28,0.08,0.38
1986,208,20.5,24.77,17.44,71.62,0.03,5.85,4.66,0.55,0.38
1986,209,20.04,25.72,15.35,58.56,0.0,6.98,5.56,0.36,0.37
1986,210,19.73,25.95,14.17,60.14,0.0,7.01,5.58,0.03,0.37
1986,211,19.62,25.62,14.57,64.12,0.0,6.12,4.92,0.04,0.37
1986,212,19.55,25.07,14.29,68.35,0.0,6.17,4.94,0.13,0.37
1986,213,20.01,25.51,14.96,68.03,0.0,6.06,4.86,0.38,0.37
1986,214,19.83,25.51,14.87,70.58,0.0,4.96,4.02,0.06,0.37
1986,215,20.38,25.79,16.29,69.55,0.0,3.32,2.66,0.01,0.37
1986,216,21.87,27.7,16.56,64.09,0.0,4.6,3.65,0.06,0.37
1986,217,23.85,29.05,18.97,55.78,0.01,4.66,3.65,0.19,0.37
1986,218,24.49,29.71,19.83,56.06,0.06,4.33,3.39,0.48,0.37
1986,219,23.46,28.37,19.99,60.64,0.2,4.36,3.49,0.79,0.37
1986,220,22.12,25.94,19.08,68.99,0.03,4.17,3.34,0.08,0.37
1986,221,20.67,24.84,17.36,70.93,0.04,4.98,3.98,0.28,0.37
1986,222,20.44,26.1,15.96,66.12,0.12,6.48,5.16,0.18,0.37
1986,223,20.36,26.72,14.9,58.1,0.01,7.18,5.69,0.03,0.37
1986,224,20.63,27.84,14.24,56.62,0.0,7.33,5.76,0.02,0.37
1986,225,20.74,27.53,14.7,55.98,0.0,4.78,3.79,0.03,0.37
1986,226,21.17,27.52,15.72,53.15,0.0,5.25,4.16,0.03,0.37
1986,227,21.47,27.42,16.51,61.31,0.07,6.62,5.23,0.02,0.37
1986,228,21.5,27.68,15.71,60.11,0.01,5.08,4.01,0.13,0.37
1986,229,21.85,27.39,17.21,67.61,0.0,4.39,3.5,0.03,0.37
1986,230,22.54,28.09,17.88,63.88,0.62,3.55,2.76,0.03,0.37
1986,231,22.25,28.31,17.53,61.94,0.01,4.99,3.94,0.03,0.37
1986,232,21.24,26.45,16.74,74.29,0.03,4.43,3.55,0.16,0.37
1986,233,22.13,27.9,17.59,72.27,0.05,3.98,3.21,0.12,0.37
1986,234,22.78,29.27,18.53,72.27,0.09,3.61,2.86,0.12,0.37
1986,235,22.69,26.86,19.09,72.88,0.04,2.88,2.28,0.63,0.37
1986,236,23.05,28.7,19.21,70.5,0.0,3.18,2.49,0.05,0.37
1986,237,23.86,30.07,18.72,61.75,0.0,3.74,2.97,0.03,0.37
1986,238,24.63,32.15,19.18,59.83,0.0,3.44,2.69,0.03,0.37
1986,239,23.83,30.18,18.72,60.72,0.0,4.01,3.19,0.04,0.37
1986,240,23.3,29.67,18.03,60.95,0.0,3.76,2.97,0.17,0.37
1986,241,23.87,30.51,18.19,58.03,0.0,5.26,4.17,0.32,0.37
1986,242,23.53,29.93,18.41,59.91,0.0,3.84,3.09,0.04,0.37
1986,243,22.86,28.33,18.77,72.88,0.0,3.24,2.58,0.03,0.37
1986,244,21.75,26.7,17.83,72.82,0.0,4.08,3.3,0.65,0.37
1986,245,22.17,27.06,19.47,68.96,0.0,6.19,5.01,0.48,0.37
1986,246,21.5,26.58,17.5,63.97,0.01,7.66,6.13,0.38,0.37
1986,247,21.8,28.51,16.45,55.22,0.02,7.88,6.27,0.15,0.37
1986,248,21.18,26.78,15.94,59.27,0.0,4.65,3.75,0.03,0.37
1986,249,21.8,28.16,16.5,56.45,0.0,3.54,2.77,0.04,0.36
1986,250,21.62,28.32,16.32,66.41,0.0,3.2,2.53,0.04,0.36
1986,251,21.96,28.54,16.54,58.58,0.0,3.92,3.12,0.18,0.36
1986,252,22.53,29.37,16.54,60.55,0.06,7.18,5.7,0.08,0.36
1986,253,23.45,30.35,17.87,60.82,0.0,6.21,4.93,0.04,0.36
1986,254,23.81,30.21,18.02,54.37,0.0,4.4,3.49,0.08,0.36
1986,255,23.72,29.75,19.2,65.5,0.0,4.45,3.56,0.04,0.36
1986,256,23.91,29.13,19.12,67.04,0.0,3.91,3.09,0.06,0.36
1986,257,24.59,30.36,20.13,58.02,0.0,4.32,3.42,0.33,0.36
1986,258,23.28,28.82,19.2,67.05,0.0,3.67,2.94,0.03,0.36
1986,259,23.05,28.34,18.82,72.16,0.0,3.61,2.86,0.07,0.36
1986,260,23.2,28.71,19.04,69.14,0.0,4.86,3.89,0.25,0.36
1986,261,23.41,29.11,19.2,59.81,0.07,8.24,6.56,0.11,0.36
1986,262,23.68,30.69,17.09,48.66,0.0,7.73,6.11,0.04,0.36
1986,263,23.05,30.51,16.09,48.35,0.0,7.31,5.78,0.04,0.36
1986,264,22.72,29.81,16.43,51.78,0.0,6.17,4.93,0.04,0.36
1986,265,22.6,29.1,17.26,60.34,0.0,4.43,3.58,0.04,0.36
1986,266,23.08,29.33,18.18,65.18,0.0,3.18,2.55,0.07,0.36
1986,267,23.52,29.79,19.06,70.35,0.0,3.23,2.62,0.04,0.36
1986,268,24.11,30.4,20.19,73.28,0.0,3.36,2.72,0.04,0.36
1986,269,23.4,27.45,20.39,76.53,0.0,5.17,4.19,0.2,0.36
1986,270,22.5,26.85,18.52,66.83,0.0,8.26,6.61,0.9,0.36
1986,271,21.53,28.1,16.51,49.71,0.0,10.12,8.02,0.55,0.36
1986,272,21.4,27.59,16.36,51.52,0.01,9.99,7.91,0.48,0.36
1986,273,22.91,29.61,16.83,47.43,0.0,7.17,5.67,0.03,0.36
1986,274,22.95,29.73,16.86,53.94,0.0,5.12,4.12,0.52,0.36
1986,275,24.14,29.97,19.36,56.94,0.02,4.14,3.29,0.68,0.36
1986,276,23.17,28.65,18.62,60.27,0.01,6.13,4.95,0.21,0.36
1986,277,22.38,27.61,18.32,59.6,0.15,7.37,5.96,0.15,0.36
1986,278,23.3,29.61,17.57,58.36,0.0,6.13,4.99,0.73,0.36
1986,279,24.07,30.26,19.37,61.82,0.0,4.29,3.48,0.04,0.36
1986,280,24.61,31.08,19.48,66.22,0.0,5.48,4.37,0.34,0.36
1986,281,23.58,27.99,20.57,68.42,0.08,4.29,3.51,0.58,0.36
1986,282,22.07,26.66,18.73,59.65,0.03,5.79,4.75,0.08,0.36
1986,283,23.36,30.27,17.36,55.19,0.0,4.42,3.59,0.64,0.36
1986,284,24.87,30.55,21.28,61.35,0.01,3.31,2.66,1.0,0.36
1986,285,24.5,28.44,21.6,68.16,0.02,3.25,2.63,1.0,0.36
1986,286,25.8,31.67,22.43,64.59,5.44,3.49,2.76,0.53,0.36
1986,287,25.37,29.47,22.18,70.09,2.04,1.77,1.41,0.99,0.37
1986,288,25.44,30.18,21.96,65.15,0.08,3.37,2.71,0.98,0.37
1986,289,26.07,30.9,21.83,57.71,0.17,3.93,3.11,0.57,0.37
1986,290,26.3,31.45,21.27,60.43,1.18,6.67,5.35,0.06,0.37
1986,291,26.39,32.2,21.35,65.23,1.09,4.98,3.99,0.88,0.37
1986,292,27.57,33.04,23.25,64.52,2.11,2.37,1.9,0.32,0.37
1986,293,26.66,32.0,23.52,68.78,1.85,4.95,3.99,0.6,0.37
1986,294,26.9,32.42,24.2,66.98,4.12,3.38,2.69,0.22,0.37
1986,295,25.96,29.7,23.76,72.67,4.52,3.61,2.85,0.78,0.38
1986,296,25.66,29.26,23.25,74.53,6.29,1.49,1.15,0.43,0.39
1986,297,25.32,28.43,23.32,75.88,17.73,2.64,2.13,0.95,0.4
1986,298,23.83,26.32,22.29,80.54,14.81,4.79,3.93,0.99,0.43
1986,299,25.11,29.31,21.88,73.31,7.11,7.17,5.71,0.23,0.44
1986,300,25.25,29.81,21.3,71.73,1.5,5.1,4.14,0.25,0.44
1986,301,25.31,30.89,21.18,70.37,0.02,4.29,3.48,0.2,0.43
1986,302,23.94,29.34,20.04,67.5,0.32,6.57,5.32,0.79,0.43
1986,303,23.69,29.64,18.92,63.67,1.1,8.71,6.95,0.85,0.42
1986,304,24.95,30.03,19.47,62.45,0.05,6.06,4.78,0.01,0.42
1986,305,25.79,31.96,20.91,67.39,0.41,6.34,5.07,0.23,0.41
1986,306,25.44,28.94,22.61,71.61,3.14,5.02,3.99,0.51,0.42
1986,307,25.9,31.06,21.68,67.88,0.0,4.93,4.0,0.03,0.41
1986,308,26.11,31.38,21.71,63.06,0.0,4.05,3.25,0.09,0.41
1986,309,26.29,31.29,21.97,63.55,0.0,4.16,3.32,0.04,0.41
1986,310,26.92,33.04,20.3,61.33,0.13,5.86,4.66,0.08,0.4
1986,311,27.82,33.57,23.12,60.34,0.19,4.17,3.34,0.12,0.4
1986,312,27.67,32.88,23.71,67.12,0.25,5.06,4.04,0.25,0.4
1986,313,27.99,33.36,23.24,68.09,0.08,5.09,4.02,0.12,0.4
1986,314,25.97,29.09,22.32,75.63,2.81,6.12,4.92,0.92,0.4
1986,315,25.25,31.08,20.73,59.21,0.01,8.59,6.89,0.36,0.4
1986,316,24.61,30.5,19.29,60.48,0.57,8.21,6.58,0.25,0.4
1986,317,25.59,30.99,20.47,65.74,4.77,6.42,5.18,0.7,0.4
1986,318,25.34,30.06,21.48,72.83,4.12,3.94,3.23,0.24,0.4
1986,319,25.55,28.82,23.1,72.11,0.01,3.95,3.23,0.36,0.4
1986,320,25.86,31.37,21.31,60.01,0.0,7.5,6.0,0.25,0.4
1986,321,25.46,30.83,20.98,65.6,5.84,6.31,4.98,0.56,0.4
1986,322,25.93,31.73,21.88,66.93,4.73,4.56,3.63,0.54,0.41
1986,323,26.21,31.18,22.68,71.39,13.09,4.17,3.33,0.03,0.42
1986,324,25.72,29.99,22.43,74.17,14.32,3.46,2.79,0.04,0.44
1986,325,26.19,31.31,21.13,66.71,1.55,4.37,3.55,0.16,0.44
1986,326,26.72,32.03,22.35,70.49,0.25,3.95,3.21,0.01,0.43
1986,327,26.94,32.11,23.4,66.92,0.0,3.44,2.8,0.02,0.43
1986,328,27.67,32.95,23.0,65.91,0.54,3.59,2.93,0.25,0.42
1986,329,27.56,32.13,23.94,63.19,0.31,3.2,2.61,0.83,0.42
1986,330,27.32,31.53,24.02,62.46,2.0,3.19,2.6,1.0,0.42
1986,331,26.37,29.12,23.86,60.35,5.04,2.06,1.66,0.77,0.42
1986,332,27.47,32.41,23.37,60.61,2.06,3.68,2.92,0.29,0.42
1986,333,27.62,32.73,23.31,63.63,0.23,3.2,2.57,0.12,0.42
1986,334,27.85,32.27,23.9,63.75,0.87,3.91,3.18,0.0,0.42
1986,335,28.42,32.33,24.71,63.93,0.81,4.32,3.53,0.53,0.41
1986,336,29.32,34.16,24.65,62.26,0.04,4.1,3.33,0.02,0.41
1986,337,29.88,35.1,25.12,58.66,1.77,4.99,3.93,0.15,0.41
1986,338,29.16,35.1,24.56,62.22,3.68,4.92,3.93,0.08,0.41
1986,339,28.99,33.97,25.11,65.88,6.7,3.49,2.84,0.01,0.41
1986,340,28.03,31.41,25.0,72.6,8.16,3.15,2.59,0.0,0.43
1986,341,28.02,31.46,25.65,72.41,3.97,3.13,2.55,0.19,0.43
1986,342,28.44,33.08,24.33,65.8,1.18,4.15,3.33,0.1,0.43
1986,343,27.48,31.43,23.82,70.18,2.61,3.79,3.11,0.89,0.43
1986,344,27.53,30.74,25.01,71.45,5.61,3.31,2.7,1.0,0.43
1986,345,26.16,29.44,23.96,76.21,24.65,3.81,3.1,1.0,0.45
1986,346,25.46,28.14,23.37,78.76,13.45,4.03,3.25,1.0,0.47
1986,347,25.6,28.64,22.46,81.44,11.6,4.82,3.92,0.8,0.49
1986,348,24.84,29.14,21.1,70.29,0.32,6.97,5.6,0.51,0.49
1986,349,25.11,30.12,20.77,67.18,0.0,6.54,5.27,0.06,0.48
1986,350,26.89,32.53,21.54,65.75,0.03,4.97,3.97,0.01,0.47
1986,351,27.78,32.57,23.72,68.98,2.15,3.96,3.18,0.44,0.46
1986,352,27.92,32.73,24.39,71.4,2.5,4.32,3.47,0.15,0.46
1986,353,26.79,30.39,23.43,72.54,2.5,5.86,4.71,0.17,0.46
1986,354,24.96,29.44,21.93,69.97,0.85,7.95,6.34,0.59,0.46
1986,355,26.56,31.95,21.52,70.98,2.14,5.21,4.17,0.33,0.45
1986,356,26.84,30.82,24.44,73.68,5.18,4.82,3.83,0.92,0.46
1986,357,26.03,30.12,22.73,66.05,0.02,3.97,3.19,0.05,0.45
1986,358,26.06,30.77,21.22,68.78,0.0,4.1,3.3,0.11,0.45
1986,359,27.15,32.72,22.28,69.51,3.01,4.71,3.76,0.28,0.44
1986,360,27.28,31.37,23.8,76.06,4.28,3.57,2.86,0.01,0.45
1986,361,26.8,31.12,23.32,75.24,6.54,3.59,2.87,0.43,0.45
1986,362,26.63,30.07,24.08,73.53,2.38,3.42,2.8,0.73,0.45
1986,363,27.5,31.97,24.02,70.54,1.39,4.27,3.44,0.16,0.45
1986,364,28.02,33.25,23.68,66.74,0.63,4.25,3.42,0.23,0.45
1986,365,28.29,33.36,24.07,66.28,2.15,5.35,4.29,0.8,0.44
1987,1,27.57,31.31,25.06,77.48,11.26,2.88,2.37,0.8,0.45
1987,2,27.14,29.52,25.37,80.54,14.51,3.77,3.04,0.6,0.47
1987,3,26.54,29.23,25.18,81.97,10.25,2.59,2.11,0.84,0.49
1987,4,26.48,28.66,24.75,83.23,8.33,5.74,4.56,0.74,0.5
1987,5,26.17,29.4,23.78,76.94,0.27,6.53,5.22,0.59,0.49
1987,6,26.74,30.82,23.33,74.7,0.09,4.5,3.62,0.43,0.48
1987,7,26.8,31.56,22.73,68.91,0.01,6.02,4.84,0.07,0.47
1987,8,26.37,31.35,21.97,65.21,0.0,6.86,5.47,0.05,0.47
1987,9,26.04,31.84,20.42,64.46,0.14,7.1,5.64,0.03,0.46
1987,10,26.73,31.81,21.43,65.52,0.02,5.93,4.68,0.03,0.46
1987,11,28.04,33.2,23.14,65.02,0.05,3.78,3.0,0.01,0.45
1987,12,28.11,33.58,24.62,69.27,0.37,5.23,4.1,0.02,0.44
1987,13,28.15,32.65,25.17,67.95,0.4,3.49,2.81,0.11,0.44
1987,14,27.86,32.77,24.41,73.25,0.23,4.96,3.98,0.12,0.44
1987,15,28.97,33.61,24.66,68.86,0.31,2.95,2.36,0.31,0.43
1987,16,28.94,32.42,26.18,71.19,1.38,2.31,1.81,0.07,0.43
1987,17,28.4,31.33,25.95,72.51,1.7,2.63,2.05,0.54,0.43
1987,18,27.32,31.04,24.92,69.2,1.18,3.25,2.63,0.61,0.43
1987,19,26.12,29.71,24.21,70.83,2.81,2.56,2.08,0.22,0.43
1987,20,26.85,30.44,23.94,72.41,3.53,3.81,3.08,0.34,0.44
1987,21,27.97,32.5,24.1,74.11,4.58,3.83,3.09,0.32,0.44
1987,22,27.33,29.99,25.3,80.86,2.47,3.63,2.88,0.3,0.44
1987,23,28.28,32.65,24.87,73.42,2.26,2.6,2.09,0.18,0.44
1987,24,27.75,31.32,25.1,75.37,11.43,4.18,3.29,0.8,0.45
1987,25,25.82,27.85,23.74,86.43,67.67,10.08,7.71,1.0,0.52
1987,26,25.63,27.48,23.93,87.59,43.0,4.8,3.8,1.0,0.61
1987,27,25.61,29.11,22.91,81.61,30.8,5.58,4.46,0.94,0.64
1987,28,26.08,29.61,22.66,83.46,37.66,5.67,4.48,0.84,0.68
1987,29,26.7,30.08,24.25,81.52,6.91,4.15,3.31,0.77,0.68
1987,30,26.36,29.63,23.76,80.18,0.24,4.1,3.28,0.87,0.66
1987,31,26.55,29.7,24.14,79.42,0.14,2.7,2.2,0.1,0.64
1987,32,27.26,30.38,24.71,81.58,0.42,2.5,2.02,0.37,0.63
1987,33,28.05,31.19,25.26,79.36,0.28,2.28,1.78,0.36,0.61
1987,34,28.24,32.34,24.84,75.48,0.0,3.14,2.47,0.12,0.6
1987,35,28.41,32.64,24.83,72.73,0.0,3.25,2.56,0.0,0.59
1987,36,28.51,32.51,24.82,70.02,0.03,3.06,2.4,0.04,0.58
1987,37,28.12,32.31,23.81,72.18,0.0,4.42,3.51,0.06,0.57
1987,38,27.82,32.48,23.64,74.03,1.49,5.4,4.29,0.18,0.56
1987,39,27.96,31.88,24.71,76.66,3.25,4.97,3.93,0.55,0.55
1987,40,27.33,30.33,24.69,76.52,2.46,4.58,3.62,0.37,0.55
1987,41,27.5,31.48,23.72,75.32,7.82,4.38,3.48,0.73,0.55
1987,42,27.67,31.38,24.45,74.97,0.79,4.82,3.83,0.2,0.55
1987,43,27.75,32.02,24.28,74.28,0.93,6.3,5.01,0.29,0.54
1987,44,27.67,31.4,24.36,74.46,0.41,4.92,3.93,0.91,0.54
1987,45,27.54,30.89,25.04,78.96,1.2,3.6,2.89,0.91,0.53
1987,46,28.33,32.22,24.85,71.39,0.04,3.65,2.91,0.24,0.53
1987,47,27.6,32.52,23.44,74.19,0.47,6.4,5.08,0.01,0.52
1987,48,27.06,30.3,24.39,78.77,1.0,6.21,4.93,0.49,0.51
1987,49,26.49,29.71,24.15,75.19,1.83,5.93,4.71,0.49,0.51
1987,50,26.65,30.82,23.37,67.69,0.05,5.07,4.04,0.3,0.51
1987,51,26.93,32.58,21.47,67.24,0.01,4.44,3.56,0.05,0.5
1987,52,27.59,32.39,22.69,69.1,0.11,4.08,3.27,0.02,0.49
1987,53,28.34,33.84,23.14,65.38,0.06,3.92,3.1,0.01,0.48
1987,54,28.06,33.53,22.9,63.1,0.05,3.71,2.94,0.23,0.48
1987,55,28.75,33.43,24.85,67.33,0.33,3.04,2.41,0.42,0.47
1987,56,28.15,33.34,23.03,68.17,0.33,2.9,2.33,0.01,0.47
1987,57,29.17,34.1,24.19,63.79,0.0,3.45,2.76,0.01,0.46
1987,58,28.45,33.35,23.72,63.24,0.32,3.67,2.95,0.02,0.46
1987,59,28.13,32.52,24.2,66.77,0.9,3.55,2.84,0.1,0.46
1987,60,28.09,32.15,24.85,68.83,0.62,2.82,2.29,0.01,0.45
1987,61,28.42,33.34,25.04,69.19,0.86,3.36,2.7,0.22,0.45
1987,62,27.87,31.26,25.5,76.16,0.38,2.3,1.84,0.15,0.45
1987,63,27.09,29.72,25.06,76.38,0.59,2.33,1.86,0.81,0.45
1987,64,27.98,33.01,24.21,68.15,0.47,3.53,2.82,0.03,0.45
1987,65,27.78,32.35,24.05,69.74,0.41,3.81,3.04,0.0,0.44
1987,66,27.76,31.44,24.85,71.04,0.2,3.33,2.72,0.11,0.44
1987,67,27.53,31.36,24.04,69.86,0.17,3.51,2.83,0.2,0.44
1987,68,27.84,32.38,24.29,70.04,0.27,3.77,3.05,0.18,0.43
1987,69,27.68,31.82,24.73,71.98,0.28,3.37,2.71,0.15,0.43
1987,70,26.84,30.7,24.05,73.2,0.05,4.06,3.24,0.28,0.43
1987,71,25.88,30.12,22.43,69.29,0.03,4.0,3.21,0.05,0.43
1987,72,25.66,30.47,21.09,67.93,0.01,3.92,3.15,0.23,0.42
1987,73,26.47,31.66,21.78,64.39,0.01,3.94,3.16,0.17,0.42
1987,74,27.5,33.09,22.64,68.21,0.2,4.64,3.7,0.02,0.42
1987,75,28.4,32.73,23.9,67.86,0.22,4.76,3.78,0.14,0.42
1987,76,29.34,34.52,25.61,64.3,0.04,4.16,3.31,0.02,0.41
1987,77,29.17,33.43,26.02,69.33,0.92,3.82,3.04,0.0,0.41
1987,78,29.5,35.28,25.56,63.44,0.01,3.65,2.9,0.0,0.41
1987,79,28.86,33.92,25.11,66.06,0.42,3.75,2.99,0.57,0.41
1987,80,28.18,31.97,25.77,72.79,0.04,3.85,3.1,0.27,0.41
1987,81,28.39,32.25,25.52,69.28,2.78,3.74,3.01,0.27,0.41
1987,82,28.73,33.5,25.44,70.0,5.37,3.43,2.74,0.06,0.41
1987,83,28.33,32.3,25.71,72.69,3.36,2.64,2.09,0.11,0.42
1987,84,26.9,29.84,25.05,80.15,9.09,4.66,3.67,0.59,0.42
1987,85,27.13,31.92,23.32,71.11,4.89,5.93,4.69,0.78,0.44
1987,86,26.18,32.03,21.47,58.24,1.7,7.78,6.09,0.29,0.43
1987,87,26.24,33.19,19.61,56.57,0.01,4.45,3.49,0.48,0.43
1987,88,26.59,31.9,22.42,63.16,0.24,4.03,3.21,0.99,0.42
1987,89,27.48,32.13,23.98,64.84,0.14,3.21,2.55,1.0,0.42
1987,90,28.03,32.88,24.08,62.66,0.09,3.6,2.87,1.0,0.42
1987,91,27.65,32.3,25.28,69.22,16.95,3.45,2.72,1.0,0.43
1987,92,27.02,30.62,24.24,75.31,12.01,3.59,2.84,0.38,0.46
1987,93,27.23,32.53,23.13,69.71,0.08,6.26,4.95,0.26,0.45
1987,94,27.15,32.85,22.27,67.3,0.08,6.43,5.07,0.0,0.45
1987,95,27.0,32.9,22.24,64.24,0.0,5.79,4.55,0.0,0.44
1987,96,27.26,33.44,21.25,59.62,0.0,3.82,3.03,0.04,0.44
1987,97,26.79,32.22,22.03,65.47,0.0,3.8,3.03,0.05,0.43
1987,98,27.05,32.29,22.91,69.08,0.0,3.9,3.12,0.03,0.43
1987,99,28.03,33.52,23.22,65.99,0.0,5.4,4.25,0.16,0.42
1987,100,28.1,33.4,23.3,62.84,0.0,4.06,3.22,0.01,0.42
1987,101,28.03,32.89,23.63,60.45,0.0,4.54,3.58,0.05,0.42
1987,102,27.95,33.34,23.07,60.41,0.0,4.59,3.61,0.13,0.41
1987,103,28.18,33.84,23.21,62.0,0.0,4.27,3.37,0.01,0.41
1987,104,29.18,34.61,24.43,62.85,0.05,3.63,2.89,0.01,0.41
1987,105,29.24,34.6,24.96,64.87,0.0,3.48,2.77,0.01,0.41
1987,106,28.11,31.72,25.36,70.75,0.19,4.5,3.55,0.05,0.41
1987,107,25.79,30.47,22.34,71.77,0.91,8.39,6.61,0.98,0.41
1987,108,24.48,28.85,21.0,66.1,0.08,8.5,6.69,0.36,0.41
1987,109,24.68,29.62,20.65,68.74,0.23,8.44,6.6,0.07,0.4
1987,110,24.97,29.51,21.99,72.82,0.83,7.74,6.1,0.76,0.4
1987,111,24.14,27.07,22.44,81.96,9.05,3.64,2.94,0.97,0.41
1987,112,24.24,27.73,22.02,79.82,4.35,4.11,3.28,0.87,0.42
1987,113,24.87,28.76,22.01,78.81,3.8,4.45,3.53,0.53,0.43
1987,114,25.28,29.34,22.51,77.47,0.8,3.5,2.74,0.3,0.43
1987,115,25.22,29.45,22.67,75.8,0.5,3.32,2.67,0.13,0.42
1987,116,25.75,30.96,21.66,69.81,0.06,6.12,4.82,0.05,0.42
1987,117,26.08,31.64,21.36,66.99,0.0,4.44,3.52,0.01,0.42
1987,118,25.38,29.43,22.79,73.7,0.54,2.97,2.33,0.23,0.41
1987,119,25.38,29.46,22.49,72.22,1.87,2.04,1.61,0.1,0.42
1987,120,25.23,29.66,21.84,70.56,0.33,5.44,4.31,0.1,0.42
1987,121,24.2,29.71,19.97,65.31,0.0,6.65,5.26,0.02,0.41
1987,122,24.92,31.09,19.25,62.06,0.16,5.76,4.51,0.01,0.41
1987,123,25.28,31.38,19.52,59.48,0.0,4.81,3.73,0.01,0.41
1987,124,25.28,31.26,19.04,57.68,0.0,4.07,3.23,0.01,0.41
1987,125,25.29,30.73,21.25,65.59,0.0,4.75,3.73,0.18,0.4
1987,126,25.55,30.98,21.39,68.7,0.0,3.48,2.76,0.09,0.4
1987,127,25.81,30.62,22.02,71.97,0.0,3.13,2.53,0.01,0.4
1987,128,26.47,32.26,21.58,66.22,0.0,5.46,4.34,0.01,0.4
1987,129,25.95,31.04,21.72,66.33,0.0,6.44,5.12,0.16,0.4
1987,130,26.82,32.4,21.85,62.38,0.0,4.16,3.28,0.04,0.4
1987,131,26.1,31.27,21.06,62.9,0.1,4.12,3.31,0.01,0.4
1987,132,26.01,30.85,22.36,67.79,0.03,2.86,2.23,0.01,0.4
1987,133,25.29,29.94,22.23,72.0,0.0,2.87,2.32,0.02,0.4
1987,134,25.16,30.6,21.21,72.34,0.0,3.21,2.55,0.03,0.4
1987,135,25.71,31.21,21.36,70.89,0.0,3.07,2.44,0.01,0.4
1987,136,26.04,31.91,21.78,62.87,0.0,3.31,2.6,0.08,0.4
1987,137,25.75,31.37,21.78,67.68,0.0,2.33,1.81,0.02,0.39
1987,138,25.06,30.82,20.86,64.92,0.0,2.91,2.24,0.05,0.39
1987,139,25.66,31.96,20.83,60.02,0.0,3.95,3.06,0.02,0.39
1987,140,25.77,32.59,20.34,52.72,0.0,5.05,3.95,0.31,0.39
1987,141,25.1,31.52,19.81,59.98,0.0,5.94,4.66,0.03,0.39
1987,142,23.27,28.48,19.8,68.87,0.01,8.78,6.89,0.84,0.39
1987,143,20.81,25.5,17.16,57.13,0.01,9.64,7.54,0.46,0.39
1987,144,20.05,26.18,14.72,58.22,0.0,8.06,6.36,0.15,0.39
1987,145,21.5,28.92,15.06,58.13,0.0,6.38,4.99,0.02,0.39
1987,146,22.34,28.88,16.7,59.62,0.0,4.23,3.31,0.02,0.39
1987,147,23.03,28.74,18.17,60.07,0.0,4.67,3.65,0.02,0.39
1987,148,22.17,27.41,18.54,68.37,0.0,6.64,5.26,0.27,0.39
1987,149,21.14,26.33,16.72,71.93,0.02,5.6,4.46,0.47,0.39
1987,150,21.15,25.56,17.69,67.52,0.19,6.56,5.17,0.78,0.39
1987,151,19.65,24.16,15.38,62.57,0.0,5.43,4.31,0.63,0.39
1987,152,19.6,23.66,15.65,63.26,0.0,6.29,4.97,1.0,0.39
1987,153,21.31,27.34,16.72,67.97,0.0,4.31,3.38,0.53,0.39
1987,154,22.14,26.11,18.66,72.95,0.08,2.51,1.97,0.13,0.39
1987,155,21.47,25.35,18.72,77.15,0.29,3.1,2.48,0.21,0.39
1987,156,21.26,26.44,17.01,69.91,0.0,2.58,2.02,0.1,0.39
1987,157,22.33,28.15,17.35,70.28,0.01,4.71,3.63,0.03,0.39
1987,158,21.75,25.26,18.31,69.19,0.41,6.06,4.8,0.32,0.39
1987,159,20.69,25.74,17.11,62.26,0.04,6.8,5.36,0.43,0.39
1987,160,19.97,26.7,14.29,61.97,0.0,6.92,5.44,0.01,0.39
1987,161,20.07,25.56,15.03,64.61,0.0,4.66,3.68,0.26,0.39
1987,162,21.64,26.36,17.59,66.33,0.0,3.3,2.68,0.47,0.38
1987,163,21.25,26.92,16.63,65.36,0.0,6.65,5.24,0.07,0.38
1987,164,20.14,25.03,16.83,68.08,0.13,7.93,6.26,0.28,0.38
1987,165,20.56,27.23,14.94,61.2,0.0,4.84,3.82,0.01,0.38
1987,166,21.36,27.35,16.61,63.82,0.0,3.75,2.95,0.03,0.38
1987,167,21.36,27.12,16.79,68.26,0.0,3.44,2.69,0.01,0.38
1987,168,21.84,27.5,17.16,63.72,0.0,3.04,2.34,0.06,0.38
1987,169,22.3,26.68,18.17,75.23,0.63,4.3,3.36,0.38,0.38
1987,170,20.27,22.61,16.19,76.86,4.88,7.48,5.85,0.88,0.39
1987,171,16.94,20.28,13.76,68.38,2.8,8.58,6.76,0.72,0.4
1987,172,16.91,21.9,12.61,65.24,0.0,8.34,6.57,0.85,0.4
1987,173,18.5,24.41,13.71,63.63,0.1,7.45,5.84,0.0,0.39
1987,174,18.59,24.57,13.46,64.23,0.0,5.19,4.09,0.01,0.39
1987,175,19.44,25.7,14.07,61.7,0.0,4.3,3.34,0.0,0.39
1987,176,20.88,26.95,16.56,65.07,0.0,3.97,3.07,0.01,0.39
1987,177,20.91,26.43,16.48,68.75,0.0,3.38,2.63,0.01,0.39
1987,178,21.41,26.79,17.18,71.85,0.0,4.49,3.47,0.58,0.39
1987,179,20.57,23.41,18.47,77.84,0.63,3.85,2.99,0.54,0.39
1987,180,20.04,22.71,18.53,76.36,0.57,4.44,3.52,0.63,0.39
1987,181,20.28,24.04,17.35,70.77,1.31,4.05,3.26,0.68,0.39
1987,182,20.67,26.73,15.55,66.5,0.04,3.96,3.1,0.0,0.39
1987,183,21.71,26.28,18.23,67.63,0.54,3.69,2.88,0.01,0.39
1987,184,21.15,26.04,17.78,75.14,0.15,2.81,2.2,0.04,0.39
1987,185,20.82,25.32,17.55,77.92,0.25,3.01,2.34,0.05,0.39
1987,186,20.74,25.31,17.55,74.27,0.17,3.65,2.9,0.03,0.39
1987,187,19.84,25.46,15.36,69.72,0.01,3.64,2.87,0.24,0.39
1987,188,19.34,23.49,15.62,75.65,0.99,4.05,3.23,0.33,0.39
1987,189,19.86,22.5,17.75,73.01,4.95,5.79,4.58,0.48,0.39
1987,190,20.08,23.33,17.41,74.51,2.4,5.43,4.28,0.49,0.4
1987,191,19.62,23.65,16.97,73.09,0.63,2.92,2.32,0.27,0.4
1987,192,19.19,23.49,15.08,68.79,0.01,3.63,2.86,0.58,0.4
1987,193,19.74,25.41,15.07,65.28,0.0,5.03,4.0,0.07,0.39
1987,194,20.31,25.27,16.25,68.79,0.0,3.63,2.96,0.02,0.39
1987,195,21.11,25.96,17.52,73.13,0.81,5.46,4.32,0.41,0.39
1987,196,20.56,24.92,17.18,70.58,0.0,7.32,5.79,0.26,0.39
1987,197,20.05,25.9,15.49,61.49,0.0,7.76,6.11,0.09,0.39
1987,198,20.69,25.76,16.02,61.77,0.15,4.55,3.6,0.31,0.39
1987,199,21.88,27.12,16.79,64.95,0.2,4.6,3.62,0.36,0.39
1987,200,22.53,28.19,17.97,63.26,0.02,3.93,3.1,0.3,0.39
1987,201,22.56,28.18,18.14,70.46,0.01,4.43,3.5,0.02,0.39
1987,202,23.39,29.09,19.08,69.8,0.0,3.32,2.61,0.01,0.39
1987,203,22.64,26.48,19.55,71.94,0.18,3.61,2.85,0.61,0.39
1987,204,21.98,26.48,19.44,75.06,0.03,4.62,3.67,0.55,0.39
1987,205,21.62,27.02,17.93,73.09,0.0,4.0,3.16,0.06,0.39
1987,206,21.45,26.23,17.99,75.15,0.02,3.42,2.74,0.07,0.38
1987,207,22.45,26.98,19.25,74.34,0.09,2.47,1.97,0.17,0.38
1987,208,22.7,27.95,18.49,73.78,0.0,2.98,2.34,0.02,0.38
1987,209,23.73,29.4,19.66,68.22,0.0,3.07,2.35,0.06,0.38
1987,210,22.56,26.75,19.46,67.28,0.0,3.47,2.78,0.13,0.38
1987,211,20.99,25.41,17.39,77.0,5.61,6.74,5.33,0.03,0.39
1987,212,21.95,27.96,17.17,67.96,0.04,6.42,5.08,0.02,0.39
1987,213,22.06,27.73,17.36,63.3,0.04,4.75,3.73,0.03,0.39
1987,214,21.03,26.5,16.51,65.41,0.0,3.58,2.82,0.06,0.39
1987,215,21.14,27.0,16.79,62.45,0.0,2.7,2.09,0.03,0.39
1987,216,21.39,26.57,16.74,71.81,0.0,3.0,2.38,0.07,0.39
1987,217,21.08,25.35,18.27,76.45,0.73,5.27,4.19,0.74,0.38
1987,218,19.72,22.89,16.9,64.62,0.24,7.34,5.85,0.94,0.39
1987,219,19.2,24.49,15.19,60.19,0.01,8.62,6.83,0.23,0.38
1987,220,20.03,27.31,14.16,56.42,0.0,8.03,6.29,0.03,0.38
1987,221,20.24,28.25,13.27,57.79,0.01,5.93,4.64,0.03,0.38
1987,222,20.98,27.78,14.71,58.47,0.01,5.19,4.1,0.03,0.38
1987,223,21.86,28.03,16.68,57.54,0.01,4.37,3.48,0.03,0.38
1987,224,22.02,28.74,16.06,61.64,0.01,4.46,3.5,0.03,0.38
1987,225,22.89,28.4,18.13,60.81,0.0,4.97,3.94,0.21,0.38
1987,226,22.28,27.9,17.98,61.69,0.01,7.2,5.7,0.04,0.38
1987,227,21.98,27.66,16.86,65.09,0.04,6.08,4.86,0.03,0.38
1987,228,23.7,29.5,18.61,57.45,0.0,4.71,3.73,0.03,0.38
1987,229,23.34,29.07,19.25,61.14,0.0,4.61,3.67,0.03,0.38
1987,230,22.84,28.39,18.92,70.46,0.02,3.42,2.72,0.07,0.38
1987,231,22.82,28.47,18.68,70.38,0.0,5.48,4.38,0.04,0.38
1987,232,24.09,29.84,19.08,62.49,0.0,6.35,4.99,0.06,0.38
1987,233,23.45,30.22,17.9,61.05,0.0,4.44,3.49,0.03,0.38
1987,234,23.75,30.61,18.66,55.58,0.0,4.32,3.39,0.03,0.38
1987,235,23.36,29.55,18.51,56.66,0.0,3.82,3.04,0.03,0.37
1987,236,24.22,30.19,18.81,56.76,0.0,3.57,2.78,0.46,0.37
1987,237,24.14,29.95,19.3,54.42,0.0,5.66,4.47,0.27,0.37
1987,238,23.19,29.46,17.93,64.07,0.0,4.37,3.53,0.08,0.37
1987,239,24.38,30.47,19.29,59.5,0.0,4.47,3.6,0.03,0.37
1987,240,24.25,28.97,20.47,68.91,0.0,3.22,2.59,0.03,0.37
1987,241,23.42,28.75,19.33,70.63,0.02,5.54,4.43,0.24,0.37
1987,242,23.22,29.28,18.71,70.4,0.0,4.25,3.43,0.03,0.37
1987,243,23.52,28.66,19.77,71.75,0.0,2.93,2.44,0.23,0.37
1987,244,24.57,30.95,19.55,65.69,0.0,4.06,3.23,0.03,0.37
1987,245,25.5,31.38,20.78,51.0,0.0,4.14,3.21,0.03,0.37
1987,246,24.12,30.45,19.2,55.68,0.0,3.98,3.15,0.03,0.37
1987,247,23.99,30.25,19.14,53.93,0.0,3.62,2.9,0.28,0.37
1987,248,23.49,28.86,18.88,62.24,0.0,6.03,4.81,0.23,0.37
1987,249,24.44,30.69,19.42,65.02,0.05,7.96,6.33,0.08,0.37
1987,250,26.0,32.06,20.33,56.6,0.01,6.19,4.86,0.06,0.37
1987,251,25.23,31.33,20.58,59.6,0.04,4.94,3.94,0.25,0.37
1987,252,25.91,31.42,21.85,60.01,0.47,4.05,3.23,0.11,0.37
1987,253,24.82,29.66,21.43,68.44,0.0,5.7,4.63,0.17,0.37
1987,254,24.79,30.24,19.82,64.78,0.0,7.0,5.62,0.06,0.37
1987,255,26.06,32.4,20.41,58.65,0.0,5.57,4.43,0.04,0.37
1987,256,25.82,32.36,21.74,61.5,0.0,5.35,4.25,0.03,0.37
1987,257,26.25,31.63,21.04,58.64,0.0,4.19,3.3,0.03,0.37
1987,258,26.7,33.1,20.85,45.44,0.0,5.77,4.52,0.07,0.37
1987,259,25.01,30.24,20.59,61.75,0.0,4.58,3.69,0.0,0.37
1987,260,24.03,29.35,19.4,65.17,0.0,7.24,5.78,0.21,0.37
1987,261,23.38,28.01,19.79,65.11,0.37,10.97,8.65,0.56,0.37
1987,262,24.75,30.71,18.94,61.51,1.14,6.24,4.87,0.64,0.37
1987,263,24.99,29.22,22.25,68.56,11.66,5.45,4.37,0.68,0.38
1987,264,24.38,28.88,21.41,73.87,0.07,3.43,2.78,0.34,0.39
1987,265,24.16,30.03,19.06,66.92,0.19,8.03,6.39,0.1,0.38
1987,266,23.11,30.15,17.38,53.93,0.0,7.32,5.8,0.0,0.38
1987,267,22.8,29.28,17.47,59.83,0.0,6.0,4.88,0.06,0.38
1987,268,23.62,30.95,17.43,61.9,0.0,4.98,4.04,0.13,0.38
1987,269,24.95,31.36,20.08,63.9,0.0,2.72,2.15,0.05,0.38
1987,270,26.17,32.91,20.96,63.07,0.0,3.26,2.57,0.19,0.37
1987,271,27.08,32.33,22.06,54.04,0.02,4.46,3.47,0.28,0.37
1987,272,25.47,30.09,22.76,62.04,0.18,5.92,4.72,0.68,0.37
1987,273,25.83,30.07,22.54,63.41,0.12,5.53,4.46,0.63,0.37
1987,274,26.25,30.74,23.22,67.34,0.08,4.29,3.42,0.31,0.37
1987,275,26.28,32.08,22.73,68.26,0.54,5.07,4.01,0.82,0.37
1987,276,22.1,25.4,17.53,66.76,3.83,10.45,8.29,0.99,0.38
1987,277,20.71,26.72,15.75,53.26,0.02,10.01,7.97,0.34,0.38
1987,278,22.41,29.17,15.76,54.23,0.0,7.44,5.98,0.04,0.38
1987,279,23.93,28.91,19.18,57.11,0.16,5.3,4.28,0.03,0.37
1987,280,24.16,29.17,19.06,58.46,0.07,4.59,3.73,0.03,0.37
1987,281,25.24,30.88,19.31,58.81,0.0,5.37,4.33,0.12,0.37
1987,282,25.89,32.29,21.76,63.23,0.06,5.07,4.06,0.03,0.37
1987,283,26.22,32.64,22.63,64.84,0.31,4.83,3.83,0.06,0.37
1987,284,26.67,31.78,23.28,63.64,0.44,3.3,2.65,0.41,0.37
1987,285,27.17,32.8,23.19,61.22,0.47,3.43,2.76,0.03,0.37
1987,286,26.87,31.34,23.49,61.95,1.12,4.48,3.62,0.05,0.37
1987,287,25.69,31.26,21.6,66.68,0.0,4.72,3.86,0.61,0.37
1987,288,25.18,30.19,21.31,66.49,0.0,4.85,3.94,0.48,0.37
1987,289,23.77,27.66,20.26,67.59,3.79,7.17,5.81,0.69,0.38
1987,290,22.1,26.77,18.64,66.45,0.25,6.97,5.67,0.25,0.38
1987,291,22.23,26.16,19.08,69.91,2.7,4.19,3.45,0.45,0.38
1987,292,23.01,26.82,20.05,65.12,1.05,4.22,3.46,0.1,0.38
1987,293,22.99,26.87,19.25,69.88,0.03,6.11,4.98,0.25,0.38
1987,294,23.48,28.44,19.39,69.21,0.04,6.62,5.38,0.15,0.38
1987,295,24.73,30.58,19.39,63.64,0.0,7.08,5.73,0.78,0.37
1987,296,25.56,30.95,20.82,62.41,0.4,6.93,5.56,0.89,0.37
1987,297,25.9,32.0,21.54,65.98,0.16,4.68,3.77,0.83,0.37
1987,298,26.98,33.33,23.65,67.53,1.24,4.36,3.46,0.52,0.37
1987,299,26.51,31.5,23.24,66.87,0.76,5.47,4.4,0.16,0.37
1987,300,25.7,30.48,22.65,73.39,0.09,3.99,3.26,0.06,0.37
1987,301,25.37,30.2,21.93,68.58,0.03,4.72,3.84,0.22,0.37
1987,302,25.24,31.38,20.53,58.06,0.0,8.14,6.53,0.03,0.37
1987,303,24.51,31.32,17.96,55.08,0.0,8.2,6.57,0.03,0.37
1987,304,26.33,33.34,19.19,56.3,0.0,6.05,4.8,0.04,0.37
1987,305,27.18,33.28,23.19,61.16,0.0,4.69,3.73,0.0,0.37
1987,306,27.13,32.65,22.94,64.97,0.01,4.3,3.46,0.06,0.37
1987,307,27.37,32.96,23.37,67.73,0.29,3.5,2.85,0.39,0.37
1987,308,28.16,34.26,23.99,65.36,0.01,3.73,3.02,0.1,0.37
1987,309,28.83,35.71,24.4,58.31,0.07,4.38,3.46,0.08,0.37
1987,310,27.7,33.2,22.8,60.62,0.0,5.51,4.43,0.15,0.37
1987,311,29.34,35.19,22.9,56.66,0.1,6.3,4.99,0.27,0.37
1987,312,29.83,35.24,24.52,50.44,0.38,5.67,4.44,0.63,0.37
1987,313,28.89,34.22,24.38,49.25,1.84,6.89,5.35,0.27,0.37
1987,314,27.03,33.14,23.08,62.4,4.29,5.43,4.34,0.42,0.37
1987,315,27.03,31.79,23.63,66.47,2.08,4.22,3.4,0.56,0.38
1987,316,25.52,30.39,21.19,66.8,0.16,8.86,7.08,0.7,0.38
1987,317,23.92,29.9,19.71,59.33,0.05,9.37,7.47,0.43,0.37
1987,318,25.54,31.9,18.92,54.95,0.09,7.95,6.32,0.28,0.37
1987,319,25.75,31.52,21.51,59.36,1.13,4.88,3.94,0.53,0.37
1987,320,26.61,32.35,23.4,69.3,1.55,4.91,3.91,0.2,0.37
1987,321,27.55,32.85,22.77,64.62,1.27,4.34,3.51,0.08,0.38
1987,322,28.81,33.64,23.53,59.69,0.0,5.1,4.11,0.03,0.37
1987,323,29.38,35.12,24.28,54.6,0.0,4.06,3.24,0.13,0.37
1987,324,29.33,34.61,24.44,59.39,0.0,4.66,3.72,0.03,0.37
1987,325,29.39,35.12,23.75,55.02,0.0,6.02,4.83,0.05,0.37
1987,326,30.12,35.69,25.03,58.0,0.2,6.65,5.27,0.04,0.37
1987,327,29.69,35.88,25.85,58.51,0.3,4.68,3.71,0.05,0.37
1987,328,28.71,33.57,25.88,67.53,0.23,4.48,3.63,0.31,0.37
1987,329,28.06,32.56,25.38,66.86,0.24,4.97,4.06,0.03,0.37
1987,330,27.86,32.78,24.86,66.15,0.32,3.03,2.5,0.15,0.37
1987,331,27.31,31.23,24.89,67.51,2.43,2.98,2.45,0.33,0.37
1987,332,27.91,31.68,24.27,62.06,0.04,4.17,3.4,0.08,0.37
1987,333,30.49,35.77,25.06,51.97,0.01,4.78,3.77,0.02,0.37
1987,334,29.96,36.32,25.2,54.83,1.51,5.63,4.43,0.03,0.37
1987,335,28.85,33.69,26.02,65.9,3.5,4.0,3.21,0.25,0.37
1987,336,27.16,31.24,25.06,71.4,8.5,3.66,2.97,0.44,0.38
1987,337,27.46,31.96,24.31,65.9,1.38,4.83,3.9,0.23,0.39
1987,338,27.98,33.61,22.26,57.22,0.0,5.84,4.69,0.14,0.38
1987,339,29.31,35.33,23.24,54.84,0.23,5.89,4.68,0.27,0.38
1987,340,29.19,34.42,25.66,63.74,7.35,4.47,3.58,0.31,0.38
1987,341,28.84,33.2,25.44,66.46,1.18,4.3,3.48,0.01,0.39
1987,342,29.46,34.41,25.32,63.0,4.58,3.83,3.08,0.38,0.39
1987,343,29.72,34.78,26.44,64.14,0.63,3.2,2.58,0.26,0.39
1987,344,29.34,33.89,26.08,65.49,0.66,3.52,2.85,0.08,0.39
1987,345,29.19,34.13,25.38,68.03,0.02,3.38,2.76,0.03,0.38
1987,346,29.3,34.61,25.76,67.21,0.07,3.71,3.03,0.04,0.38
1987,347,29.92,35.08,26.73,63.18,0.13,3.78,3.03,0.08,0.38
1987,348,29.97,34.58,26.78,63.81,0.0,4.09,3.31,0.26,0.38
1987,349,31.52,37.73,26.16,54.17,0.27,4.35,3.44,0.01,0.38
1987,350,30.31,35.77,26.24,60.8,0.0,4.64,3.71,0.13,0.38
1987,351,28.3,32.89,24.99,64.89,0.01,4.5,3.67,0.54,0.38
1987,352,28.74,33.39,24.99,62.58,0.0,5.05,4.1,0.43,0.38
1987,353,30.05,35.09,25.55,59.77,0.42,5.62,4.53,0.32,0.37
1987,354,31.77,36.8,27.49,55.49,0.08,4.89,3.86,0.1,0.37
1987,355,30.52,35.79,26.44,52.68,0.29,6.47,5.14,0.04,0.37
1987,356,30.32,36.3,24.83,58.4,0.55,4.83,3.9,0.1,0.37
1987,357,30.39,36.09,26.97,65.54,0.56,6.02,4.78,0.25,0.37
1987,358,29.29,33.77,26.32,64.2,0.75,4.27,3.46,0.41,0.37
1987,359,30.37,33.55,27.36,61.8,0.56,4.43,3.51,0.59,0.37
1987,360,30.37,35.21,27.14,63.63,0.5,3.54,2.8,0.01,0.38
1987,361,30.44,34.98,27.62,64.99,2.43,4.49,3.52,0.09,0.38
1987,362,28.4,31.63,25.79,70.88,3.63,4.97,3.96,0.77,0.38
1987,363,28.12,33.04,24.01,60.51,1.38,4.23,3.45,0.8,0.39
1987,364,30.0,34.23,25.78,58.56,2.19,4.72,3.76,0.37,0.38
1987,365,29.63,34.14,26.06,61.37,2.53,5.43,4.32,0.16,0.38
1988,1,29.18,33.38,25.28,64.05,0.21,7.42,5.91,0.37,0.38
1988,2,30.06,35.29,24.86,56.21,0.94,7.04,5.57,0.01,0.38
1988,3,28.42,31.73,25.46,59.73,0.69,3.1,2.54,0.55,0.38
1988,4,28.28,31.51,25.53,65.58,1.99,3.48,2.83,0.22,0.38
1988,5,29.03,33.56,25.22,61.65,0.17,3.3,2.67,0.27,0.38
1988,6,29.71,34.82,25.81,61.95,1.32,3.62,2.94,0.05,0.38
1988,7,29.2,33.76,26.15,64.58,1.62,3.24,2.61,0.12,0.38
1988,8,29.83,35.08,25.72,59.99,0.33,3.56,2.84,0.01,0.38
1988,9,29.6,33.46,26.99,59.67,0.11,3.93,3.17,0.23,0.38
1988,10,28.64,32.78,25.47,64.42,0.06,5.07,4.09,0.54,0.38
1988,11,29.26,34.59,24.29,62.98,2.71,5.6,4.52,0.5,0.38
1988,12,30.85,35.04,27.08,62.44,3.19,4.18,3.35,0.37,0.38
1988,13,30.37,34.51,27.56,65.36,2.21,3.78,3.06,0.23,0.38
1988,14,30.61,35.21,27.26,61.16,2.18,3.03,2.44,0.33,0.38
1988,15,31.6,36.85,27.51,60.22,0.09,3.39,2.69,0.38,0.38
1988,16,30.87,36.46,27.53,60.87,3.44,3.78,3.03,0.98,0.38
1988,17,28.88,31.8,27.2,72.58,4.89,5.74,4.54,0.97,0.39
1988,18,27.23,28.79,25.16,82.5,25.98,7.76,6.03,1.0,0.42
1988,19,27.02,29.45,25.04,84.06,16.41,8.46,6.52,0.73,0.45
1988,20,27.81,30.68,24.66,76.71,8.87,4.97,3.94,0.31,0.46
1988,21,28.27,33.29,23.84,72.82,0.11,4.08,3.33,0.02,0.46
1988,22,28.33,31.27,26.06,78.14,0.72,3.52,2.83,0.31,0.45
1988,23,29.2,33.08,25.97,67.88,0.74,3.49,2.83,0.9,0.44
1988,24,29.34,33.81,26.1,72.31,5.3,3.15,2.54,0.8,0.44
1988,25,29.5,34.39,26.67,71.83,4.07,4.15,3.31,0.78,0.44
1988,26,30.43,35.63,26.78,65.77,0.37,5.44,4.28,0.41,0.44
1988,27,30.58,35.49,26.37,67.36,2.18,4.82,3.74,0.33,0.44
1988,28,30.64,35.63,26.6,63.45,2.71,6.81,5.18,0.8,0.44
1988,29,29.02,33.26,26.54,68.27,6.22,10.65,8.16,1.0,0.44
1988,30,28.27,32.77,26.16,71.26,4.11,12.02,9.18,1.0,0.44
1988,31,27.9,30.75,25.64,74.95,2.63,9.89,7.6,0.79,0.44
1988,32,26.59,28.71,25.1,83.96,6.9,5.13,4.03,0.56,0.45
1988,33,26.42,30.31,23.9,76.32,1.61,6.86,5.44,0.49,0.45
1988,34,27.45,32.71,23.05,69.22,0.12,6.9,5.46,0.15,0.45
1988,35,29.06,34.36,23.99,69.19,0.8,3.26,2.58,0.0,0.44
1988,36,30.02,36.67,25.79,64.62,2.05,4.4,3.42,0.01,0.43
1988,37,29.55,35.07,25.09,65.03,2.2,3.78,2.98,0.05,0.43
1988,38,27.74,30.93,25.44,77.11,12.54,3.79,3.05,0.0,0.44
1988,39,26.91,29.07,25.37,79.21,7.53,2.57,2.04,0.01,0.46
1988,40,27.1,30.13,24.77,75.55,11.29,2.01,1.57,0.04,0.47
1988,41,27.67,31.91,24.81,74.69,0.2,4.07,3.26,0.11,0.47
1988,42,28.08,32.45,25.08,73.53,3.28,3.31,2.65,0.02,0.46
1988,43,28.49,32.56,25.33,75.69,6.28,3.55,2.85,0.0,0.46
1988,44,28.45,32.04,25.7,77.16,3.84,3.72,3.01,0.79,0.47
1988,45,28.43,32.38,25.27,76.45,3.87,3.06,2.47,0.59,0.47
1988,46,28.02,30.1,26.35,79.71,1.02,2.64,2.11,0.16,0.47
1988,47,28.67,32.73,25.05,72.49,1.77,3.08,2.46,0.54,0.46
1988,48,28.59,32.54,24.8,73.73,1.02,3.46,2.79,0.52,0.46
1988,49,28.76,32.7,25.77,69.96,0.99,3.16,2.53,0.37,0.45
1988,50,28.97,33.75,25.68,66.75,1.05,3.68,2.93,0.66,0.45
1988,51,28.48,32.68,25.4,72.06,22.24,3.33,2.66,0.23,0.46
1988,52,27.87,30.75,25.04,75.34,48.2,1.96,1.57,0.99,0.53
1988,53,28.13,32.38,24.83,73.49,1.21,3.26,2.58,0.34,0.56
1988,54,28.88,33.87,24.55,69.07,0.57,4.42,3.46,0.43,0.54
1988,55,28.17,33.34,23.51,71.5,1.34,4.93,3.88,0.07,0.52
1988,56,28.68,33.59,24.57,69.37,0.13,3.92,3.11,0.13,0.51
1988,57,29.11,34.36,23.95,67.72,0.1,3.24,2.55,0.01,0.5
1988,58,29.24,34.02,25.59,69.67,0.33,4.23,3.29,0.91,0.49
1988,59,28.72,33.07,25.01,62.36,0.38,4.27,3.38,1.0,0.49
1988,60,28.23,33.12,23.57,69.64,0.2,4.03,3.23,1.0,0.48
1988,61,28.84,34.05,23.86,66.89,0.24,4.11,3.28,0.16,0.48
1988,62,28.97,33.79,25.14,63.83,0.0,4.33,3.45,0.09,0.47
1988,63,28.19,31.91,24.87,72.83,0.03,2.77,2.2,0.05,0.47
1988,64,28.46,31.93,25.4,71.84,1.66,2.95,2.41,0.94,0.46
1988,65,28.18,32.99,25.71,70.98,2.43,4.42,3.46,0.98,0.46
1988,66,28.01,32.27,24.86,70.98,0.42,2.6,2.08,0.22,0.46
1988,67,27.31,30.34,25.23,75.92,4.23,2.48,1.99,0.77,0.46
1988,68,26.8,29.19,25.18,82.46,18.37,4.74,3.73,1.0,0.48
1988,69,26.8,29.94,24.01,79.91,3.48,4.18,3.32,0.99,0.49
1988,70,26.38,31.58,22.73,74.28,3.7,7.96,6.21,0.45,0.49
1988,71,26.78,31.93,23.29,67.47,0.18,7.89,6.13,0.36,0.48
1988,72,26.99,31.85,22.39,67.58,0.44,3.98,3.18,0.38,0.48
1988,73,27.93,32.8,23.8,70.94,0.85,3.75,2.97,0.56,0.47
1988,74,28.57,33.44,24.62,70.55,1.02,3.51,2.76,0.52,0.47
1988,75,28.81,33.76,24.75,65.3,0.3,3.33,2.67,0.14,0.46
1988,76,28.44,31.74,25.81,72.68,0.3,3.09,2.47,0.45,0.46
1988,77,28.88,33.31,25.78,67.93,0.0,4.66,3.68,0.31,0.46
1988,78,29.26,34.3,24.52,67.0,0.0,4.07,3.24,0.03,0.45
1988,79,28.97,34.29,24.07,60.34,0.0,4.04,3.2,0.01,0.45
1988,80,28.97,34.76,24.24,62.67,0.0,4.2,3.33,0.01,0.44
1988,81,28.89,34.05,24.45,62.35,0.0,4.36,3.44,0.03,0.44
1988,82,28.74,33.85,24.24,58.13,0.0,4.92,3.87,0.02,0.43
1988,83,28.3,34.29,23.17,56.8,0.0,4.96,3.91,0.02,0.43
1988,84,28.21,34.46,22.03,56.65,0.0,4.93,3.87,0.01,0.43
1988,85,27.99,33.57,22.79,60.95,0.01,4.74,3.76,0.01,0.42
1988,86,27.05,32.36,22.13,58.96,0.02,4.02,3.19,0.01,0.42
1988,87,27.75,33.3,22.87,59.7,0.0,4.63,3.62,0.02,0.42
1988,88,29.16,34.9,23.43,59.51,0.04,6.22,4.82,0.07,0.42
1988,89,29.35,35.59,23.6,60.87,0.36,5.21,4.0,0.77,0.41
1988,90,27.48,30.5,25.5,70.98,1.16,4.15,3.33,1.0,0.41
1988,91,28.05,31.81,25.49,72.43,1.32,4.3,3.39,1.0,0.41
1988,92,28.47,33.46,25.08,70.85,1.0,4.02,3.19,1.0,0.41
1988,93,27.95,30.93,25.65,72.88,1.16,5.44,4.28,0.66,0.41
1988,94,27.38,30.8,25.32,77.7,1.62,4.6,3.65,0.24,0.41
1988,95,26.63,30.21,24.49,75.11,0.58,3.06,2.47,0.54,0.41
1988,96,26.8,31.39,23.5,72.03,0.25,3.52,2.84,0.27,0.41
1988,97,27.27,32.18,23.65,68.99,0.06,3.44,2.74,0.67,0.41
1988,98,27.8,32.86,24.15,69.04,0.0,3.78,3.0,0.18,0.41
1988,99,28.32,32.63,25.4,68.56,0.05,2.62,2.12,0.02,0.4
1988,100,29.32,34.1,26.08,65.31,0.11,4.25,3.32,0.39,0.4
1988,101,29.27,34.01,26.24,63.16,0.01,5.45,4.34,0.09,0.4
1988,102,27.42,31.66,24.78,71.27,4.95,4.64,3.74,0.56,0.4
1988,103,25.94,29.51,22.67,70.76,0.59,5.99,4.78,0.45,0.41
1988,104,25.76,31.51,21.05,64.63,0.0,7.39,5.82,0.18,0.41
1988,105,27.43,32.87,22.39,59.94,0.0,6.54,5.08,0.01,0.4
1988,106,28.12,33.84,22.61,58.83,0.38,4.36,3.42,0.09,0.4
1988,107,27.76,32.14,23.51,60.12,0.05,4.61,3.68,0.73,0.4
1988,108,28.47,33.31,23.88,57.03,0.04,3.85,3.07,0.62,0.4
1988,109,28.88,33.99,24.05,59.22,0.01,4.02,3.18,0.93,0.4
1988,110,27.79,32.35,24.92,65.39,1.6,4.34,3.48,0.68,0.4
1988,111,27.26,31.76,24.83,72.3,1.37,2.68,2.15,0.29,0.4
1988,112,27.98,33.72,23.29,67.76,0.0,3.44,2.7,0.01,0.4
1988,113,28.64,33.79,24.76,65.69,0.08,4.03,3.21,0.93,0.4
1988,114,28.77,32.59,26.0,59.08,0.38,4.3,3.4,0.07,0.4
1988,115,28.7,33.61,23.66,58.43,0.05,4.02,3.17,0.0,0.39
1988,116,28.38,34.23,24.47,62.31,0.51,5.08,4.0,0.06,0.39
1988,117,27.11,31.11,24.61,73.94,1.47,3.62,2.9,0.11,0.39
1988,118,26.64,31.28,23.47,73.02,0.48,5.38,4.32,0.27,0.4
1988,119,25.47,29.59,22.49,70.41,0.02,6.82,5.43,0.35,0.39
1988,120,23.91,27.87,21.37,66.86,0.0,7.25,5.75,0.22,0.39
1988,121,23.46,28.02,19.62,60.91,0.0,6.86,5.42,0.28,0.39
1988,122,23.54,28.93,19.15,63.8,0.96,7.87,6.22,0.13,0.39
1988,123,24.07,29.85,19.9,63.02,0.0,8.83,6.9,0.12,0.39
1988,124,23.86,30.66,18.41,58.24,0.0,8.03,6.27,0.02,0.39
1988,125,24.4,31.18,18.21,59.36,0.01,5.95,4.61,0.01,0.39
1988,126,24.94,31.23,18.79,59.53,0.0,4.3,3.41,0.01,0.39
1988,127,25.95,31.51,21.07,58.79,0.11,5.85,4.59,0.01,0.39
1988,128,25.28,30.4,20.61,61.88,0.18,6.09,4.79,0.67,0.39
1988,129,25.55,31.24,20.03,58.92,0.0,3.93,3.13,0.01,0.39
1988,130,26.04,31.49,21.5,61.16,0.0,4.29,3.42,0.01,0.39
1988,131,26.25,31.12,21.99,59.14,0.16,4.43,3.51,0.01,0.39
1988,132,26.27,31.36,21.58,55.01,0.0,6.14,4.78,0.01,0.39
1988,133,24.64,30.4,19.13,57.59,0.01,6.52,5.07,0.02,0.38
1988,134,24.72,31.12,18.68,58.16,0.01,6.08,4.71,0.01,0.38
1988,135,24.62,30.44,19.01,59.78,0.02,6.24,4.85,0.01,0.38
1988,136,24.61,30.64,19.34,56.58,0.0,4.28,3.37,0.02,0.38
1988,137,24.87,30.71,19.85,58.52,0.0,3.95,3.13,0.0,0.38
1988,138,24.79,29.99,21.15,62.12,0.0,3.6,2.83,0.0,0.38
1988,139,24.8,30.23,20.13,63.64,0.01,3.89,3.07,0.01,0.38
1988,140,25.11,30.37,20.91,60.47,0.01,3.91,3.08,0.01,0.38
1988,141,24.0,28.77,20.54,64.67,0.01,3.42,2.69,0.7,0.38
1988,142,22.9,26.92,19.44,66.77,0.03,4.42,3.52,0.13,0.38
1988,143,23.61,29.57,18.41,61.05,0.0,5.1,4.04,0.03,0.38
1988,144,24.68,30.48,19.5,59.32,0.0,3.05,2.37,0.01,0.38
1988,145,24.75,30.25,20.26,66.15,0.0,3.81,3.01,0.01,0.38
1988,146,24.99,31.29,20.11,57.82,0.0,4.17,3.26,0.01,0.38
1988,147,25.32,31.38,20.5,55.13,0.0,4.63,3.55,0.01,0.38
1988,148,24.89,30.83,19.96,59.34,0.0,3.64,2.82,0.01,0.38
1988,149,25.29,30.23,21.3,64.36,0.0,3.27,2.54,0.11,0.38
1988,150,24.87,30.47,21.08,67.11,0.0,3.34,2.53,0.07,0.38
1988,151,24.09,27.58,21.64,75.57,0.0,4.35,3.45,0.94,0.38
1988,152,22.83,27.34,19.69,67.35,1.43,7.53,5.95,0.35,0.38
1988,153,22.45,28.32,17.72,60.57,0.01,7.15,5.65,0.94,0.38
1988,154,23.25,28.79,17.95,61.15,0.0,3.25,2.61,0.01,0.38
1988,155,24.19,29.61,20.05,67.15,0.0,3.24,2.54,1.0,0.38
1988,156,24.1,29.96,20.04,72.96,0.0,2.93,2.28,0.02,0.38
1988,157,24.98,30.32,20.4,67.9,0.0,3.27,2.59,0.66,0.38
1988,158,25.16,30.71,20.78,55.08,0.0,2.76,2.1,0.87,0.38
1988,159,25.34,30.66,20.74,58.09,0.0,2.71,2.07,0.02,0.38
1988,160,24.94,29.9,21.38,65.5,0.0,3.96,3.11,0.02,0.38
1988,161,23.79,27.84,21.34,78.02,0.0,5.44,4.26,0.75,0.38
1988,162,22.25,25.85,19.7,67.22,0.35,5.1,4.11,0.88,0.38
1988,163,22.15,27.79,17.69,68.55,0.25,5.66,4.52,0.46,0.38
1988,164,23.5,28.97,18.2,61.87,0.04,4.15,3.31,0.13,0.38
1988,165,23.3,27.87,20.76,68.62,0.17,4.75,3.77,0.01,0.38
1988,166,22.63,26.49,19.91,67.16,0.01,3.4,2.72,0.05,0.38
1988,167,22.13,27.62,17.34,64.84,0.0,5.08,4.07,0.25,0.38
1988,168,22.84,28.2,18.8,68.9,0.08,7.67,6.05,0.07,0.37
1988,169,23.36,28.38,19.92,66.47,0.22,7.11,5.66,0.35,0.37
1988,170,22.74,27.8,18.79,67.42,0.01,8.11,6.38,0.23,0.37
1988,171,23.78,29.31,18.57,61.67,0.02,3.91,3.11,0.02,0.37
1988,172,24.11,29.07,20.39,68.43,0.01,5.07,4.01,0.69,0.37
1988,173,23.77,27.54,21.14,68.88,0.03,3.54,2.8,0.51,0.37
1988,174,22.46,26.09,19.56,73.72,0.01,3.0,2.31,0.28,0.37
1988,175,22.16,26.91,18.58,71.46,0.0,5.88,4.63,0.03,0.37
1988,176,20.55,25.35,16.54,67.73,0.0,6.54,5.22,0.35,0.37
1988,177,20.75,26.0,16.19,68.24,0.18,6.54,5.21,0.29,0.37
1988,178,22.12,28.53,16.18,63.18,0.01,6.35,5.03,0.01,0.37
1988,179,22.95,28.49,18.51,62.41,0.0,3.74,2.97,0.02,0.37
1988,180,23.01,27.79,19.07,69.98,0.0,3.06,2.38,0.0,0.37
1988,181,23.8,29.29,19.25,63.38,0.0,3.64,2.8,0.03,0.37
1988,182,23.83,29.24,19.18,57.56,0.01,5.85,4.56,0.02,0.37
1988,183,22.81,28.46,18.56,55.32,0.01,4.74,3.76,0.36,0.37
1988,184,22.22,27.14,17.91,66.05,0.0,4.21,3.36,0.32,0.37
1988,185,22.19,27.8,17.92,64.18,0.0,3.08,2.38,0.33,0.37
1988,186,22.41,28.36,17.8,61.43,0.0,3.22,2.52,0.02,0.37
1988,187,21.78,26.37,18.05,71.9,0.16,4.49,3.58,0.22,0.37
1988,188,22.16,28.72,16.55,61.31,0.0,5.43,4.26,0.04,0.37
1988,189,23.76,29.94,18.64,60.36,0.0,4.61,3.6,0.02,0.37
1988,190,23.99,30.18,18.34,59.5,0.0,5.75,4.43,0.03,0.37
1988,191,24.6,31.42,19.24,60.29,0.0,5.62,4.38,0.04,0.37
1988,192,24.44,30.51,20.03,61.38,0.0,4.98,3.94,0.96,0.37
1988,193,23.88,29.37,19.6,59.63,0.0,4.51,3.6,0.78,0.37
1988,194,23.15,28.14,19.72,73.03,0.08,4.64,3.73,0.96,0.37
1988,195,22.17,25.98,19.62,75.62,0.09,4.19,3.38,0.33,0.37
1988,196,21.5,26.22,18.41,69.81,0.0,7.24,5.78,0.15,0.37
1988,197,21.24,26.21,17.61,69.6,0.14,7.24,5.77,0.44,0.37
1988,198,22.73,28.65,17.45,67.38,0.02,5.96,4.7,0.07,0.37
1988,199,23.26,30.06,18.03,63.0,0.02,4.2,3.29,0.03,0.37
1988,200,22.68,28.78,18.42,67.36,0.0,4.48,3.53,0.02,0.37
1988,201,22.75,29.97,16.95,63.06,0.0,4.71,3.69,0.03,0.37
1988,202,23.01,29.2,17.75,59.54,0.0,3.82,3.02,0.03,0.37
1988,203,22.94,28.04,18.8,63.33,0.0,4.11,3.26,0.02,0.37
1988,204,22.91,28.26,18.74,68.98,0.0,4.29,3.39,0.08,0.37
1988,205,23.1,29.08,18.47,60.02,0.0,3.6,2.85,0.01,0.37
1988,206,22.8,27.96,18.79,65.05,0.0,3.23,2.53,0.01,0.37
1988,207,21.59,26.53,17.51,70.74,0.0,4.4,3.51,0.33,0.37
1988,208,21.35,26.43,17.99,70.83,0.0,5.97,4.78,0.25,0.37
1988,209,20.95,26.43,16.25,62.78,0.0,7.37,5.87,0.38,0.37
1988,210,20.98,26.35,16.36,59.37,0.01,7.65,6.08,0.14,0.37
1988,211,20.65,26.4,15.3,54.08,0.0,5.79,4.64,0.03,0.37
1988,212,20.98,26.88,15.97,61.97,0.0,3.79,3.01,0.02,0.36
1988,213,20.94,27.08,16.55,62.19,0.0,3.48,2.73,0.11,0.36
1988,214,21.28,26.55,16.89,68.11,0.0,3.97,3.17,0.31,0.36
1988,215,21.22,27.48,16.25,68.15,0.0,4.25,3.4,0.05,0.36
1988,216,21.04,27.16,16.17,63.32,0.0,5.02,3.98,0.04,0.36
1988,217,21.92,28.99,15.96,61.0,0.0,6.14,4.85,0.03,0.36
1988,218,21.85,28.2,16.63,63.88,0.05,7.53,5.98,0.03,0.36
1988,219,23.18,29.13,17.09,59.59,0.06,5.47,4.28,0.03,0.36
1988,220,23.27,28.19,18.33,62.49,0.03,4.62,3.73,0.11,0.36
1988,221,23.84,28.8,19.19,63.08,0.0,3.16,2.48,0.03,0.36
1988,222,23.34,29.13,18.76,57.56,0.0,5.95,4.73,0.03,0.36
1988,223,22.3,27.42,18.14,68.07,0.0,7.41,5.91,0.05,0.36
1988,224,23.46,29.08,18.57,62.84,0.06,7.97,6.29,0.29,0.36
1988,225,24.06,29.35,19.36,60.43,0.42,6.32,4.92,0.73,0.36
1988,226,23.49,28.63,20.05,58.19,0.0,4.79,3.85,0.03,0.36
1988,227,23.14,28.34,18.91,66.05,0.0,7.25,5.77,0.01,0.36
1988,228,23.06,29.27,17.89,60.75,0.0,6.08,4.84,0.0,0.36
1988,229,23.21,29.55,17.9,55.91,0.0,5.4,4.29,0.0,0.36
1988,230,22.5,29.67,16.43,56.48,0.0,7.03,5.58,0.03,0.36
1988,231,21.21,27.55,16.54,65.6,0.01,8.85,7.02,0.42,0.36
1988,232,19.52,23.86,15.96,56.95,0.03,8.28,6.62,0.83,0.36
1988,233,19.86,25.28,15.16,59.95,0.17,7.09,5.69,0.5,0.36
1988,234,21.71,28.07,15.26,57.05,0.0,6.2,4.95,0.03,0.36
1988,235,23.64,29.53,17.96,56.82,0.01,4.5,3.58,0.07,0.36
1988,236,23.2,29.02,17.77,53.46,0.01,4.58,3.67,0.09,0.36
1988,237,23.54,30.15,17.15,54.59,0.01,5.95,4.66,0.0,0.36
1988,238,23.37,30.39,16.66,50.56,0.0,6.11,4.76,0.13,0.36
1988,239,23.27,29.52,18.04,59.08,0.0,4.85,3.89,0.02,0.36
1988,240,23.57,29.29,19.32,65.76,0.0,4.09,3.24,0.04,0.36
1988,241,23.69,28.15,20.78,68.61,0.04,3.9,3.15,0.06,0.36
1988,242,25.06,31.71,19.05,57.83,0.04,4.84,3.74,0.0,0.36
1988,243,24.75,31.46,19.17,58.6,0.0,4.21,3.35,0.01,0.36
1988,244,25.78,32.46,20.68,52.19,0.0,3.29,2.57,0.01,0.36
1988,245,26.59,34.87,19.26,51.7,0.0,3.03,2.41,0.05,0.36
1988,246,24.55,28.93,21.03,68.37,0.01,6.24,4.91,0.26,0.36
1988,247,22.57,28.25,18.63,54.3,0.01,8.47,6.77,0.53,0.36
1988,248,22.87,29.04,18.17,61.27,0.0,4.72,3.82,0.35,0.36
1988,249,23.15,28.34,18.85,64.78,0.03,7.36,5.9,0.62,0.36
1988,250,24.38,31.13,19.17,65.81,0.04,6.75,5.39,0.24,0.36
1988,251,24.97,31.07,20.41,61.01,0.0,5.33,4.26,0.06,0.36
1988,252,23.86,30.29,17.99,56.97,0.0,5.26,4.2,0.03,0.36
1988,253,24.92,32.59,18.0,53.14,0.0,4.75,3.73,0.03,0.36
1988,254,24.18,31.07,18.4,57.7,0.0,6.4,5.09,0.04,0.36
1988,255,24.63,31.16,19.82,64.27,0.0,3.49,2.79,0.04,0.36
1988,256,24.76,31.07,19.11,62.9,0.0,4.35,3.47,0.04,0.36
1988,257,25.23,31.14,19.44,61.93,0.01,7.82,6.2,0.28,0.36
1988,258,26.69,33.89,20.38,52.3,0.0,6.27,4.88,0.04,0.36
1988,259,25.32,32.36,20.37,55.13,0.0,5.22,4.18,0.04,0.36
1988,260,24.83,30.77,20.26,66.89,0.0,2.98,2.4,0.13,0.36
1988,261,25.56,31.45,21.56,67.98,0.09,6.45,5.12,0.04,0.36
1988,262,22.49,24.9,19.85,67.77,2.42,7.83,6.29,0.59,0.36
1988,263,22.46,26.57,18.75,55.84,0.08,7.71,6.2,0.48,0.36
1988,264,22.58,29.38,16.25,50.32,0.0,7.06,5.67,0.31,0.36
1988,265,24.67,32.58,16.46,46.9,0.0,5.78,4.59,0.03,0.36
1988,266,24.55,32.32,17.19,47.07,0.0,5.54,4.45,0.03,0.36
1988,267,25.36,32.96,18.14,47.84,0.0,6.9,5.46,0.03,0.36
1988,268,25.78,32.67,19.07,49.04,0.0,6.84,5.39,0.03,0.36
1988,269,25.81,32.08,19.36,50.4,0.02,5.16,4.08,0.03,0.36
1988,270,25.04,30.91,19.59,53.84,0.0,4.66,3.75,0.03,0.36
1988,271,24.69,30.52,19.65,52.83,0.0,5.15,4.15,0.03,0.36
1988,272,24.64,31.15,19.67,53.82,0.0,4.16,3.34,0.11,0.36
1988,273,24.84,31.79,18.64,48.75,0.0,5.58,4.49,0.03,0.36
1988,274,24.94,31.7,19.73,54.68,0.0,3.99,3.21,0.03,0.36
1988,275,25.53,32.43,19.7,54.19,0.0,4.84,3.91,0.03,0.36
1988,276,25.32,32.09,19.9,54.44,0.0,5.03,4.04,0.06,0.36
1988,277,24.76,29.98,20.06,63.84,0.0,3.87,3.14,0.23,0.35
1988,278,25.44,31.42,20.55,62.48,0.0,3.52,2.86,0.13,0.35
1988,279,27.55,33.33,22.17,60.21,0.01,3.95,3.14,0.03,0.35
1988,280,27.55,33.99,22.76,53.79,0.0,5.23,4.16,0.03,0.35
1988,281,26.92,32.71,22.98,58.84,0.01,4.72,3.78,0.03,0.35
1988,282,26.98,32.6,22.65,60.68,0.0,3.63,2.92,0.04,0.35
1988,283,26.75,32.09,22.5,63.85,0.0,3.33,2.75,0.03,0.35
1988,284,26.96,33.23,22.0,62.63,0.0,3.81,3.09,0.03,0.35
1988,285,27.25,33.67,23.02,52.95,0.0,3.57,2.88,0.05,0.35
1988,286,25.9,30.92,21.75,58.04,0.0,8.19,6.52,0.66,0.35
1988,287,24.81,31.1,20.44,56.88,0.0,10.07,7.98,0.96,0.35
1988,288,25.17,31.38,19.36,54.1,0.02,9.24,7.34,0.08,0.35
1988,289,26.76,32.49,21.1,52.5,0.12,5.29,4.23,0.24,0.35
1988,290,25.89,30.81,22.98,65.18,2.07,6.29,5.07,0.24,0.35
1988,291,25.94,30.86,22.34,70.52,0.44,4.68,3.81,0.03,0.36
1988,292,25.98,31.0,22.4,68.59,0.01,4.82,3.87,0.05,0.36
1988,293,26.48,31.81,22.07,62.88,0.0,6.28,5.05,0.05,0.36
1988,294,26.98,32.86,22.4,62.39,0.99,8.88,7.05,0.14,0.36
1988,295,28.02,34.01,22.56,60.0,1.04,6.1,4.76,0.46,0.36
1988,296,27.31,30.87,24.6,61.5,0.14,6.6,5.24,0.95,0.36
1988,297,25.82,30.92,22.54,66.05,3.14,4.39,3.52,1.0,0.36
1988,298,26.17,31.1,22.21,64.5,2.79,5.0,4.07,1.0,0.37
1988,299,26.29,30.74,22.77,70.19,3.91,3.25,2.64,0.36,0.37
1988,300,25.53,29.36,22.1,73.06,2.28,4.19,3.41,0.05,0.37
1988,301,25.23,30.17,19.81,65.36,0.01,7.33,5.89,0.15,0.37
1988,302,27.0,33.98,21.09,60.77,0.0,5.32,4.25,0.03,0.37
1988,303,27.9,34.09,23.78,61.9,0.0,4.85,3.86,0.42,0.37
1988,304,27.08,31.64,23.44,65.62,0.02,7.01,5.63,0.94,0.36
1988,305,27.72,33.68,22.24,60.19,0.01,5.02,4.06,0.48,0.36
1988,306,27.36,32.36,23.68,59.88,0.0,5.51,4.45,0.03,0.36
1988,307,27.59,33.67,22.52,60.28,0.0,4.24,3.42,0.04,0.36
1988,308,27.89,33.73,23.19,59.1,0.0,3.56,2.85,0.05,0.36
1988,309,27.09,32.23,22.81,68.4,0.0,4.02,3.25,0.78,0.36
1988,310,28.31,33.3,23.94,58.6,0.06,5.8,4.67,0.17,0.36
1988,311,27.87,32.83,23.59,62.06,0.75,8.51,6.79,0.24,0.36
1988,312,27.58,32.77,23.37,65.96,1.77,7.3,5.86,0.19,0.36
1988,313,29.56,34.62,25.11,57.61,0.19,3.96,3.13,0.2,0.36
1988,314,28.2,33.98,24.56,61.43,0.89,5.97,4.81,0.08,0.36
1988,315,25.95,29.56,23.52,70.18,0.3,5.87,4.79,0.42,0.36
1988,316,25.37,30.17,21.49,62.13,0.1,8.72,6.98,0.57,0.36
1988,317,24.65,30.96,19.47,56.73,0.12,9.81,7.78,0.33,0.36
1988,318,25.82,31.64,19.64,55.28,0.79,8.71,6.88,0.04,0.36
1988,319,26.47,31.58,22.12,60.36,5.07,4.31,3.43,0.04,0.36
1988,320,25.89,30.15,22.81,69.64,3.81,3.96,3.16,0.23,0.37
1988,321,24.6,28.98,21.07,70.01,0.57,6.36,5.1,0.05,0.38
1988,322,23.22,28.56,19.45,62.15,0.09,9.77,7.79,0.67,0.37
1988,323,22.78,27.17,19.1,61.43,0.05,10.32,8.16,0.72,0.37
1988,324,22.14,24.83,19.84,74.17,22.46,9.27,7.33,0.94,0.39
1988,325,23.87,27.36,21.46,74.3,10.29,6.56,5.15,0.61,0.42
1988,326,24.56,29.13,20.75,69.06,1.05,4.3,3.47,0.19,0.42
1988,327,25.09,29.24,21.18,68.11,0.01,4.05,3.27,0.14,0.41
1988,328,25.8,30.81,21.21,67.73,0.18,6.49,5.18,0.14,0.41
1988,329,26.71,31.87,21.23,62.85,0.01,5.31,4.2,0.01,0.4
1988,330,27.98,33.13,22.92,59.09,0.36,4.97,3.9,0.08,0.4
1988,331,26.9,31.06,23.49,68.89,0.19,5.2,4.12,0.35,0.4
1988,332,26.11,30.43,23.01,75.34,0.19,4.15,3.32,0.24,0.39
1988,333,25.82,30.49,21.62,70.37,0.0,3.61,2.93,0.11,0.39
1988,334,26.72,32.76,22.17,64.85,1.03,3.78,3.01,0.03,0.39
1988,335,26.28,31.48,22.95,65.06,1.38,4.82,3.87,0.5,0.39
1988,336,26.22,31.26,22.92,66.38,1.68,7.01,5.64,0.8,0.39
1988,337,25.85,30.59,22.04,64.32,6.41,5.41,4.4,1.0,0.4
1988,338,25.6,30.59,22.18,62.95,0.3,5.34,4.34,0.69,0.4
1988,339,26.75,33.53,19.9,54.47,0.01,5.17,4.15,0.5,0.39
1988,340,25.73,31.82,22.22,67.37,4.65,4.22,3.41,1.0,0.39
1988,341,24.55,26.82,22.13,80.39,6.38,5.98,4.8,1.0,0.4
1988,342,23.95,29.23,20.18,60.02,0.12,8.83,7.03,0.25,0.4
1988,343,22.98,28.32,17.62,58.43,0.0,8.39,6.69,0.23,0.4
1988,344,24.74,30.65,19.62,62.26,0.03,8.46,6.73,0.75,0.39
1988,345,26.21,32.19,20.88,63.34,3.0,7.22,5.69,0.0,0.39
1988,346,26.67,32.98,21.46,63.3,0.55,5.55,4.39,0.02,0.39
1988,347,26.88,31.14,23.85,68.82,0.25,4.19,3.37,0.31,0.39
1988,348,27.23,32.6,23.92,69.52,0.5,3.15,2.54,0.33,0.39
1988,349,27.81,31.94,24.44,67.5,0.27,2.99,2.44,0.67,0.39
1988,350,27.89,33.71,23.07,59.98,0.01,4.3,3.45,0.44,0.39
1988,351,26.98,31.22,24.19,70.96,0.3,3.84,3.09,0.68,0.39
1988,352,26.55,31.65,23.53,68.79,11.62,4.83,3.89,0.8,0.4
1988,353,25.76,29.45,23.3,73.87,14.73,3.75,3.04,1.0,0.42
1988,354,25.92,30.71,22.26,65.56,0.23,6.9,5.54,0.22,0.42
1988,355,26.05,31.46,20.71,66.24,3.63,6.34,5.07,0.36,0.42
1988,356,26.25,30.8,21.99,70.19,10.21,5.45,4.37,0.41,0.43
1988,357,26.35,31.23,21.43,68.37,0.02,5.23,4.21,0.34,0.42
1988,358,26.64,31.54,22.41,66.17,0.01,4.69,3.8,0.08,0.42
1988,359,27.65,33.19,22.42,61.32,0.0,4.99,4.02,0.05,0.41
1988,360,29.6,36.62,23.32,60.04,0.01,5.11,3.99,0.18,0.41
1988,361,30.33,35.38,25.96,57.05,0.07,4.5,3.54,0.2,0.4
1988,362,28.86,33.34,25.52,66.5,8.8,4.88,3.86,0.22,0.41
1988,363,27.38,32.62,23.29,67.51,4.95,7.95,6.27,0.95,0.41
1988,364,27.85,33.67,22.96,63.97,4.86,5.7,4.43,0.62,0.42
1988,365,26.93,30.68,24.05,72.44,2.08,4.99,4.0,0.51,0.42
1988,366,27.03,30.66,24.43,69.96,0.71,3.62,2.94,0.33,0.42
1989,1,27.16,32.06,23.4,67.12,0.04,5.78,4.65,0.21,0.41
1989,2,27.25,32.03,22.91,66.89,0.33,4.77,3.88,0.15,0.41
1989,3,27.78,32.42,24.22,66.04,0.36,3.83,3.09,0.13,0.4
1989,4,27.99,31.42,24.92,65.4,0.49,6.11,4.89,0.7,0.4
1989,5,28.71,34.11,23.21,66.6,0.31,6.31,5.02,0.43,0.4
1989,6,29.4,33.63,26.52,67.99,0.59,4.48,3.55,0.27,0.4
1989,7,29.74,35.74,25.97,64.2,0.79,3.86,3.07,0.29,0.4
1989,8,29.5,33.63,26.23,63.82,0.79,4.26,3.41,0.46,0.4
1989,9,29.5,33.15,26.26,63.5,1.06,5.99,4.74,0.47,0.4
1989,10,28.86,33.17,25.41,67.69,4.53,6.1,4.84,0.66,0.4
1989,11,29.04,33.68,25.25,67.07,1.42,3.82,3.03,0.8,0.4
1989,12,29.19,32.74,25.87,62.89,1.61,4.73,3.64,1.0,0.4
1989,13,28.46,33.39,24.25,63.26,1.29,6.51,5.01,0.8,0.4
1989,14,27.04,32.25,22.91,64.25,5.83,9.87,7.61,1.0,0.41
1989,15,24.32,27.41,22.15,76.87,28.93,12.48,9.56,1.0,0.43
1989,16,27.01,31.3,23.53,76.32,15.11,8.55,6.64,0.98,0.47
1989,17,27.38,31.72,23.86,75.41,4.24,7.07,5.54,0.77,0.47
1989,18,27.25,31.17,24.73,78.61,7.69,3.33,2.68,0.79,0.47
1989,19,27.13,30.08,25.24,79.67,7.96,4.24,3.43,0.97,0.47
1989,20,28.11,32.23,25.13,79.89,17.64,3.82,3.04,0.0,0.49
1989,21,27.8,30.25,25.74,82.26,3.77,2.85,2.3,1.0,0.5
1989,22,29.23,34.06,25.18,73.51,0.52,4.14,3.27,0.58,0.49
1989,23,29.03,33.32,24.89,72.75,0.74,4.69,3.72,0.47,0.48
1989,24,29.39,34.37,25.53,70.71,1.39,3.96,3.13,0.27,0.47
1989,25,29.12,33.18,26.43,70.8,0.93,3.11,2.45,0.3,0.47
1989,26,28.88,32.73,26.14,74.24,3.11,3.34,2.68,0.56,0.47
1989,27,29.21,32.99,25.68,71.51,4.75,2.52,1.98,0.71,0.47
1989,28,28.46,32.98,24.61,63.92,0.09,4.24,3.37,0.43,0.46
1989,29,29.62,34.2,25.67,66.05,1.19,3.24,2.57,0.21,0.46
1989,30,29.33,34.49,24.18,68.15,3.02,5.99,4.64,0.01,0.46
1989,31,28.37,33.9,24.04,68.38,0.11,5.31,4.26,0.03,0.45
1989,32,27.0,30.72,23.96,73.12,2.67,2.67,2.17,0.79,0.45
1989,33,25.88,27.9,24.33,80.63,5.49,4.25,3.34,0.61,0.45
1989,34,26.86,30.52,23.51,74.53,4.76,4.4,3.46,0.67,0.46
1989,35,26.81,31.69,22.49,71.35,6.52,5.05,4.05,0.11,0.46
1989,36,26.44,30.71,22.51,73.56,4.87,3.5,2.84,0.28,0.47
1989,37,27.16,30.59,24.4,75.37,3.33,3.77,3.02,0.78,0.47
1989,38,27.25,32.13,23.62,73.18,6.98,6.76,5.35,0.49,0.47
1989,39,26.72,32.05,22.78,70.22,2.89,8.34,6.51,0.87,0.47
1989,40,27.95,33.52,22.35,64.54,3.5,4.17,3.32,0.38,0.46
1989,41,27.97,32.92,23.79,66.06,0.22,5.16,4.11,0.5,0.46
1989,42,27.1,32.23,23.05,67.51,0.07,7.38,5.86,0.55,0.45
1989,43,26.22,32.25,21.26,64.52,0.01,6.86,5.46,0.18,0.45
1989,44,25.86,31.51,20.9,67.39,0.31,5.21,4.22,0.27,0.44
1989,45,27.35,33.11,21.95,67.84,0.36,4.17,3.37,0.41,0.44
1989,46,28.23,33.82,24.25,72.42,0.55,3.91,3.11,0.46,0.44
1989,47,28.68,33.02,25.01,68.95,0.88,3.36,2.64,0.33,0.43
1989,48,29.23,34.2,25.59,65.56,0.28,3.69,2.87,0.1,0.43
1989,49,29.78,34.81,24.83,64.02,0.28,3.44,2.78,0.41,0.43
1989,50,30.09,35.68,25.67,63.4,1.03,4.69,3.7,0.04,0.42
1989,51,28.33,33.07,26.09,73.38,6.8,3.4,2.74,0.33,0.43
1989,52,27.48,29.21,26.03,78.43,3.16,1.64,1.34,0.97,0.43
1989,53,27.09,29.44,25.65,81.95,10.93,3.03,2.41,0.25,0.45
1989,54,27.38,30.78,25.3,73.28,3.2,2.65,2.11,0.93,0.46
1989,55,28.25,32.83,24.08,68.94,4.51,2.99,2.39,0.43,0.45
1989,56,25.91,27.52,24.1,84.7,25.3,6.81,5.36,1.0,0.47
1989,57,24.48,25.69,23.26,84.56,41.83,10.49,8.07,1.0,0.56
1989,58,24.31,26.04,23.11,87.75,45.01,13.82,10.54,0.75,0.62
1989,59,24.54,26.73,23.01,80.87,1.37,11.88,9.06,0.29,0.61
1989,60,24.82,28.16,21.61,72.63,0.02,4.94,3.91,0.41,0.59
1989,61,24.22,28.95,19.45,73.03,0.0,3.44,2.71,0.0,0.58
1989,62,25.79,30.12,21.79,71.26,0.0,2.79,2.19,0.0,0.56
1989,63,27.17,30.61,23.82,77.65,3.74,3.1,2.42,0.44,0.56
1989,64,27.6,30.72,24.79,77.78,0.91,3.85,3.01,0.38,0.55
1989,65,27.54,31.22,23.87,75.08,0.56,4.43,3.47,0.78,0.55
1989,66,26.75,30.16,24.08,71.95,3.22,4.79,3.76,0.99,0.54
1989,67,24.62,27.02,22.71,87.13,18.59,6.86,5.34,1.0,0.56
1989,68,25.19,27.22,23.57,86.68,42.87,8.63,6.68,1.0,0.63
1989,69,25.97,27.72,24.44,84.29,9.97,6.79,5.27,0.56,0.64
1989,70,24.82,27.06,22.42,79.67,1.33,4.45,3.48,0.31,0.63
1989,71,23.87,28.21,20.03,73.8,0.0,6.15,4.84,0.01,0.61
1989,72,24.32,30.07,18.8,75.48,0.09,5.93,4.68,0.06,0.6
1989,73,25.94,30.48,21.68,75.78,0.19,4.0,3.14,0.19,0.59
1989,74,26.66,30.69,23.52,79.74,0.21,3.51,2.73,0.24,0.58
1989,75,26.79,30.62,23.73,79.31,0.32,3.08,2.4,0.3,0.57
1989,76,25.87,30.62,21.34,69.53,0.0,3.7,2.89,0.0,0.57
1989,77,25.74,30.65,21.4,70.3,0.0,5.37,4.19,0.0,0.56
1989,78,25.69,30.99,20.53,73.46,0.14,5.66,4.4,0.17,0.55
1989,79,26.48,31.2,21.96,67.55,0.0,3.84,3.01,0.0,0.54
1989,80,26.01,30.87,21.55,72.22,0.04,4.47,3.5,0.08,0.53
1989,81,27.04,32.01,23.11,74.94,0.08,3.56,2.79,0.06,0.53
1989,82,27.25,31.72,23.56,74.08,3.4,3.92,3.07,0.36,0.52
1989,83,27.39,32.34,22.47,71.49,0.18,4.49,3.51,0.4,0.52
1989,84,26.36,30.22,23.66,79.25,11.18,5.41,4.22,0.0,0.52
1989,85,26.58,31.36,22.43,75.66,3.03,6.35,4.94,0.03,0.53
1989,86,26.54,31.03,23.13,77.86,2.37,7.69,5.95,0.35,0.53
1989,87,26.62,31.36,23.07,74.51,0.82,7.01,5.45,0.21,0.52
1989,88,26.34,31.27,23.04,74.84,0.69,6.76,5.26,0.09,0.52
1989,89,27.19,31.33,23.19,70.36,0.76,3.33,2.66,0.17,0.51
1989,90,26.71,30.29,24.35,78.53,2.29,3.46,2.76,0.04,0.51
1989,91,26.24,30.32,22.59,76.18,0.47,5.85,4.6,0.33,0.51
1989,92,25.06,29.96,21.22,74.65,0.05,7.74,6.06,0.25,0.5
1989,93,26.12,31.29,21.56,71.53,0.02,5.27,4.12,0.04,0.49
1989,94,27.05,32.56,21.62,69.21,0.01,4.65,3.56,0.05,0.49
1989,95,26.74,32.66,21.65,64.68,0.0,5.34,4.08,0.02,0.48
1989,96,25.99,31.89,20.82,66.28,0.0,5.18,4.03,0.01,0.48
1989,97,24.99,30.39,20.3,68.8,0.0,7.15,5.6,0.01,0.47
1989,98,25.01,30.15,21.26,70.5,0.01,7.3,5.74,0.01,0.47
1989,99,23.45,29.1,19.13,68.19,0.0,8.63,6.73,0.0,0.47
1989,100,23.45,29.74,18.58,66.41,0.04,8.34,6.49,0.02,0.46
1989,101,23.22,29.81,17.59,64.25,0.3,6.59,5.14,0.02,0.46
1989,102,23.27,29.63,17.5,64.88,0.0,6.32,4.95,0.02,0.46
1989,103,23.35,29.21,18.14,61.81,0.0,6.34,4.97,0.08,0.45
1989,104,23.96,30.09,18.39,62.55,0.02,4.94,3.88,0.08,0.45
1989,105,24.54,29.54,20.36,65.15,0.02,3.71,2.91,0.07,0.45
1989,106,24.68,30.01,20.14,69.9,0.0,3.13,2.5,0.25,0.45
1989,107,24.87,29.84,21.76,73.6,0.0,3.47,2.75,0.76,0.44
1989,108,25.34,29.44,22.48,76.88,0.0,2.75,2.18,0.9,0.44
1989,109,24.57,27.48,22.79,78.7,0.0,2.1,1.65,1.0,0.44
1989,110,24.59,27.39,22.12,78.95,0.0,2.24,1.72,0.99,0.44
1989,111,26.03,31.47,21.81,74.63,0.04,3.07,2.41,0.21,0.44
1989,112,26.81,32.45,22.9,71.42,0.0,3.1,2.46,0.16,0.44
1989,113,26.23,31.34,22.58,71.82,0.0,2.84,2.22,0.11,0.43
1989,114,25.75,30.62,22.11,73.76,0.0,4.43,3.49,0.0,0.43
1989,115,25.07,30.69,20.64,72.35,0.0,4.92,3.94,0.01,0.43
1989,116,25.41,29.98,22.26,72.18,0.06,5.02,4.01,0.14,0.43
1989,117,26.83,32.58,21.88,68.89,0.09,3.34,2.64,0.45,0.42
1989,118,25.6,29.45,23.18,77.82,0.57,5.05,4.01,0.79,0.42
1989,119,25.37,28.63,22.93,73.45,0.1,2.85,2.26,0.16,0.42
1989,120,25.47,29.43,22.81,74.17,4.05,2.75,2.2,0.46,0.42
1989,121,25.36,29.13,22.04,73.21,0.16,2.24,1.73,0.89,0.43
1989,122,24.23,26.2,23.02,80.45,0.74,4.97,3.87,0.58,0.42
1989,123,23.39,26.13,20.73,75.53,1.14,4.61,3.68,0.97,0.42
1989,124,23.4,29.46,18.56,67.51,0.55,6.26,4.92,0.32,0.42
1989,125,25.18,31.02,19.82,70.5,0.77,4.37,3.38,0.03,0.42
1989,126,25.41,30.46,21.2,70.44,0.85,3.8,3.02,0.11,0.42
1989,127,25.05,29.3,21.99,70.63,0.77,4.06,3.32,0.22,0.42
1989,128,23.56,28.24,19.68,70.83,0.1,5.02,3.99,0.07,0.42
1989,129,24.29,30.15,19.34,68.24,0.03,6.22,4.9,0.14,0.42
1989,130,24.71,29.9,20.82,70.41,2.18,5.79,4.49,0.41,0.41
1989,131,24.49,28.9,21.06,74.29,7.13,4.54,3.58,0.77,0.43
1989,132,23.38,25.19,21.9,83.7,12.26,3.98,3.12,1.0,0.44
1989,133,23.1,26.47,20.61,80.74,10.81,3.26,2.56,0.11,0.46
1989,134,23.87,28.67,20.25,73.89,0.0,4.69,3.66,0.01,0.46
1989,135,23.88,28.55,20.67,74.84,0.08,8.3,6.46,0.04,0.45
1989,136,24.74,30.12,20.32,72.75,1.3,6.2,4.77,0.07,0.45
1989,137,25.06,30.09,21.27,70.76,0.12,5.46,4.17,0.13,0.45
1989,138,24.32,29.62,19.21,65.56,0.0,4.18,3.33,0.02,0.44
1989,139,25.17,30.38,20.6,69.35,0.64,4.39,3.31,0.01,0.44
1989,140,24.01,29.59,19.31,65.03,0.0,5.11,3.98,0.0,0.44
1989,141,23.75,29.55,18.77,65.25,0.0,5.11,3.96,0.02,0.44
1989,142,23.33,29.54,17.99,65.92,0.0,4.53,3.53,0.03,0.43
1989,143,22.98,28.25,18.6,64.08,0.0,4.12,3.22,0.01,0.43
1989,144,23.24,28.6,18.9,68.58,0.03,3.02,2.36,0.04,0.43
1989,145,22.86,27.99,18.92,73.32,0.06,4.76,3.8,0.06,0.43
1989,146,22.75,28.62,18.1,65.81,0.0,3.88,3.04,0.01,0.42
1989,147,22.76,28.33,18.7,65.28,0.0,3.85,2.97,0.11,0.42
1989,148,21.83,26.6,18.58,76.34,0.5,6.06,4.78,0.55,0.42
1989,149,21.29,26.12,18.09,74.76,2.11,7.95,6.29,0.91,0.42
1989,150,22.99,27.96,19.08,71.31,1.06,4.7,3.71,0.4,0.42
1989,151,23.19,27.78,20.32,70.78,0.04,4.13,3.26,0.21,0.42
1989,152,22.34,26.62,19.2,68.92,0.0,2.58,2.0,0.15,0.42
1989,153,21.48,27.21,16.83,70.64,0.0,3.36,2.6,0.03,0.42
1989,154,21.27,26.94,16.9,67.24,0.0,2.76,2.08,0.03,0.42
1989,155,20.96,26.51,16.12,71.22,1.44,3.19,2.41,0.03,0.42
1989,156,21.61,26.41,17.01,75.44,12.51,3.72,2.87,0.62,0.42
1989,157,21.0,24.12,18.27,76.5,3.15,6.26,5.0,0.69,0.45
1989,158,19.57,24.07,15.83,70.96,0.02,7.03,5.57,0.0,0.44
1989,159,20.3,25.87,15.41,74.39,0.28,5.47,4.37,0.3,0.44
1989,160,20.8,25.02,17.68,81.01,1.28,6.49,5.13,0.27,0.44
1989,161,20.03,23.86,17.19,75.08,0.09,6.83,5.4,0.23,0.43
1989,162,19.3,23.99,15.37,74.29,0.03,6.56,5.17,0.09,0.43
1989,163,19.33,24.02,15.67,71.42,0.0,6.8,5.41,0.04,0.43
1989,164,19.27,24.24,15.04,71.33,0.0,7.54,5.93,0.03,0.43
1989,165,19.68,25.62,15.13,69.88,0.0,6.44,5.06,0.02,0.43
1989,166,19.87,25.22,15.22,75.45,0.02,6.47,5.12,0.3,0.42
1989,167,20.87,26.25,16.76,73.71,1.36,6.42,5.04,0.02,0.42
1989,168,21.59,27.5,16.79,69.47,0.21,7.05,5.44,0.21,0.42
1989,169,22.0,28.25,16.87,69.07,0.01,4.2,3.28,0.95,0.42
1989,170,22.02,27.71,17.76,70.47,0.0,3.43,2.67,0.53,0.42
1989,171,22.45,27.96,18.26,72.99,0.0,3.34,2.55,0.01,0.42
1989,172,22.1,27.37,18.29,67.33,0.0,3.73,2.88,0.06,0.42
1989,173,21.31,26.63,17.1,75.1,0.0,3.69,2.87,0.13,0.41
1989,174,20.82,26.97,16.0,75.28,0.0,3.96,3.06,0.04,0.41
1989,175,21.45,27.81,16.77,68.83,0.0,3.1,2.37,0.06,0.41
1989,176,21.91,27.98,17.36,72.76,0.0,2.75,2.11,0.02,0.41
1989,177,22.78,28.38,19.41,73.3,0.0,2.54,1.96,0.05,0.41
1989,178,22.83,28.2,18.37,69.73,0.0,3.96,3.07,0.01,0.41
1989,179,22.91,28.25,18.36,64.34,0.0,5.03,3.91,0.01,0.41
1989,180,22.56,28.57,17.17,63.81,0.0,3.74,2.92,0.02,0.41
1989,181,22.56,28.56,17.46,63.54,0.0,4.12,3.2,0.0,0.4
1989,182,22.13,28.22,17.16,64.28,0.0,4.04,3.16,0.09,0.4
1989,183,22.51,28.32,17.73,63.93,0.0,3.82,2.99,0.09,0.4
1989,184,22.95,28.31,18.66,65.18,0.0,2.8,2.17,0.09,0.4
1989,185,22.95,28.69,18.2,58.81,0.0,5.27,4.12,0.14,0.4
1989,186,22.52,27.46,19.16,65.96,0.0,4.11,3.23,0.11,0.4
1989,187,21.76,26.4,18.27,76.28,0.28,3.57,2.85,0.03,0.4
1989,188,20.92,24.92,18.02,73.04,1.63,6.93,5.53,0.49,0.4
1989,189,20.63,26.32,16.41,71.8,0.01,7.7,6.11,0.04,0.4
1989,190,20.58,26.13,16.41,69.61,0.0,7.37,5.85,0.05,0.4
1989,191,20.74,27.28,15.43,65.42,0.0,3.34,2.62,0.03,0.4
1989,192,22.29,28.85,16.72,61.04,0.08,3.73,2.92,0.19,0.4
1989,193,22.91,27.17,19.49,65.57,0.02,2.77,2.19,0.16,0.4
1989,194,23.51,27.29,20.64,67.82,0.11,4.06,3.18,0.31,0.4
1989,195,23.95,29.15,18.77,64.53,0.08,4.1,3.17,0.43,0.4
1989,196,23.36,29.46,17.71,60.74,0.0,5.83,4.53,0.05,0.4
1989,197,23.01,29.37,17.45,65.36,0.0,4.98,3.94,0.82,0.39
1989,198,23.17,28.78,18.96,56.05,0.0,3.27,2.64,0.41,0.39
1989,199,23.01,28.75,18.18,62.48,0.0,4.28,3.37,0.04,0.39
1989,200,23.09,27.59,19.21,75.1,0.37,5.59,4.38,1.0,0.39
1989,201,20.48,23.21,17.32,69.32,1.41,8.69,6.89,0.85,0.4
1989,202,19.06,23.84,15.42,65.14,0.05,9.58,7.55,0.41,0.4
1989,203,20.62,26.22,15.19,63.32,0.12,4.94,3.96,0.91,0.39
1989,204,21.4,25.32,18.21,75.0,1.91,3.59,2.89,0.51,0.39
1989,205,21.77,25.96,18.75,77.27,4.32,2.49,1.92,0.26,0.4
1989,206,22.8,28.19,18.61,70.92,0.31,2.84,2.22,0.52,0.4
1989,207,23.03,28.37,18.83,67.4,0.0,3.08,2.44,0.37,0.4
1989,208,22.84,27.79,19.01,69.72,0.01,3.57,2.83,0.15,0.4
1989,209,22.07,26.52,19.0,74.29,0.0,4.73,3.76,0.22,0.4
1989,210,20.69,24.7,17.03,68.74,0.2,5.84,4.69,0.24,0.4
1989,211,21.89,27.59,16.57,66.33,0.0,5.74,4.59,0.13,0.4
1989,212,22.14,27.63,17.7,67.49,0.0,5.31,4.24,0.06,0.39
1989,213,22.99,28.3,19.2,66.82,0.0,3.32,2.69,0.04,0.39
1989,214,23.39,29.58,18.53,59.74,0.0,4.04,3.19,0.08,0.39
1989,215,23.39,28.72,18.86,60.2,0.0,4.58,3.65,0.2,0.39
1989,216,23.18,26.43,20.74,70.13,0.07,3.96,3.19,0.84,0.39
1989,217,23.89,29.24,19.1,57.92,0.05,4.12,3.23,0.51,0.39
1989,218,23.05,29.14,17.66,55.58,0.0,6.17,4.82,0.21,0.39
1989,219,22.6,28.63,17.3,57.87,0.0,4.7,3.74,0.04,0.39
1989,220,23.42,28.91,18.21,53.98,0.0,4.61,3.65,0.13,0.39
1989,221,24.54,29.37,20.01,52.68,0.0,4.33,3.44,0.88,0.39
1989,222,24.19,28.82,19.82,60.32,0.01,4.46,3.56,0.56,0.39
1989,223,24.3,29.81,20.49,52.26,0.0,4.34,3.4,0.11,0.39
1989,224,23.16,28.94,17.65,51.33,0.0,5.22,4.13,0.1,0.39
1989,225,23.23,29.07,18.61,60.04,0.0,5.13,4.12,0.1,0.38
1989,226,24.31,30.09,19.15,59.62,0.0,3.46,2.75,0.3,0.38
1989,227,24.77,29.98,19.86,55.68,0.0,4.07,3.24,0.4,0.38
1989,228,24.17,30.11,18.94,53.89,0.0,3.98,3.16,0.07,0.38
1989,229,24.11,29.88,19.07,54.41,0.0,6.07,4.82,0.09,0.38
1989,230,23.59,29.72,17.86,56.57,0.0,5.65,4.46,0.07,0.38
1989,231,23.4,29.91,17.24,54.5,0.03,6.38,5.0,0.08,0.38
1989,232,22.96,29.94,17.02,54.0,0.01,4.81,3.84,0.11,0.38
1989,233,23.05,29.94,16.97,54.86,0.0,4.22,3.38,0.1,0.38
1989,234,23.54,30.9,17.17,50.36,0.0,4.93,3.91,0.02,0.38
1989,235,23.84,31.75,16.89,51.63,0.0,5.77,4.49,0.11,0.38
1989,236,22.94,29.55,17.14,62.95,0.0,5.11,4.1,0.09,0.38
1989,237,23.34,29.47,17.92,53.74,0.0,4.41,3.54,0.2,0.38
1989,238,23.62,29.83,18.41,52.04,0.0,4.67,3.72,0.07,0.38
1989,239,24.16,30.56,18.71,58.37,0.0,4.91,3.92,0.07,0.38
1989,240,24.79,30.35,20.3,59.5,0.0,5.46,4.33,0.06,0.38
1989,241,24.86,31.58,19.6,51.74,0.0,3.88,3.1,0.08,0.38
1989,242,24.34,29.58,19.6,63.77,0.0,6.5,5.19,0.55,0.38
1989,243,24.88,29.35,21.55,66.3,0.0,4.36,3.5,0.73,0.38
1989,244,24.98,31.05,19.18,61.54,0.0,6.44,5.14,0.24,0.38
1989,245,25.29,31.35,19.61,49.74,0.0,4.55,3.63,0.12,0.37
1989,246,24.74,30.91,20.1,57.47,0.0,5.04,4.06,0.42,0.37
1989,247,25.64,31.08,21.73,61.27,0.01,4.0,3.22,0.56,0.37
1989,248,26.01,31.83,21.09,56.19,0.0,3.85,3.07,0.58,0.37
1989,249,26.06,31.44,21.5,64.0,0.0,4.96,3.97,0.36,0.37
1989,250,23.84,26.76,20.44,73.87,0.04,6.71,5.4,0.93,0.37
1989,251,21.53,24.55,18.91,63.99,4.35,8.63,6.9,0.86,0.38
1989,252,20.25,25.59,16.34,53.89,0.11,9.88,7.86,0.44,0.38
1989,253,21.95,29.38,14.72,54.95,0.05,6.1,4.89,0.22,0.38
1989,254,23.73,29.75,18.0,50.39,0.0,5.27,4.21,0.04,0.38
1989,255,24.67,31.32,18.62,51.71,0.0,5.52,4.33,0.21,0.38
1989,256,24.19,30.16,19.08,57.17,0.0,5.18,4.16,0.1,0.38
1989,257,25.04,30.85,19.65,57.49,0.0,4.35,3.48,0.04,0.37
1989,258,24.92,31.0,19.83,50.02,0.38,6.26,4.94,0.51,0.37
1989,259,24.38,30.66,19.4,49.89,0.01,5.68,4.5,0.36,0.37
1989,260,24.89,30.82,19.44,54.17,0.0,4.66,3.76,0.44,0.37
1989,261,25.7,31.57,20.91,56.04,0.03,5.05,4.03,0.3,0.37
1989,262,25.42,30.36,21.35,64.49,0.0,6.23,4.97,0.06,0.37
1989,263,23.95,27.36,21.29,71.57,1.11,4.97,4.03,0.57,0.37
1989,264,23.78,30.15,18.75,58.08,0.0,4.65,3.8,0.31,0.37
1989,265,23.09,28.54,18.03,67.3,0.0,5.08,4.11,0.17,0.37
1989,266,23.93,28.32,20.32,61.86,0.06,7.75,6.23,0.09,0.37
1989,267,25.02,33.49,19.24,64.21,0.01,6.22,4.93,0.42,0.37
1989,268,23.05,26.79,20.2,77.79,13.84,4.77,3.82,1.0,0.39
1989,269,21.34,24.99,18.76,68.31,0.71,6.08,4.94,0.7,0.4
1989,270,21.23,26.1,17.27,59.84,0.11,7.46,6.0,0.33,0.39
1989,271,22.33,28.63,16.41,56.22,0.0,7.57,6.05,0.04,0.39
1989,272,24.54,30.72,19.57,64.5,0.02,5.89,4.7,0.55,0.39
1989,273,25.97,30.78,21.73,65.7,0.03,3.26,2.61,0.6,0.38
1989,274,28.11,34.27,23.0,53.78,0.01,4.45,3.47,0.16,0.38
1989,275,26.33,33.63,20.42,50.92,0.0,4.61,3.7,0.21,0.38
1989,276,26.56,31.77,22.19,69.3,0.0,4.9,3.91,0.52,0.38
1989,277,27.6,33.61,23.55,65.58,0.0,4.21,3.31,0.29,0.38
1989,278,28.21,34.43,22.42,58.85,0.0,5.2,4.14,0.0,0.38
1989,279,27.44,33.1,22.64,54.87,0.0,5.87,4.65,0.06,0.37
1989,280,26.78,32.82,21.46,62.12,0.0,5.74,4.65,0.06,0.37
1989,281,26.53,32.26,21.6,56.84,0.01,4.35,3.53,0.54,0.37
1989,282,26.75,31.53,23.59,71.33,0.02,3.94,3.19,0.57,0.37
1989,283,26.69,31.88,23.12,67.33,0.01,4.56,3.68,0.98,0.37
1989,284,25.5,30.7,21.75,67.04,0.0,6.8,5.48,0.94,0.37
1989,285,23.97,29.61,19.67,62.22,0.01,10.07,8.01,0.89,0.37
1989,286,23.35,29.57,18.31,53.34,0.07,9.42,7.51,0.08,0.37
1989,287,23.91,30.07,18.59,59.62,0.0,8.44,6.78,0.14,0.37
1989,288,23.5,28.13,19.92,68.4,0.04,7.26,5.88,0.13,0.37
1989,289,24.19,29.94,19.75,65.05,0.0,6.82,5.5,0.22,0.37
1989,290,25.8,31.69,20.11,61.09,0.66,7.03,5.62,0.22,0.37
1989,291,27.09,34.2,21.55,61.73,0.04,5.02,4.01,0.99,0.37
1989,292,27.3,32.06,23.7,63.4,0.08,2.93,2.34,0.76,0.37
1989,293,28.34,33.92,23.87,57.35,0.0,3.76,3.01,0.22,0.37
1989,294,28.89,35.3,24.52,53.57,0.0,4.38,3.47,0.21,0.37
1989,295,28.82,35.23,25.0,57.9,0.04,4.36,3.44,0.44,0.37
1989,296,28.35,34.67,24.8,59.86,0.08,4.44,3.52,0.8,0.37
1989,297,26.31,30.4,23.98,72.39,0.11,3.88,3.18,1.0,0.37
1989,298,26.34,31.41,23.02,67.39,0.22,7.18,5.8,0.83,0.37
1989,299,25.62,30.02,22.89,67.3,1.13,6.68,5.43,0.96,0.37
1989,300,24.17,26.08,22.87,73.54,2.98,5.62,4.58,1.0,0.37
1989,301,25.37,30.13,21.69,68.57,2.96,3.81,3.13,1.0,0.38
1989,302,26.45,31.28,23.1,61.9,0.47,3.73,3.03,0.98,0.38
1989,303,26.19,29.4,23.21,65.81,2.63,3.42,2.77,0.57,0.38
1989,304,26.92,32.41,22.04,61.67,0.26,3.32,2.68,0.61,0.38
1989,305,26.74,32.09,23.42,67.17,0.31,3.47,2.81,0.34,0.38
1989,306,26.04,30.61,22.38,65.86,0.03,5.03,4.08,0.55,0.37
1989,307,27.39,34.11,21.73,59.26,0.52,5.98,4.8,0.17,0.37
1989,308,28.45,34.72,24.33,61.11,0.0,4.99,3.98,0.56,0.37
1989,309,28.3,31.78,25.38,59.1,0.0,3.81,3.06,0.35,0.37
1989,310,29.04,34.04,24.19,55.81,0.08,6.31,5.05,0.36,0.37
1989,311,29.79,34.97,26.2,55.05,0.22,5.59,4.42,0.46,0.37
1989,312,29.06,35.23,24.77,61.82,0.23,4.99,3.99,0.14,0.37
1989,313,28.35,32.7,25.52,67.4,0.23,4.86,3.89,0.17,0.37
1989,314,27.77,32.68,24.69,69.33,0.13,3.7,3.01,0.75,0.37
1989,315,27.15,32.23,24.08,67.32,0.06,5.97,4.77,0.63,0.37
1989,316,26.35,31.73,21.8,63.36,2.02,7.76,6.19,0.38,0.37
1989,317,26.5,32.03,20.5,57.61,0.1,8.11,6.39,0.27,0.37
1989,318,27.22,32.43,23.41,57.69,0.94,4.7,3.69,0.84,0.37
1989,319,26.92,30.22,24.75,65.71,2.7,5.58,4.36,0.8,0.37
1989,320,27.73,32.19,23.94,61.11,0.72,3.59,2.81,0.78,0.38
1989,321,27.6,32.23,24.43,64.47,9.99,3.87,3.08,0.64,0.38
1989,322,25.44,27.98,23.44,79.17,29.56,2.91,2.38,0.97,0.43
1989,323,25.73,29.71,22.73,76.03,3.51,4.45,3.63,0.54,0.45
1989,324,25.16,29.36,21.25,69.83,2.03,8.24,6.59,0.32,0.44
1989,325,25.86,31.79,19.98,65.5,2.99,7.58,6.0,0.62,0.43
1989,326,26.53,31.02,22.65,68.89,6.25,4.37,3.47,0.76,0.43
1989,327,26.74,30.9,23.41,73.64,2.15,3.63,2.94,0.33,0.44
1989,328,27.06,31.88,23.27,71.32,1.28,4.02,3.21,0.26,0.43
1989,329,25.84,30.03,22.36,70.52,1.55,4.56,3.72,0.34,0.43
1989,330,27.07,32.42,21.97,67.0,1.14,5.53,4.46,0.23,0.43
1989,331,26.45,30.29,23.93,72.94,1.02,5.45,4.36,0.38,0.42
1989,332,25.47,28.84,23.44,75.7,0.99,5.43,4.34,0.72,0.42
1989,333,25.08,27.96,23.0,77.82,2.14,3.51,2.87,0.8,0.42
1989,334,26.0,30.72,22.14,68.43,1.43,3.97,3.24,0.8,0.42
1989,335,25.98,30.73,21.73,68.18,1.39,3.76,3.09,0.62,0.42
1989,336,26.39,30.68,23.18,73.07,14.51,4.7,3.76,0.8,0.43
1989,337,24.5,25.22,23.1,87.32,40.23,4.06,3.28,1.0,0.48
1989,338,25.72,27.71,24.51,88.04,21.81,6.53,5.12,0.84,0.52
1989,339,25.92,27.77,24.22,87.23,12.17,8.01,6.23,0.73,0.55
1989,340,26.07,28.54,23.86,82.64,8.77,5.38,4.3,0.8,0.55
1989,341,25.42,29.48,22.12,75.68,5.65,6.74,5.4,0.12,0.54
1989,342,24.93,29.55,20.82,71.55,0.09,6.6,5.31,0.18,0.53
1989,343,25.23,30.07,20.73,72.25,3.3,6.16,4.93,0.33,0.52
1989,344,26.94,31.47,22.52,69.42,8.6,4.39,3.47,0.49,0.52
1989,345,26.86,31.22,23.63,73.73,8.77,3.81,2.98,0.67,0.53
1989,346,26.28,30.36,22.77,75.87,12.22,4.86,3.85,0.53,0.54
1989,347,25.62,28.77,23.86,81.52,22.78,3.31,2.64,0.79,0.56
1989,348,25.89,29.12,23.43,78.27,11.93,2.49,2.01,0.72,0.58
1989,349,25.69,28.71,23.08,80.77,5.35,3.45,2.76,0.58,0.58
1989,350,25.99,29.65,23.17,75.7,0.56,3.11,2.53,0.7,0.57
1989,351,27.04,31.14,23.24,78.3,21.71,3.66,2.96,0.78,0.57
1989,352,26.15,28.27,24.89,85.0,19.12,4.14,3.29,0.75,0.6
1989,353,25.96,28.55,23.95,83.97,5.92,4.02,3.2,0.71,0.61
1989,354,26.34,30.61,22.73,76.3,2.6,2.72,2.15,0.22,0.6
1989,355,27.42,31.66,23.41,74.28,1.04,4.57,3.61,0.0,0.59
1989,356,28.36,33.31,23.79,74.91,0.77,6.17,4.81,0.32,0.58
1989,357,28.14,33.22,23.18,69.68,0.16,6.24,4.82,0.52,0.57
1989,358,27.83,33.15,22.59,66.4,0.24,5.7,4.49,0.33,0.55
1989,359,27.01,32.24,21.35,62.1,0.0,5.13,4.07,0.66,0.55
1989,360,26.7,32.23,20.78,63.41,0.0,5.89,4.61,0.02,0.54
1989,361,26.92,31.92,20.89,63.14,0.15,4.62,3.7,0.15,0.53
1989,362,27.96,33.24,22.64,62.59,0.29,4.29,3.39,0.23,0.52
1989,363,28.78,33.21,24.37,64.62,0.07,3.94,3.12,0.18,0.51
1989,364,28.44,33.42,23.32,62.08,0.0,4.84,3.86,0.23,0.51
1989,365,28.97,33.14,25.07,65.94,0.28,3.83,3.07,0.57,0.5
1990,1,28.82,33.49,24.64,70.38,4.55,5.47,4.23,0.47,0.5
1990,2,28.09,32.88,25.21,76.58,33.08,9.8,7.55,0.99,0.51
1990,3,25.98,27.35,24.84,88.16,71.43,12.21,9.37,1.0,0.62
1990,4,25.93,27.83,24.83,87.85,37.32,10.89,8.35,0.93,0.69
1990,5,26.03,28.07,24.64,82.79,9.4,8.88,6.88,0.41,0.69
1990,6,26.12,28.61,24.09,82.36,8.39,5.12,4.01,0.08,0.68
1990,7,26.44,29.82,23.04,83.1,5.27,3.4,2.69,0.07,0.67
1990,8,27.15,30.91,24.06,81.01,9.03,6.28,4.93,0.22,0.66
1990,9,27.37,31.05,23.76,77.38,5.38,4.88,3.82,0.07,0.66
1990,10,26.2,31.07,21.33,73.38,0.2,4.17,3.3,0.94,0.65
1990,11,27.24,30.93,23.9,74.74,2.25,2.84,2.26,0.05,0.64
1990,12,27.53,32.02,23.18,70.29,0.21,4.16,3.29,0.18,0.62
1990,13,26.8,29.94,23.7,72.13,3.13,3.54,2.8,0.7,0.62
1990,14,26.57,29.88,24.4,80.35,3.72,3.04,2.43,0.97,0.62
1990,15,26.9,30.29,24.38,75.05,3.63,2.69,2.18,0.56,0.61
1990,16,27.38,31.48,23.33,74.38,0.65,3.55,2.86,0.04,0.6
1990,17,27.68,31.5,23.68,75.48,3.09,3.52,2.82,0.07,0.6
1990,18,27.58,31.23,24.38,72.84,4.31,2.56,2.1,0.99,0.59
1990,19,25.54,27.46,23.73,80.35,11.93,3.78,3.01,1.0,0.6
1990,20,25.62,28.13,23.23,82.06,0.81,4.33,3.46,1.0,0.6
1990,21,26.25,28.91,24.3,81.89,0.85,3.07,2.43,0.56,0.6
1990,22,26.34,29.16,24.23,79.74,0.69,2.54,1.99,0.75,0.6
1990,23,26.28,29.8,23.04,76.26,0.18,2.74,2.18,0.13,0.59
1990,24,26.97,31.01,22.88,73.36,0.01,3.58,2.89,0.58,0.58
1990,25,27.97,31.97,24.04,74.86,1.05,4.55,3.62,0.06,0.57
1990,26,28.36,32.85,24.5,75.6,7.06,3.47,2.78,0.53,0.56
1990,27,27.47,30.72,25.23,78.54,7.55,2.56,2.04,0.25,0.57
1990,28,27.25,30.06,25.25,79.83,6.96,2.85,2.25,0.25,0.57
1990,29,27.39,30.42,24.27,77.89,1.52,4.22,3.32,0.33,0.57
1990,30,28.55,33.14,24.02,71.76,2.42,3.84,2.97,0.11,0.56
1990,31,27.85,32.43,23.06,72.28,7.15,3.97,3.13,0.35,0.56
1990,32,27.21,30.15,24.04,74.83,5.21,3.06,2.43,0.79,0.56
1990,33,27.86,32.32,24.26,69.93,1.49,4.72,3.74,0.08,0.56
1990,34,27.74,32.28,23.54,69.5,1.44,5.2,4.07,0.07,0.55
1990,35,27.46,31.26,22.82,69.56,2.3,4.11,3.26,0.45,0.54
1990,36,28.36,32.69,24.28,71.74,2.01,3.14,2.47,0.99,0.54
1990,37,27.15,29.02,25.66,82.32,8.23,3.67,2.89,0.64,0.54
1990,38,26.96,29.58,24.83,79.63,4.32,3.72,2.93,0.52,0.55
1990,39,26.73,29.46,24.31,78.52,1.13,2.87,2.3,0.56,0.54
1990,40,27.18,30.16,24.89,78.46,4.2,3.96,3.17,0.62,0.54
1990,41,26.94,29.45,25.07,85.19,39.01,4.87,3.84,0.95,0.57
1990,42,26.6,28.82,24.27,80.49,8.84,5.33,4.22,0.48,0.6
1990,43,25.86,29.09,23.48,75.46,1.61,4.75,3.77,0.47,0.59
1990,44,25.38,29.59,22.07,71.39,0.39,6.15,4.89,0.21,0.58
1990,45,24.27,29.14,20.02,71.44,0.0,6.94,5.5,0.17,0.57
1990,46,25.19,30.72,19.85,70.83,0.06,5.52,4.39,0.03,0.55
1990,47,26.24,29.52,22.75,78.18,3.48,4.59,3.62,0.64,0.55
1990,48,26.32,29.24,23.95,77.72,3.01,3.02,2.4,0.29,0.55
1990,49,27.0,31.03,23.26,75.75,3.24,3.09,2.44,0.14,0.55
1990,50,28.0,32.18,24.32,73.39,3.11,3.32,2.64,0.1,0.54
1990,51,27.52,31.5,24.83,75.35,5.45,2.87,2.26,0.04,0.54
1990,52,27.59,31.17,24.74,77.22,1.64,3.64,2.89,0.25,0.54
1990,53,28.16,31.86,25.53,77.55,4.1,2.88,2.29,0.05,0.54
1990,54,28.04,32.3,24.42,74.54,2.56,3.92,3.09,0.06,0.53
1990,55,28.03,32.13,24.98,74.97,1.14,2.89,2.28,0.32,0.53
1990,56,27.37,30.07,25.43,75.38,1.53,2.37,1.85,0.84,0.53
1990,57,27.61,31.94,23.63,71.53,0.61,4.67,3.73,0.05,0.53
1990,58,27.71,32.86,23.76,68.95,0.03,6.45,5.06,0.06,0.52
1990,59,26.2,30.43,22.3,73.52,0.23,4.23,3.39,0.07,0.51
1990,60,26.35,29.52,23.86,72.96,0.16,3.93,3.13,0.13,0.5
1990,61,25.66,29.61,22.44,70.99,0.01,4.39,3.53,0.07,0.5
1990,62,25.67,30.21,21.53,69.63,0.01,4.54,3.64,0.05,0.49
1990,63,25.73,29.89,21.95,72.26,0.15,5.78,4.62,0.13,0.49
1990,64,25.68,30.26,21.37,72.27,0.02,6.28,4.99,0.05,0.48
1990,65,25.41,30.11,22.04,68.93,0.08,7.22,5.71,0.49,0.48
1990,66,24.56,29.96,19.56,66.03,0.0,6.4,5.1,0.05,0.47
1990,67,24.96,30.85,19.55,63.19,0.0,6.22,4.94,0.04,0.47
1990,68,25.94,31.98,20.45,66.48,0.0,5.9,4.69,0.02,0.46
1990,69,26.86,32.74,21.82,69.95,0.03,4.87,3.88,0.06,0.46
1990,70,26.26,31.12,22.62,71.76,0.06,6.56,5.19,0.08,0.46
1990,71,25.27,31.27,20.53,68.29,0.09,7.13,5.62,0.09,0.45
1990,72,25.63,31.11,21.28,70.55,1.16,8.38,6.5,0.23,0.45
1990,73,27.44,33.74,22.36,66.94,1.62,5.3,4.08,0.35,0.45
1990,74,27.93,33.61,23.13,67.79,0.87,4.17,3.23,0.33,0.45
1990,75,27.82,33.17,23.29,68.25,1.64,4.52,3.48,0.0,0.44
1990,76,27.62,33.49,22.64,67.0,0.29,3.76,2.95,0.01,0.44
1990,77,27.07,32.19,23.1,68.48,0.79,3.39,2.65,0.13,0.44
1990,78,26.63,31.95,21.68,63.5,0.18,4.03,3.21,0.53,0.43
1990,79,27.83,33.45,23.16,66.58,0.52,4.71,3.77,0.31,0.43
1990,80,27.99,32.77,24.37,67.52,0.11,3.1,2.49,0.13,0.43
1990,81,27.31,31.13,24.44,69.29,1.62,2.6,2.03,0.44,0.43
1990,82,27.54,32.7,23.26,66.99,0.9,3.46,2.73,0.64,0.43
1990,83,27.45,31.38,24.22,68.97,1.22,4.34,3.5,0.18,0.43
1990,84,26.49,31.06,23.02,69.64,0.11,4.7,3.79,0.25,0.42
1990,85,25.85,30.03,23.28,67.62,0.04,3.4,2.72,0.87,0.42
1990,86,25.84,29.36,23.18,73.6,1.16,4.26,3.36,0.83,0.42
1990,87,25.1,29.61,21.88,68.2,1.65,4.4,3.55,0.54,0.42
1990,88,25.31,29.68,21.51,65.26,0.14,5.99,4.77,0.89,0.42
1990,89,25.6,31.03,21.6,69.52,6.55,6.9,5.45,0.37,0.42
1990,90,25.8,31.13,21.51,71.4,0.3,6.44,5.07,0.04,0.43
1990,91,26.2,31.62,22.51,71.7,0.0,3.89,3.06,0.05,0.42
1990,92,25.29,29.82,22.88,73.42,0.0,3.05,2.43,0.48,0.42
1990,93,25.47,30.94,21.01,65.17,0.0,3.69,2.94,0.43,0.42
1990,94,27.14,32.94,21.96,69.92,0.18,5.81,4.58,0.26,0.42
1990,95,26.51,31.06,23.78,74.13,1.11,5.02,3.96,0.77,0.41
1990,96,25.3,29.28,22.43,74.7,3.48,5.65,4.51,0.25,0.42
1990,97,25.07,30.17,20.93,71.07,0.08,5.82,4.65,0.01,0.42
1990,98,26.65,31.9,22.07,71.36,2.71,5.5,4.33,0.03,0.42
1990,99,27.76,32.4,23.96,71.01,3.44,3.43,2.61,0.42,0.42
1990,100,27.35,31.83,24.12,73.07,10.65,3.01,2.3,0.13,0.43
1990,101,27.08,32.18,23.24,69.69,4.07,4.75,3.65,0.05,0.44
1990,102,27.37,33.24,22.5,67.24,1.38,4.76,3.65,0.12,0.43
1990,103,26.84,31.16,22.84,66.01,0.72,3.56,2.79,0.09,0.43
1990,104,26.86,32.45,22.67,70.03,6.32,5.49,4.23,0.09,0.43
1990,105,26.81,31.99,22.43,67.7,0.07,6.52,5.03,0.06,0.43
1990,106,26.61,31.7,21.83,67.52,0.12,5.69,4.43,0.18,0.43
1990,107,27.03,32.48,22.0,67.79,0.67,4.99,3.88,0.28,0.43
1990,108,27.77,32.47,24.73,71.81,3.15,4.38,3.3,0.97,0.42
1990,109,27.21,31.85,24.04,73.44,2.14,3.96,3.11,0.92,0.43
1990,110,26.83,30.67,24.04,73.35,0.33,4.02,3.22,0.04,0.43
1990,111,26.93,32.11,22.63,65.58,0.01,4.27,3.39,0.01,0.42
1990,112,26.81,32.05,22.93,68.02,0.2,3.61,2.86,0.04,0.42
1990,113,27.07,31.91,23.24,72.06,0.19,2.1,1.66,0.17,0.42
1990,114,27.81,32.75,23.91,65.48,0.1,2.95,2.31,0.03,0.42
1990,115,27.82,32.47,24.21,61.87,0.15,2.44,1.92,0.1,0.41
1990,116,27.19,32.05,24.21,70.84,1.78,3.2,2.52,0.08,0.41
1990,117,25.59,29.51,23.18,79.44,15.55,3.32,2.63,0.6,0.42
1990,118,24.9,28.79,21.29,74.06,2.61,3.87,3.08,0.43,0.44
1990,119,24.1,29.72,19.11,66.55,0.0,3.46,2.75,0.02,0.44
1990,120,24.49,27.75,21.4,68.26,0.16,2.83,2.21,0.96,0.43
1990,121,25.58,29.81,22.39,71.32,1.28,4.07,3.21,0.96,0.43
1990,122,25.1,28.66,22.36,72.95,1.35,2.64,2.06,0.42,0.43
1990,123,24.24,28.78,20.44,71.16,0.2,2.66,2.09,0.14,0.43
1990,124,25.12,30.01,21.22,74.26,0.87,3.76,2.91,0.08,0.43
1990,125,24.92,29.06,21.57,72.93,0.97,5.23,4.17,0.27,0.43
1990,126,23.29,28.2,19.38,67.52,0.0,6.42,5.12,0.32,0.43
1990,127,23.53,28.84,19.66,68.81,0.0,7.43,5.86,0.1,0.42
1990,128,23.87,29.97,19.46,69.59,0.0,6.8,5.4,0.07,0.42
1990,129,24.75,30.46,20.13,72.04,0.0,5.75,4.53,0.07,0.42
1990,130,23.99,27.62,21.31,79.07,0.63,3.59,2.84,0.54,0.42
1990,131,23.57,28.38,19.97,74.28,0.09,6.64,5.26,0.06,0.42
1990,132,22.85,28.81,18.06,66.08,0.01,7.84,6.17,0.06,0.41
1990,133,23.49,28.61,18.73,65.15,0.03,4.22,3.33,0.05,0.41
1990,134,24.61,30.22,19.75,64.74,0.04,5.38,4.22,0.05,0.41
1990,135,24.53,30.29,19.37,68.01,0.0,6.34,4.96,0.04,0.41
1990,136,24.0,29.53,19.5,64.06,0.01,7.06,5.54,0.04,0.41
1990,137,22.68,28.32,18.14,63.45,0.03,8.49,6.64,0.09,0.41
1990,138,23.18,29.42,17.69,63.19,0.1,7.18,5.59,0.38,0.4
1990,139,23.58,29.32,18.22,60.75,0.01,4.75,3.73,0.08,0.4
1990,140,24.08,29.54,19.1,61.05,0.01,3.92,3.14,0.07,0.4
1990,141,24.39,30.4,19.71,61.48,0.0,3.84,3.05,0.04,0.4
1990,142,24.8,30.43,20.27,59.71,0.0,3.6,2.84,0.26,0.4
1990,143,24.47,29.7,20.29,64.59,0.01,4.88,3.85,0.58,0.4
1990,144,23.13,27.44,19.62,68.65,0.04,8.42,6.62,0.62,0.4
1990,145,22.59,28.6,17.91,66.95,0.0,5.76,4.63,0.26,0.4
1990,146,22.01,26.64,18.46,67.08,0.03,5.75,4.6,0.17,0.4
1990,147,22.87,28.62,17.8,66.6,0.0,6.21,4.93,0.02,0.4
1990,148,24.07,29.54,18.7,61.08,0.0,3.58,2.83,0.11,0.4
1990,149,25.13,29.91,21.62,62.14,1.48,3.8,3.02,0.18,0.4
1990,150,23.74,28.14,20.86,66.4,1.21,3.39,2.62,0.24,0.4
1990,151,22.68,26.87,19.42,73.09,0.08,2.9,2.32,0.97,0.4
1990,152,23.44,28.84,18.75,68.21,0.04,5.96,4.7,0.1,0.4
1990,153,24.36,30.52,18.9,61.82,0.0,6.52,5.04,0.07,0.4
1990,154,24.68,30.68,19.31,62.22,0.01,5.05,3.98,0.66,0.4
1990,155,25.21,30.84,20.92,61.42,0.0,4.6,3.6,0.18,0.39
1990,156,25.05,31.02,20.12,57.56,0.0,3.17,2.49,0.1,0.39
1990,157,24.77,29.65,21.17,58.84,0.0,4.38,3.5,0.18,0.39
1990,158,23.39,29.17,18.03,57.75,0.0,3.49,2.81,0.07,0.39
1990,159,23.62,28.28,19.96,66.28,0.0,3.86,3.03,0.09,0.39
1990,160,22.46,27.08,18.66,69.07,0.0,5.02,4.01,0.08,0.39
1990,161,22.42,28.56,17.51,62.42,0.0,5.09,4.04,0.07,0.39
1990,162,22.46,27.98,18.17,68.27,0.0,4.17,3.3,0.15,0.39
1990,163,22.39,26.42,19.45,72.47,0.04,5.6,4.47,0.7,0.39
1990,164,22.34,27.56,18.25,68.96,0.02,7.7,6.06,0.16,0.39
1990,165,22.84,28.9,18.08,65.79,0.0,6.27,4.94,0.13,0.39
1990,166,22.82,28.62,17.76,59.84,0.0,5.49,4.33,0.07,0.39
1990,167,23.8,29.55,19.17,67.22,0.0,4.46,3.53,0.08,0.39
1990,168,23.51,27.52,20.76,69.37,0.0,2.84,2.2,0.23,0.39
1990,169,23.27,27.0,20.08,75.68,1.58,4.12,3.29,0.23,0.39
1990,170,21.43,24.93,17.93,69.92,2.45,7.58,6.01,0.31,0.39
1990,171,20.54,26.98,15.66,63.26,0.11,7.53,5.94,0.03,0.39
1990,172,21.5,26.72,17.63,62.99,0.21,6.02,4.76,0.11,0.39
1990,173,20.91,23.96,18.84,69.03,1.56,2.7,2.06,0.15,0.39
1990,174,21.37,27.32,16.25,68.02,0.0,3.79,2.93,0.1,0.39
1990,175,21.15,24.4,17.14,75.93,12.02,5.83,4.59,0.79,0.4
1990,176,20.09,25.19,15.99,69.98,0.01,6.75,5.32,0.14,0.41
1990,177,20.17,26.0,15.64,65.92,0.0,5.48,4.33,0.18,0.41
1990,178,20.15,26.26,15.31,64.58,0.0,3.92,3.06,0.21,0.41
1990,179,21.0,27.55,15.67,62.22,0.0,4.3,3.29,0.34,0.4
1990,180,22.3,27.03,18.6,69.55,0.0,6.14,4.71,0.09,0.4
1990,181,22.49,26.57,19.32,77.04,0.4,5.45,4.26,0.55,0.4
1990,182,20.26,23.26,17.48,73.54,0.22,6.67,5.3,0.9,0.4
1990,183,18.63,22.98,15.27,58.85,0.01,8.11,6.41,0.5,0.4
1990,184,18.63,25.62,13.34,59.08,0.0,7.07,5.57,0.07,0.4
1990,185,19.2,25.08,13.94,61.07,0.0,4.22,3.31,0.07,0.4
1990,186,20.13,25.31,15.45,61.12,0.0,2.93,2.25,0.06,0.39
1990,187,19.61,24.03,15.36,68.24,0.04,3.65,2.85,0.23,0.39
1990,188,20.16,24.93,16.0,69.6,0.04,4.64,3.68,0.05,0.39
1990,189,20.09,25.6,15.32,67.58,0.01,5.41,4.32,0.44,0.39
1990,190,21.81,27.62,16.11,62.34,0.07,5.14,4.0,0.24,0.39
1990,191,22.66,28.1,17.29,60.2,0.0,4.65,3.67,0.17,0.39
1990,192,22.42,27.56,19.11,60.77,0.0,4.17,3.3,0.17,0.39
1990,193,21.57,26.22,17.67,66.65,0.0,3.18,2.47,0.29,0.39
1990,194,21.65,27.18,17.29,65.02,0.0,3.23,2.52,0.02,0.39
1990,195,20.98,25.3,17.73,68.88,0.13,4.22,3.36,0.33,0.39
1990,196,19.96,24.99,15.29,64.22,0.0,6.62,5.27,0.04,0.39
1990,197,21.0,27.55,15.23,60.23,0.0,3.89,3.08,0.06,0.39
1990,198,22.08,27.55,18.48,68.24,0.0,3.79,2.9,0.06,0.39
1990,199,21.37,25.98,17.88,72.13,0.0,2.74,2.15,0.07,0.39
1990,200,22.37,27.81,17.51,68.53,0.0,3.17,2.49,0.14,0.39
1990,201,23.07,28.32,18.58,60.45,0.16,4.55,3.61,0.1,0.39
1990,202,22.05,27.08,18.29,64.88,0.0,6.75,5.35,0.15,0.39
1990,203,20.25,24.58,16.99,68.33,0.09,8.13,6.47,0.44,0.38
1990,204,19.83,25.66,14.83,57.16,0.0,8.04,6.36,0.09,0.38
1990,205,20.75,27.76,14.78,52.2,0.0,6.36,5.03,0.08,0.38
1990,206,20.42,26.18,15.08,56.5,0.0,4.37,3.42,0.1,0.38
1990,207,21.31,27.68,15.34,54.23,0.0,3.75,2.99,0.03,0.38
1990,208,21.45,28.41,15.87,60.64,0.0,5.18,4.12,0.09,0.38
1990,209,21.74,27.74,16.52,58.42,0.0,4.22,3.34,0.06,0.38
1990,210,21.84,28.14,16.25,60.98,0.0,4.41,3.52,0.11,0.38
1990,211,22.42,27.95,17.71,56.22,0.0,4.75,3.78,0.52,0.38
1990,212,22.47,28.33,17.71,58.05,0.0,4.93,3.93,0.09,0.38
1990,213,22.86,29.07,17.29,57.87,0.0,4.0,3.16,0.03,0.38
1990,214,23.19,28.68,18.39,62.62,0.0,5.12,4.09,0.11,0.38
1990,215,22.86,28.16,18.46,62.22,0.0,4.08,3.25,0.18,0.38
1990,216,22.88,27.95,18.07,60.12,0.0,4.16,3.3,0.29,0.38
1990,217,22.76,28.41,17.71,56.06,0.0,4.59,3.68,0.12,0.38
1990,218,23.32,28.91,19.1,62.57,0.0,3.52,2.78,0.26,0.38
1990,219,24.68,29.94,19.71,58.46,0.01,3.22,2.51,0.49,0.38
1990,220,24.2,29.16,19.02,60.3,0.17,5.11,4.02,0.23,0.38
1990,221,24.48,29.48,19.79,56.25,0.12,5.5,4.35,0.17,0.38
1990,222,24.2,30.16,18.65,56.76,0.0,5.26,4.09,0.03,0.38
1990,223,23.79,29.85,18.32,59.92,0.0,4.6,3.67,0.02,0.38
1990,224,23.19,28.36,19.24,63.35,0.0,5.36,4.25,0.06,0.38
1990,225,20.69,25.19,17.53,73.21,0.47,9.38,7.42,0.4,0.38
1990,226,19.44,23.1,17.21,70.84,0.0,9.83,7.78,0.66,0.38
1990,227,20.2,25.2,16.8,67.4,0.0,9.4,7.44,0.09,0.38
1990,228,21.89,27.23,17.12,65.67,0.0,6.06,4.85,0.61,0.38
1990,229,22.14,26.91,18.41,69.58,0.0,3.86,3.09,0.33,0.37
1990,230,22.53,27.93,19.22,71.64,0.0,3.36,2.63,0.72,0.37
1990,231,22.03,26.83,18.9,67.3,0.0,2.94,2.37,0.07,0.37
1990,232,22.12,29.02,17.0,63.4,0.0,4.26,3.38,0.45,0.37
1990,233,21.73,26.38,18.45,76.23,0.19,4.12,3.31,0.23,0.37
1990,234,21.37,25.24,18.75,74.07,0.03,6.0,4.83,0.31,0.37
1990,235,22.07,27.33,17.58,64.93,0.14,7.04,5.61,0.2,0.37
1990,236,24.79,31.45,19.19,59.96,0.07,6.89,5.34,0.03,0.37
1990,237,24.2,30.09,19.23,56.74,0.0,5.09,4.01,0.07,0.37
1990,238,23.64,29.52,18.9,57.8,0.0,4.24,3.38,0.53,0.37
1990,239,23.41,29.59,18.29,57.99,0.0,3.49,2.79,0.01,0.37
1990,240,23.31,29.68,18.23,57.05,0.0,3.8,3.03,0.03,0.37
1990,241,22.88,28.52,18.5,64.78,0.0,4.07,3.29,0.09,0.37
1990,242,21.99,28.65,16.95,63.97,0.0,4.83,3.9,0.02,0.37
1990,243,21.23,24.95,17.46,71.65,0.27,6.04,4.8,0.48,0.37
1990,244,19.89,22.4,16.21,59.37,0.18,8.03,6.42,0.74,0.37
1990,245,19.16,24.74,14.39,54.71,0.0,7.99,6.4,0.14,0.37
1990,246,20.09,26.68,14.3,58.19,0.0,6.17,4.99,0.03,0.37
1990,247,19.98,23.69,16.55,71.67,1.47,6.76,5.4,0.85,0.37
1990,248,18.27,21.0,16.48,58.66,0.75,8.55,6.85,0.95,0.37
1990,249,19.7,23.98,16.24,61.84,0.41,5.82,4.68,0.39,0.37
1990,250,21.14,28.39,14.81,58.51,0.0,5.11,4.1,0.02,0.37
1990,251,22.12,28.68,16.23,59.88,0.0,4.01,3.18,0.08,0.37
1990,252,24.23,30.48,18.16,62.62,0.03,3.77,2.98,0.43,0.37
1990,253,25.82,31.77,21.2,51.01,0.01,6.64,5.16,0.24,0.37
1990,254,25.0,31.82,19.42,57.07,0.0,4.95,3.9,0.08,0.37
1990,255,24.74,31.36,20.38,61.08,0.0,5.55,4.37,0.08,0.37
1990,256,24.62,30.55,19.95,60.83,0.0,4.32,3.39,0.22,0.37
1990,257,24.26,30.87,19.0,49.98,0.0,5.1,4.02,0.18,0.37
1990,258,24.0,31.5,18.33,60.23,0.0,4.23,3.33,0.02,0.37
1990,259,25.14,33.07,19.15,53.62,0.0,4.01,3.09,0.07,0.37
1990,260,25.85,31.44,20.99,50.05,0.0,4.04,3.11,0.04,0.37
1990,261,26.07,32.93,21.4,56.28,0.0,3.36,2.61,0.04,0.37
1990,262,24.97,31.33,20.29,61.69,0.08,5.7,4.54,0.36,0.37
1990,263,21.35,24.11,18.27,70.23,0.36,8.36,6.72,0.99,0.37
1990,264,20.45,24.8,16.54,63.58,0.01,6.88,5.55,0.3,0.37
1990,265,21.87,28.21,16.65,61.59,0.0,6.68,5.4,0.05,0.37
1990,266,23.55,29.66,18.77,63.52,0.03,6.62,5.34,0.01,0.37
1990,267,24.75,30.39,19.99,65.05,0.11,7.4,5.89,0.38,0.37
1990,268,25.62,32.05,20.51,61.75,0.3,7.68,6.04,0.09,0.37
1990,269,26.67,32.83,21.02,54.8,0.01,4.4,3.46,0.46,0.37
1990,270,26.74,32.93,22.27,55.31,0.14,4.37,3.47,0.99,0.37
1990,271,26.22,31.38,22.72,61.49,1.43,3.92,3.15,0.78,0.37
1990,272,26.19,31.67,21.82,62.45,0.0,4.13,3.28,0.22,0.37
1990,273,25.58,32.55,19.69,56.69,0.0,7.19,5.69,0.01,0.37
1990,274,24.48,30.68,20.15,65.92,0.01,8.44,6.71,0.12,0.37
1990,275,23.16,29.11,18.6,57.42,0.0,8.94,7.13,0.09,0.37
1990,276,24.39,31.42,17.39,49.79,0.0,6.06,4.75,0.1,0.37
1990,277,24.12,29.62,19.23,60.25,0.01,4.42,3.55,0.42,0.36
1990,278,24.02,29.87,19.56,68.32,0.0,3.63,2.92,0.22,0.36
1990,279,25.54,32.76,20.23,63.28,0.0,2.84,2.29,0.34,0.36
1990,280,26.93,35.16,22.13,57.16,0.0,3.48,2.74,0.06,0.36
1990,281,25.34,31.72,20.97,65.21,0.0,4.11,3.3,0.53,0.36
1990,282,26.19,32.93,21.16,60.93,0.0,3.77,3.01,0.87,0.36
1990,283,26.63,33.64,22.17,57.81,0.0,3.8,3.0,0.53,0.36
1990,284,26.21,32.94,21.42,64.63,0.0,3.26,2.63,0.49,0.36
1990,285,28.52,35.79,22.0,50.02,0.0,4.85,3.76,0.12,0.36
1990,286,26.81,32.33,22.73,60.68,0.0,4.25,3.4,0.19,0.36
1990,287,27.03,34.1,20.78,55.22,0.0,5.89,4.71,0.0,0.36
1990,288,27.28,34.64,22.58,59.86,0.0,6.51,5.16,0.19,0.36
1990,289,25.39,28.79,22.44,72.18,0.0,6.16,4.98,0.77,0.36
1990,290,24.01,29.32,20.61,61.97,0.0,7.62,6.18,0.92,0.36
1990,291,25.46,32.15,20.13,62.66,0.03,5.53,4.51,0.98,0.36
1990,292,24.98,29.11,22.47,72.97,0.12,3.66,3.0,1.0,0.36
1990,293,25.73,30.31,22.61,72.35,0.34,5.79,4.64,0.97,0.36
1990,294,23.93,26.84,21.73,71.55,0.18,6.18,5.02,1.0,0.36
1990,295,23.18,26.66,20.61,67.85,0.0,4.09,3.38,0.99,0.36
1990,296,24.52,31.03,19.95,63.35,0.0,4.51,3.65,0.29,0.36
1990,297,24.85,30.96,20.75,68.45,0.03,4.67,3.77,0.21,0.36
1990,298,24.44,28.95,21.05,71.69,0.01,4.89,3.96,0.25,0.36
1990,299,24.64,30.84,20.56,61.89,0.0,9.13,7.28,0.76,0.36
1990,300,23.25,28.1,19.2,55.71,0.0,8.57,6.88,0.77,0.36
1990,301,23.48,29.09,18.81,50.6,0.11,9.5,7.56,0.3,0.36
1990,302,25.21,32.77,18.05,45.37,0.01,9.14,7.14,0.17,0.36
1990,303,23.81,31.26,17.38,50.94,0.0,5.82,4.66,0.18,0.36
1990,304,24.87,31.55,18.87,52.19,0.0,5.2,4.14,0.02,0.36
1990,305,24.99,31.59,19.01,54.23,0.0,4.7,3.72,0.0,0.36
1990,306,25.57,31.23,20.17,56.67,0.0,4.39,3.52,0.0,0.36
1990,307,25.75,32.58,21.9,60.82,1.19,5.37,4.27,0.23,0.36
1990,308,25.81,31.84,21.63,63.36,0.01,4.66,3.73,0.18,0.36
1990,309,26.4,32.57,21.95,64.33,0.0,3.68,2.92,0.39,0.36
1990,310,25.42,29.16,21.78,69.64,0.56,5.17,4.16,0.29,0.36
1990,311,23.3,29.02,19.02,57.83,0.08,10.16,8.07,0.78,0.36
1990,312,22.65,28.79,17.73,48.15,0.0,9.58,7.62,0.39,0.36
1990,313,24.49,32.01,17.12,49.4,0.01,5.77,4.62,0.17,0.36
1990,314,26.34,32.75,20.68,49.65,0.03,5.65,4.49,0.61,0.36
1990,315,27.55,32.9,22.61,51.26,0.02,3.76,2.98,0.32,0.36
1990,316,27.8,33.04,23.12,52.26,0.0,4.36,3.45,0.03,0.36
1990,317,28.15,34.04,23.38,48.96,0.0,5.19,4.05,0.04,0.36
1990,318,28.38,34.39,24.18,54.84,0.0,4.22,3.33,0.43,0.36
1990,319,27.71,33.32,24.24,67.53,0.02,4.05,3.22,0.81,0.36
1990,320,27.61,31.9,24.57,64.72,0.17,3.32,2.72,0.83,0.36
1990,321,28.07,33.45,24.1,56.57,0.0,6.55,5.24,0.77,0.36
1990,322,28.63,34.47,23.44,59.88,0.11,7.48,5.96,0.44,0.36
1990,323,27.98,32.18,24.27,63.22,0.52,4.95,3.99,0.44,0.36
1990,324,26.28,31.3,23.02,66.69,0.0,3.58,2.95,0.1,0.36
1990,325,26.33,32.26,21.76,64.96,0.0,4.43,3.61,0.33,0.36
1990,326,26.38,31.13,22.7,62.39,0.0,3.98,3.26,0.27,0.36
1990,327,28.3,34.84,22.67,57.97,0.0,4.69,3.77,0.52,0.36
1990,328,29.02,35.33,25.01,60.02,0.03,4.45,3.53,0.18,0.36
1990,329,27.82,33.3,23.69,60.1,0.0,4.36,3.51,0.65,0.36
1990,330,25.39,28.08,22.14,68.76,0.45,7.75,6.21,0.99,0.36
1990,331,25.73,30.85,21.36,57.7,3.4,9.33,7.36,0.99,0.36
1990,332,26.74,33.07,20.59,61.47,4.45,8.34,6.54,0.54,0.36
1990,333,27.19,32.51,23.97,70.97,5.3,4.68,3.73,0.74,0.37
1990,334,26.81,31.72,24.26,73.67,6.1,3.94,3.16,0.7,0.38
1990,335,27.73,33.21,24.13,69.36,2.16,4.33,3.45,0.68,0.38
1990,336,28.79,33.83,24.69,65.79,0.85,4.79,3.78,0.47,0.38
1990,337,29.15,34.97,23.87,63.99,0.42,8.29,6.52,0.15,0.38
1990,338,29.22,34.95,24.06,58.1,0.25,5.96,4.76,0.09,0.37
1990,339,27.49,32.17,24.01,67.96,0.25,6.59,5.31,0.27,0.37
1990,340,27.75,32.58,23.39,60.05,0.02,6.74,5.42,0.37,0.37
1990,341,29.34,35.24,23.16,55.19,0.65,6.18,4.86,0.73,0.37
1990,342,29.63,33.7,26.31,57.84,0.94,4.83,3.85,0.78,0.37
1990,343,29.3,33.05,25.33,59.5,0.48,5.74,4.59,0.22,0.37
1990,344,28.33,33.66,24.3,57.67,0.2,8.29,6.57,0.61,0.37
1990,345,27.72,31.94,22.98,59.91,0.49,5.89,4.71,0.53,0.37
1990,346,27.14,29.74,24.97,69.62,9.11,4.5,3.55,0.8,0.38
1990,347,26.22,29.4,23.87,74.99,1.65,3.47,2.82,0.54,0.38
1990,348,27.18,32.18,23.08,68.73,2.18,3.42,2.73,0.34,0.38
1990,349,27.63,32.21,23.75,68.18,2.72,3.53,2.81,0.37,0.38
1990,350,28.85,34.25,23.94,61.27,0.07,2.69,2.12,0.64,0.38
1990,351,29.34,33.95,25.31,62.96,1.58,4.61,3.64,0.22,0.38
1990,352,29.17,33.56,26.14,68.43,4.0,4.81,3.81,0.57,0.38
1990,353,27.86,31.92,25.84,75.09,8.0,4.18,3.32,0.8,0.39
1990,354,27.3,30.71,24.92,71.84,0.63,3.36,2.71,1.0,0.4
1990,355,27.16,31.2,22.9,68.18,0.94,6.87,5.49,0.8,0.39
1990,356,26.65,32.01,21.5,63.59,0.24,6.55,5.25,0.3,0.39
1990,357,28.17,34.28,23.37,66.72,1.5,6.28,4.96,0.25,0.39
1990,358,28.7,34.38,24.91,70.92,2.36,4.96,3.92,0.52,0.39
1990,359,28.65,33.49,25.33,72.99,1.06,4.81,3.8,0.72,0.39
1990,360,27.1,29.58,24.58,80.46,2.93,3.01,2.42,0.79,0.39
1990,361,25.67,29.21,22.55,70.36,2.42,6.2,5.0,0.86,0.39
1990,362,24.36,28.35,21.36,60.23,0.43,6.14,4.95,0.78,0.39
1990,363,24.12,28.43,20.21,59.42,0.0,4.8,3.87,0.09,0.39
1990,364,24.56,30.33,19.59,61.28,0.0,4.36,3.54,0.01,0.38
1990,365,25.99,31.53,21.48,65.08,0.0,4.42,3.58,0.73,0.38
1991,1,27.29,33.16,23.16,66.67,0.45,4.69,3.79,0.4,0.38
1991,2,29.2,33.82,24.62,65.49,0.4,6.28,4.93,0.42,0.38
1991,3,30.82,37.29,25.34,58.76,1.01,4.79,3.71,0.39,0.38
1991,4,29.86,35.67,25.42,56.4,0.27,4.36,3.42,0.52,0.38
1991,5,30.58,36.25,26.02,52.93,0.08,4.23,3.23,0.62,0.38
1991,6,29.7,36.0,25.15,55.18,0.27,5.39,4.24,0.4,0.38
1991,7,30.21,36.15,25.45,55.42,0.37,4.95,3.9,0.61,0.38
1991,8,30.65,35.33,26.81,58.64,0.35,4.42,3.45,0.62,0.38
1991,9,29.65,34.74,26.6,66.85,0.69,4.04,3.25,0.98,0.38
1991,10,28.73,34.3,26.11,73.56,0.84,3.29,2.64,0.8,0.38
1991,11,28.2,32.57,25.97,73.96,1.81,4.31,3.43,0.68,0.38
1991,12,29.17,34.04,26.12,67.97,0.39,3.78,3.04,0.69,0.38
1991,13,30.09,34.83,25.88,59.1,1.53,4.81,3.85,0.29,0.38
1991,14,31.66,38.03,26.03,53.99,0.52,7.2,5.62,0.74,0.38
1991,15,31.98,36.67,27.02,53.95,0.37,5.76,4.57,0.16,0.38
1991,16,32.4,37.44,27.81,51.26,0.22,4.91,3.9,0.14,0.38
1991,17,31.57,36.68,27.59,53.84,1.06,4.67,3.75,0.68,0.38
1991,18,30.83,36.86,26.09,57.89,0.51,4.69,3.72,0.26,0.38
1991,19,30.66,34.94,27.32,65.95,1.05,4.36,3.53,0.62,0.38
1991,20,31.28,36.06,27.01,58.0,0.0,5.02,3.99,0.18,0.38
1991,21,31.5,36.44,26.65,52.08,0.29,5.74,4.55,0.02,0.37
1991,22,30.88,36.07,26.61,53.31,0.23,4.28,3.44,0.11,0.37
1991,23,29.89,34.75,25.87,62.3,0.26,3.66,2.96,0.14,0.37
1991,24,29.71,35.04,25.15,63.84,0.29,4.06,3.25,0.42,0.37
1991,25,30.1,35.62,26.32,63.98,1.71,5.8,4.64,0.02,0.37
1991,26,30.13,35.51,25.31,64.97,3.57,6.87,5.47,0.27,0.38
1991,27,30.4,36.15,26.27,66.24,1.21,3.86,3.11,0.43,0.38
1991,28,30.48,34.74,27.19,66.69,0.07,3.8,3.08,0.47,0.38
1991,29,30.39,34.72,26.3,66.06,3.31,5.37,4.31,0.74,0.38
1991,30,32.6,37.57,27.77,54.39,0.33,4.82,3.75,0.16,0.38
1991,31,32.27,37.21,27.0,50.51,0.09,5.7,4.43,0.23,0.38
1991,32,30.99,35.77,27.17,56.32,1.01,5.2,4.11,0.62,0.38
1991,33,29.67,33.09,26.74,67.1,6.0,3.7,2.98,0.61,0.38
1991,34,29.28,33.08,26.17,66.24,2.18,3.54,2.83,0.4,0.38
1991,35,30.31,35.89,24.66,54.17,0.3,6.24,4.93,0.0,0.38
1991,36,29.54,34.87,23.74,53.17,0.0,4.32,3.5,0.01,0.38
1991,37,30.48,36.42,25.54,55.44,0.0,4.66,3.71,0.33,0.38
1991,38,29.5,33.49,26.11,57.31,0.0,4.41,3.53,0.48,0.38
1991,39,30.33,35.42,25.73,57.8,0.03,3.99,3.19,0.47,0.37
1991,40,29.62,33.55,27.6,71.43,3.06,3.33,2.73,0.8,0.38
1991,41,28.54,31.68,26.29,76.24,5.38,4.15,3.33,0.8,0.38
1991,42,28.66,32.74,26.27,73.58,6.9,3.85,3.07,1.0,0.39
1991,43,28.57,32.4,26.43,69.76,2.58,2.81,2.32,1.0,0.4
1991,44,28.9,32.88,26.13,65.07,1.57,3.81,3.04,1.0,0.4
1991,45,27.7,31.31,24.91,64.9,3.62,5.72,4.48,1.0,0.4
1991,46,27.44,30.81,24.49,67.11,1.75,5.84,4.61,1.0,0.4
1991,47,28.49,32.26,25.35,67.02,3.28,6.05,4.74,0.85,0.4
1991,48,30.06,35.59,25.21,68.4,2.09,4.77,3.8,0.59,0.4
1991,49,29.3,34.18,26.11,72.78,11.08,5.92,4.7,1.0,0.4
1991,50,26.89,29.15,25.55,83.93,17.02,7.55,5.84,0.99,0.44
1991,51,28.14,31.89,25.4,78.01,23.68,4.44,3.56,0.99,0.45
1991,52,28.4,31.11,25.31,77.62,4.79,5.23,4.07,0.98,0.48
1991,53,28.76,32.47,25.64,71.92,0.26,7.8,6.06,0.98,0.47
1991,54,28.46,33.06,24.81,74.44,11.42,4.76,3.8,0.57,0.46
1991,55,28.4,31.78,25.53,80.13,27.31,2.56,2.07,0.26,0.5
1991,56,29.02,32.61,26.8,78.37,3.36,2.5,2.0,0.22,0.51
1991,57,29.02,32.99,26.21,76.17,5.02,3.59,2.87,0.15,0.5
1991,58,29.07,33.76,25.88,75.26,4.13,3.57,2.87,0.82,0.5
1991,59,27.53,29.54,25.64,77.9,4.9,4.83,3.83,0.51,0.5
1991,60,27.97,32.28,24.11,73.29,1.15,5.83,4.61,0.57,0.49
1991,61,28.39,32.91,24.72,75.12,0.65,3.38,2.69,0.56,0.49
1991,62,29.77,34.62,25.01,63.7,0.01,3.6,2.85,0.09,0.48
1991,63,30.09,35.22,25.24,64.13,0.0,3.85,3.01,0.51,0.47
1991,64,29.67,35.43,24.37,62.24,0.39,5.42,4.14,0.1,0.47
1991,65,28.79,34.11,23.65,63.48,0.03,5.1,4.03,0.24,0.46
1991,66,28.7,32.07,25.6,66.01,0.69,3.85,2.97,0.36,0.46
1991,67,26.15,27.45,24.86,76.25,4.92,3.08,2.47,1.0,0.46
1991,68,27.33,31.62,24.23,71.75,5.09,2.97,2.36,1.0,0.47
1991,69,28.38,33.81,24.32,68.6,6.2,3.16,2.48,1.0,0.47
1991,70,27.64,32.05,24.56,72.08,3.64,3.41,2.72,0.98,0.47
1991,71,28.36,32.55,25.11,69.05,2.25,2.45,1.94,0.23,0.47
1991,72,29.05,33.6,25.01,67.75,1.42,4.38,3.47,0.13,0.47
1991,73,28.95,34.18,24.79,67.55,0.12,5.41,4.3,0.17,0.46
1991,74,28.99,34.06,24.75,70.03,0.43,4.67,3.75,0.04,0.46
1991,75,29.09,33.74,25.36,69.73,1.26,4.62,3.69,0.47,0.45
1991,76,28.4,32.69,24.82,73.16,1.15,5.59,4.45,0.43,0.45
1991,77,29.03,34.17,24.58,68.2,1.22,5.89,4.63,0.13,0.45
1991,78,29.07,33.31,25.57,71.46,0.23,4.75,3.77,0.65,0.44
1991,79,29.0,32.75,26.51,69.92,2.2,2.71,2.13,0.6,0.44
1991,80,29.15,34.03,25.28,64.1,0.56,3.96,3.15,0.58,0.44
1991,81,29.11,34.21,25.86,66.68,1.39,3.69,2.93,0.61,0.44
1991,82,28.3,32.11,25.58,71.59,1.46,2.79,2.22,0.97,0.44
1991,83,28.14,32.28,25.32,74.67,1.38,4.31,3.46,0.49,0.44
1991,84,27.11,31.31,24.2,69.52,0.3,6.94,5.49,0.85,0.44
1991,85,24.9,29.21,20.91,62.54,0.36,8.59,6.74,0.77,0.43
1991,86,23.86,29.93,18.7,58.35,0.0,7.68,6.06,0.09,0.43
1991,87,25.4,31.8,19.65,59.18,0.01,7.06,5.56,0.17,0.43
1991,88,26.42,32.66,21.19,58.09,0.0,6.8,5.32,0.38,0.42
1991,89,24.95,28.81,21.98,65.71,0.08,5.43,4.32,0.62,0.42
1991,90,26.82,31.96,22.14,61.33,0.05,4.58,3.6,0.71,0.42
1991,91,27.68,32.9,22.9,63.19,1.11,5.16,3.99,0.24,0.42
1991,92,27.47,32.46,23.52,70.46,1.56,5.72,4.41,0.62,0.42
1991,93,29.02,34.68,25.24,65.82,0.52,3.98,3.01,0.0,0.42
1991,94,28.32,32.73,25.84,68.75,2.69,3.25,2.52,0.6,0.41
1991,95,26.87,30.57,24.33,70.22,3.81,4.28,3.35,0.65,0.42
1991,96,26.85,31.29,23.86,77.57,11.01,4.78,3.8,0.94,0.43
1991,97,26.08,29.81,23.33,80.5,3.37,5.18,4.07,0.1,0.44
1991,98,23.93,25.87,21.01,75.95,7.1,8.7,6.73,0.99,0.45
1991,99,23.78,28.86,19.79,65.49,0.08,8.86,6.93,0.97,0.44
1991,100,25.85,31.4,21.37,70.84,1.09,6.12,4.79,0.87,0.44
1991,101,27.87,33.11,23.84,64.29,0.13,4.31,3.3,0.28,0.44
1991,102,27.07,32.03,23.11,67.89,0.03,6.26,4.88,0.18,0.43
1991,103,26.38,31.63,22.31,69.04,0.01,7.53,5.91,0.08,0.43
1991,104,26.85,31.59,22.79,67.72,0.02,5.54,4.34,0.15,0.42
1991,105,27.27,32.47,23.55,69.67,0.11,4.7,3.66,0.24,0.42
1991,106,27.52,32.83,23.5,64.91,0.4,3.92,3.08,0.05,0.42
1991,107,27.72,32.62,23.36,64.72,0.38,4.21,3.29,0.16,0.42
1991,108,27.47,32.6,22.96,63.51,0.03,5.62,4.42,0.12,0.41
1991,109,26.83,32.72,22.49,63.59,0.49,8.21,6.37,0.04,0.41
1991,110,26.3,31.98,21.24,64.29,0.15,6.81,5.26,0.12,0.41
1991,111,27.36,32.84,23.04,59.44,0.01,3.91,3.1,0.24,0.41
1991,112,26.32,31.72,21.62,59.68,0.0,5.75,4.54,0.06,0.41
1991,113,25.29,30.66,21.0,67.57,0.13,7.39,5.81,0.06,0.4
1991,114,26.34,33.42,19.06,65.59,0.22,5.2,4.01,0.04,0.4
1991,115,27.56,32.41,22.99,67.68,0.1,3.65,2.9,0.31,0.4
1991,116,27.48,31.43,25.01,65.22,0.02,5.6,4.29,0.95,0.4
1991,117,26.65,31.26,22.02,62.36,0.09,3.43,2.73,0.01,0.4
1991,118,26.83,31.33,23.33,65.72,0.45,3.73,2.98,0.25,0.4
1991,119,26.09,30.18,23.66,74.49,0.49,2.74,2.21,0.45,0.4
1991,120,25.75,30.45,22.32,70.84,0.25,4.15,3.34,0.24,0.4
1991,121,26.3,31.95,22.15,67.01,1.31,3.24,2.57,0.76,0.4
1991,122,24.91,29.23,22.46,74.1,0.41,3.36,2.64,0.11,0.4
1991,123,24.67,28.44,22.03,67.47,0.0,3.39,2.71,0.04,0.4
1991,124,25.23,30.62,20.26,63.91,0.0,5.65,4.5,0.03,0.4
1991,125,25.8,31.18,20.57,62.04,0.01,5.82,4.61,0.33,0.4
1991,126,26.36,31.53,21.68,61.38,0.02,5.23,4.17,0.06,0.4
1991,127,25.96,30.88,21.51,62.29,0.0,5.66,4.51,0.42,0.39
1991,128,26.86,32.22,21.66,58.89,0.22,3.71,2.96,0.69,0.39
1991,129,25.98,29.16,23.48,72.68,1.17,4.71,3.75,0.99,0.39
1991,130,24.3,27.19,21.79,78.59,0.7,3.65,2.93,0.49,0.4
1991,131,23.27,26.21,21.17,71.79,0.0,3.43,2.74,0.1,0.4
1991,132,23.39,28.32,19.16,69.55,0.0,3.16,2.49,0.02,0.39
1991,133,23.91,29.11,19.1,65.49,0.0,4.06,3.24,0.99,0.39
1991,134,24.51,30.04,20.72,63.49,0.0,4.89,3.86,0.77,0.39
1991,135,25.42,30.02,21.88,63.61,0.0,3.78,2.99,0.5,0.39
1991,136,25.99,31.16,21.69,63.2,0.39,3.99,3.16,0.23,0.39
1991,137,26.14,30.97,21.86,61.76,0.29,3.56,2.86,0.19,0.39
1991,138,25.87,30.44,22.22,61.03,0.54,2.98,2.36,0.19,0.39
1991,139,25.09,29.35,21.89,66.4,1.14,2.99,2.39,0.39,0.39
1991,140,25.52,29.86,23.01,64.62,1.13,2.37,1.83,0.72,0.39
1991,141,25.37,29.76,22.14,69.19,0.01,2.9,2.27,0.15,0.39
1991,142,25.49,30.43,21.65,67.99,0.0,2.78,2.2,0.04,0.39
1991,143,25.41,31.2,20.16,61.32,0.0,4.8,3.81,0.03,0.39
1991,144,25.78,31.5,20.44,61.13,0.0,3.45,2.78,0.14,0.39
1991,145,25.76,30.94,21.73,67.02,1.14,5.25,4.12,0.41,0.39
1991,146,25.28,29.07,22.23,68.0,0.48,4.88,3.88,0.43,0.39
1991,147,24.21,29.48,20.46,68.69,0.0,5.81,4.67,0.21,0.39
1991,148,23.2,27.99,19.49,67.22,0.01,6.23,4.99,0.05,0.39
1991,149,22.17,27.02,17.68,68.47,0.03,6.64,5.29,0.15,0.39
1991,150,22.22,26.96,18.42,69.43,0.0,4.69,3.76,0.03,0.39
1991,151,22.26,27.33,17.65,63.15,0.0,2.83,2.24,0.03,0.39
1991,152,23.43,28.56,19.12,67.62,0.0,2.54,1.99,0.03,0.39
1991,153,24.01,29.97,19.51,68.9,0.0,3.45,2.72,0.04,0.39
1991,154,23.0,27.33,19.69,77.36,4.41,3.77,2.99,0.06,0.39
1991,155,21.63,25.51,19.21,72.63,1.16,5.23,4.17,0.41,0.4
1991,156,21.29,26.29,16.72,67.36,0.0,6.22,4.93,0.09,0.39
1991,157,19.54,24.07,16.51,66.66,0.04,10.89,8.47,0.19,0.39
1991,158,19.61,24.92,15.34,67.45,0.03,8.6,6.75,0.09,0.39
1991,159,20.01,25.36,15.5,71.04,0.01,5.48,4.39,0.07,0.39
1991,160,20.74,25.95,16.2,74.63,0.04,5.27,4.21,0.07,0.39
1991,161,20.93,25.94,17.06,74.96,0.01,5.96,4.75,0.05,0.39
1991,162,20.47,24.94,17.14,74.84,0.01,6.56,5.21,0.16,0.39
1991,163,19.93,24.76,15.95,63.02,0.0,7.33,5.83,0.03,0.39
1991,164,19.74,26.08,15.21,67.24,0.0,4.86,3.88,0.02,0.39
1991,165,19.2,22.86,15.22,72.28,0.16,3.79,2.99,0.54,0.39
1991,166,19.28,21.25,17.33,66.06,4.55,7.53,5.93,0.84,0.39
1991,167,17.91,20.99,15.71,64.89,1.35,6.07,4.82,0.76,0.4
1991,168,18.55,24.31,13.42,59.52,0.02,6.44,5.07,0.07,0.39
1991,169,20.85,26.59,15.52,60.57,0.0,4.5,3.53,0.22,0.39
1991,170,22.16,27.27,17.96,56.66,0.0,4.6,3.59,0.09,0.39
1991,171,22.04,27.02,17.59,61.19,0.14,4.19,3.31,0.42,0.39
1991,172,22.2,26.93,17.85,63.29,0.72,4.54,3.58,0.9,0.39
1991,173,22.45,26.71,19.06,66.79,0.07,2.24,1.71,0.36,0.39
1991,174,22.68,27.98,18.64,65.99,0.04,2.94,2.3,0.72,0.39
1991,175,22.85,28.19,18.85,66.34,0.0,2.24,1.72,0.03,0.39
1991,176,22.9,28.87,17.96,61.87,0.0,2.57,1.97,0.03,0.39
1991,177,23.2,28.91,18.62,62.56,0.0,3.81,2.98,0.12,0.39
1991,178,23.41,28.88,18.88,68.68,0.0,4.57,3.62,0.1,0.39
1991,179,23.44,29.2,19.04,59.78,0.0,3.23,2.56,0.1,0.38
1991,180,22.22,28.2,17.74,66.97,0.0,4.5,3.57,0.14,0.38
1991,181,22.81,28.01,18.13,67.11,0.06,3.65,2.87,0.11,0.38
1991,182,23.61,29.03,19.08,62.54,0.0,4.89,3.88,0.09,0.38
1991,183,23.69,29.28,18.74,61.56,0.0,4.53,3.58,0.1,0.38
1991,184,23.25,28.42,18.99,62.69,0.0,4.1,3.26,0.1,0.38
1991,185,22.31,27.02,18.48,69.71,0.0,3.08,2.39,0.13,0.38
1991,186,22.55,28.75,16.78,55.3,0.0,4.06,3.22,0.11,0.38
1991,187,22.26,27.95,17.56,60.1,0.0,4.05,3.21,0.11,0.38
1991,188,21.93,27.59,17.26,66.57,0.0,3.49,2.72,0.13,0.38
1991,189,22.21,25.3,20.52,77.51,0.37,4.57,3.68,0.6,0.38
1991,190,21.29,25.37,17.5,61.99,0.07,8.22,6.51,0.23,0.38
1991,191,20.62,27.35,15.05,58.0,0.01,6.35,5.01,0.14,0.38
1991,192,21.5,27.4,16.94,59.21,0.0,5.02,3.95,0.2,0.38
1991,193,21.88,28.07,16.77,59.0,0.0,3.93,3.08,0.14,0.38
1991,194,21.57,27.41,16.56,60.3,0.0,5.55,4.41,0.16,0.38
1991,195,20.69,26.31,15.7,66.31,0.02,7.73,6.12,0.19,0.38
1991,196,21.06,26.44,17.02,66.83,0.01,5.35,4.3,0.12,0.38
1991,197,20.1,23.84,17.26,73.86,1.4,6.8,5.41,0.81,0.38
1991,198,18.83,22.16,16.55,59.2,1.21,8.93,7.06,0.61,0.38
1991,199,18.44,23.25,14.48,55.5,0.01,7.72,6.13,0.13,0.38
1991,200,18.54,24.96,12.92,56.7,0.0,6.5,5.17,0.13,0.38
1991,201,18.62,25.25,12.35,56.99,0.0,4.25,3.39,0.09,0.38
1991,202,20.12,27.53,14.14,59.0,0.0,4.28,3.33,0.16,0.38
1991,203,20.55,26.67,15.32,58.19,0.0,3.23,2.5,0.17,0.38
1991,204,21.39,28.27,16.32,63.77,0.0,3.23,2.51,0.15,0.38
1991,205,21.75,28.55,16.59,62.53,0.0,3.03,2.35,0.26,0.38
1991,206,23.13,29.92,16.68,54.33,0.0,5.18,3.97,0.45,0.38
1991,207,23.37,28.75,19.72,64.19,0.0,5.67,4.48,0.43,0.38
1991,208,23.38,28.65,19.25,71.1,0.0,3.07,2.43,0.67,0.38
1991,209,23.3,28.18,19.64,72.71,0.0,5.78,4.6,0.47,0.38
1991,210,22.41,26.83,19.55,70.56,0.0,7.12,5.69,0.25,0.38
1991,211,23.26,29.04,18.03,66.69,0.1,4.3,3.42,0.25,0.38
1991,212,23.29,27.14,20.49,73.12,0.37,3.83,3.06,0.65,0.38
1991,213,22.83,27.56,19.82,73.92,0.05,3.03,2.4,0.52,0.38
1991,214,21.99,26.66,18.99,67.24,0.0,3.92,3.09,0.15,0.38
1991,215,21.79,28.24,16.71,66.18,0.0,3.24,2.52,0.17,0.37
1991,216,21.53,25.55,17.91,72.97,0.02,4.96,3.94,0.57,0.37
1991,217,19.89,23.18,17.11,63.51,0.03,6.83,5.47,0.61,0.37
1991,218,20.3,26.44,15.11,58.54,0.0,5.69,4.54,0.16,0.37
1991,219,21.3,26.97,16.19,62.06,0.0,4.76,3.81,0.16,0.37
1991,220,22.42,28.22,17.18,58.76,0.0,7.59,6.02,0.21,0.37
1991,221,23.56,29.81,17.94,61.45,0.0,6.22,4.92,0.15,0.37
1991,222,22.76,28.11,18.96,68.81,0.0,4.62,3.7,0.15,0.37
1991,223,20.95,24.56,18.15,72.68,0.02,4.3,3.46,0.42,0.37
1991,224,19.38,22.01,15.97,62.9,0.16,9.09,7.21,0.96,0.37
1991,225,17.89,23.33,13.97,54.51,0.0,9.23,7.33,0.38,0.37
1991,226,19.69,27.47,12.82,54.5,0.0,6.04,4.8,0.18,0.37
1991,227,20.78,27.52,14.52,51.98,0.0,4.96,3.95,0.17,0.37
1991,228,21.04,27.64,15.4,57.75,0.0,4.94,3.92,0.2,0.37
1991,229,21.42,26.6,16.53,61.5,0.0,4.62,3.7,0.17,0.37
1991,230,21.94,27.6,17.34,61.1,0.0,3.33,2.61,0.2,0.37
1991,231,22.17,27.49,17.81,61.53,0.0,3.41,2.66,0.18,0.37
1991,232,22.22,27.96,18.22,66.07,0.0,2.63,2.12,0.15,0.37
1991,233,21.85,28.13,16.76,62.88,0.0,3.77,3.0,0.1,0.37
1991,234,22.05,27.13,18.48,66.75,0.07,7.0,5.61,0.33,0.37
1991,235,20.9,26.74,16.41,60.41,0.0,8.69,6.93,0.08,0.37
1991,236,21.03,27.06,15.91,58.72,0.01,9.13,7.25,0.12,0.37
1991,237,21.41,27.53,15.65,57.09,0.0,4.13,3.33,0.08,0.37
1991,238,22.04,27.21,18.04,66.85,0.45,5.64,4.47,0.19,0.37
1991,239,22.46,28.88,17.6,65.27,0.36,7.56,6.03,0.05,0.37
1991,240,23.39,29.76,17.61,52.45,0.0,4.75,3.77,0.12,0.37
1991,241,23.01,29.17,17.52,51.87,0.0,4.61,3.68,0.16,0.37
1991,242,23.36,28.67,18.52,56.77,0.0,5.25,4.22,0.19,0.37
1991,243,22.8,28.91,17.68,56.89,0.0,5.49,4.43,0.07,0.37
1991,244,22.84,28.65,17.5,60.41,0.0,5.96,4.77,0.1,0.37
1991,245,23.35,28.63,20.07,70.4,0.0,8.68,6.92,0.34,0.37
1991,246,21.81,26.22,19.07,72.08,0.0,6.36,5.17,0.72,0.37
1991,247,20.73,24.98,18.01,61.71,0.0,3.76,3.08,0.42,0.37
1991,248,21.7,28.63,16.19,60.83,0.0,3.79,3.03,0.05,0.37
1991,249,24.02,31.3,17.97,49.57,0.0,3.01,2.3,0.11,0.37
1991,250,24.83,32.1,19.39,52.99,0.0,3.55,2.75,0.25,0.36
1991,251,24.98,30.99,20.13,50.77,0.0,3.41,2.63,0.02,0.36
1991,252,25.13,32.26,19.46,55.37,0.0,4.38,3.45,0.03,0.36
1991,253,24.48,29.67,20.53,71.22,0.0,4.22,3.38,0.2,0.36
1991,254,24.31,30.07,19.89,68.98,0.0,4.89,3.92,0.09,0.36
1991,255,24.19,30.72,19.34,67.75,0.0,6.51,5.24,0.07,0.36
1991,256,24.62,31.89,19.31,64.02,0.0,4.55,3.68,0.08,0.36
1991,257,24.41,30.64,20.74,67.6,0.0,3.32,2.74,0.75,0.36
1991,258,24.41,30.35,20.26,64.0,0.0,4.54,3.72,0.15,0.36
1991,259,25.64,31.9,20.05,58.03,0.0,3.31,2.64,0.34,0.36
1991,260,25.77,31.33,22.31,67.64,0.0,3.8,3.06,0.25,0.36
1991,261,27.19,35.46,21.59,56.58,0.0,4.11,3.26,0.0,0.36
1991,262,27.14,34.91,21.31,58.03,0.0,2.92,2.28,0.11,0.36
1991,263,27.53,34.66,21.6,53.57,0.0,3.76,2.91,0.25,0.36
1991,264,27.15,33.76,21.09,47.45,0.0,4.53,3.58,0.04,0.36
1991,265,27.14,33.25,21.28,47.33,0.0,4.45,3.5,0.41,0.36
1991,266,26.36,33.37,21.64,58.21,0.04,5.23,4.2,0.54,0.36
1991,267,25.44,30.41,22.29,73.13,0.01,4.65,3.78,0.68,0.36
1991,268,23.76,27.71,20.34,67.02,0.0,5.64,4.58,0.73,0.36
1991,269,23.46,29.23,19.07,55.62,0.0,9.38,7.49,0.32,0.36
1991,270,25.58,32.24,19.3,53.45,0.0,5.87,4.68,0.23,0.36
1991,271,26.0,31.22,22.99,66.0,0.0,6.51,5.19,0.71,0.36
1991,272,25.63,30.0,23.34,68.89,1.75,3.44,2.79,0.67,0.36
1991,273,23.62,25.37,21.52,73.78,5.44,3.17,2.58,1.0,0.37
1991,274,21.74,24.51,19.82,69.56,1.52,5.81,4.76,0.63,0.37
1991,275,22.12,25.06,19.68,64.23,1.39,6.13,4.9,0.92,0.37
1991,276,22.6,25.98,20.23,65.56,0.13,4.53,3.64,0.48,0.37
1991,277,22.8,27.28,19.72,66.46,0.0,4.11,3.38,0.02,0.37
1991,278,22.89,27.71,18.69,65.4,0.0,6.7,5.43,0.02,0.37
1991,279,24.34,30.14,18.55,58.69,0.0,7.56,6.08,0.02,0.37
1991,280,25.35,31.7,20.19,61.8,0.04,4.93,3.99,0.0,0.37
1991,281,25.9,32.26,21.23,65.57,0.05,4.07,3.28,0.12,0.37
1991,282,25.71,31.6,21.56,68.38,0.0,4.62,3.7,0.01,0.37
1991,283,25.8,32.45,20.43,64.04,0.0,7.25,5.73,0.11,0.37
1991,284,25.82,32.1,19.77,55.47,0.0,8.42,6.67,0.01,0.36
1991,285,26.52,32.92,21.75,55.9,0.0,6.18,4.93,0.46,0.36
1991,286,25.9,31.14,22.31,53.73,0.0,4.73,3.83,0.48,0.36
1991,287,25.97,31.52,21.2,57.22,0.0,3.99,3.22,0.03,0.36
1991,288,25.71,31.21,22.34,66.09,0.06,5.29,4.25,0.27,0.36
1991,289,26.85,33.0,22.45,60.65,0.0,4.08,3.25,0.26,0.36
1991,290,26.83,32.99,22.57,58.13,0.0,3.91,3.14,0.23,0.36
1991,291,25.96,31.13,22.09,60.49,0.0,4.23,3.42,0.62,0.36
1991,292,26.61,33.3,22.04,59.14,0.0,3.66,2.97,0.25,0.36
1991,293,27.59,34.35,22.83,60.11,0.0,3.66,2.92,0.43,0.36
1991,294,27.67,34.07,22.89,59.31,0.0,4.05,3.18,0.29,0.36
1991,295,28.11,33.97,22.15,51.26,0.0,4.92,3.89,0.03,0.36
1991,296,27.22,33.76,22.05,53.67,0.0,5.02,4.01,0.13,0.36
1991,297,26.32,31.05,22.43,62.44,0.0,5.2,4.21,0.42,0.36
1991,298,27.43,33.48,21.5,56.62,0.0,6.43,5.16,0.45,0.36
1991,299,28.45,35.23,23.51,59.53,0.0,4.54,3.62,0.47,0.36
1991,300,27.69,32.21,24.65,67.12,0.0,4.02,3.28,0.61,0.36
1991,301,27.2,31.81,23.38,60.14,0.0,4.53,3.66,0.59,0.36
1991,302,27.72,34.23,21.59,53.89,0.0,7.3,5.83,0.14,0.36
1991,303,27.69,33.78,21.63,49.94,0.0,6.39,5.15,0.17,0.36
1991,304,28.34,34.47,22.99,53.61,0.0,4.6,3.69,0.42,0.36
1991,305,27.34,32.32,23.86,64.2,0.0,4.94,3.98,0.33,0.36
1991,306,25.82,29.85,22.71,64.17,0.0,7.66,6.19,0.5,0.36
1991,307,27.02,33.14,21.33,58.13,0.0,8.29,6.63,0.04,0.36
1991,308,27.67,33.26,23.91,63.08,0.0,5.9,4.77,0.54,0.36
1991,309,27.25,31.39,24.18,71.12,0.0,4.0,3.3,0.71,0.36
1991,310,29.9,36.64,25.03,56.67,0.0,4.82,3.81,0.43,0.36
1991,311,29.49,35.03,25.38,51.98,0.0,5.41,4.26,0.59,0.36
1991,312,28.02,33.83,23.53,53.34,0.0,5.85,4.66,0.63,0.36
1991,313,27.72,33.92,22.53,50.97,0.0,5.34,4.28,0.48,0.36
1991,314,26.99,32.37,22.64,54.68,0.0,5.15,4.12,0.51,0.36
1991,315,26.2,29.55,23.86,63.09,0.0,3.58,2.89,0.44,0.36
1991,316,26.55,32.03,22.54,67.93,0.0,3.53,2.89,0.37,0.36
1991,317,27.17,32.17,22.99,61.35,0.0,4.12,3.38,0.08,0.36
1991,318,27.86,33.6,23.52,57.21,0.0,3.74,3.04,0.48,0.36
1991,319,28.21,33.72,24.4,57.41,0.61,3.14,2.58,0.97,0.36
1991,320,26.37,30.07,23.65,67.77,35.26,2.68,2.2,1.0,0.37
1991,321,25.5,28.5,23.01,75.72,4.99,4.87,3.96,0.85,0.43
1991,322,25.3,30.32,21.06,62.55,0.0,6.32,5.11,0.01,0.42
1991,323,26.82,33.39,20.92,61.41,0.07,5.13,4.12,0.94,0.41
1991,324,28.3,33.91,24.45,65.76,1.38,5.05,4.02,0.6,0.41
1991,325,27.66,32.61,25.11,74.55,6.56,3.54,2.87,0.78,0.41
1991,326,24.49,27.32,21.17,78.03,21.57,6.58,5.29,0.8,0.44
1991,327,23.08,27.68,19.7,61.98,0.07,8.5,6.81,0.79,0.45
1991,328,24.23,30.1,18.7,58.94,0.0,7.58,6.06,0.58,0.44
1991,329,26.64,31.74,21.77,60.9,0.86,5.43,4.34,0.79,0.43
1991,330,27.46,31.98,23.75,67.27,7.66,4.98,3.9,0.59,0.43
1991,331,27.63,32.16,23.67,68.68,0.04,4.45,3.49,0.73,0.43
1991,332,27.93,32.78,24.57,65.97,0.0,3.91,3.09,0.0,0.43
1991,333,26.98,31.52,23.07,63.83,0.0,3.88,3.12,0.0,0.42
1991,334,26.97,32.34,22.42,63.19,0.0,7.62,6.07,0.04,0.42
1991,335,27.47,33.48,21.92,59.35,0.0,7.0,5.54,0.1,0.41
1991,336,27.86,33.43,23.97,65.55,1.68,5.06,3.98,0.51,0.41
1991,337,27.56,32.31,24.58,68.48,4.44,3.07,2.47,0.17,0.41
1991,338,27.01,31.16,23.62,69.98,2.59,3.84,3.11,0.33,0.42
1991,339,25.28,29.19,20.47,78.57,14.54,6.76,5.36,0.91,0.42
1991,340,22.7,27.63,18.88,57.93,1.56,9.0,7.14,0.39,0.44
1991,341,24.43,32.24,16.67,52.21,0.0,6.64,5.27,0.07,0.43
1991,342,26.07,32.45,19.7,56.58,0.0,4.12,3.29,0.06,0.43
1991,343,26.25,30.9,22.93,70.84,0.0,3.94,3.18,0.62,0.42
1991,344,26.26,31.19,23.05,70.31,0.0,4.6,3.73,0.64,0.42
1991,345,26.68,31.35,22.57,71.6,0.0,4.63,3.76,0.7,0.41
1991,346,27.19,31.37,23.92,73.41,0.47,3.85,3.14,0.45,0.41
1991,347,28.87,34.33,24.63,66.05,0.04,3.36,2.68,0.6,0.41
1991,348,29.17,34.08,24.86,59.82,0.09,4.56,3.59,0.33,0.41
1991,349,29.23,34.99,24.82,57.11,0.05,3.89,3.08,0.44,0.4
1991,350,28.46,32.81,24.82,61.72,0.37,4.84,3.88,0.57,0.4
1991,351,28.7,32.7,25.65,60.06,0.03,3.95,3.19,0.35,0.4
1991,352,29.39,33.42,25.58,56.99,0.03,5.06,4.0,0.34,0.4
1991,353,29.47,34.84,25.11,53.62,0.02,8.39,6.53,0.38,0.39
1991,354,29.01,33.76,23.56,52.8,0.03,6.8,5.3,0.61,0.39
1991,355,27.73,33.39,22.92,51.66,0.0,6.08,4.88,0.46,0.39
1991,356,26.48,31.39,22.94,57.34,0.01,5.22,4.26,0.75,0.39
1991,357,25.92,30.1,22.49,61.68,0.12,6.69,5.39,0.38,0.39
1991,358,25.76,30.98,21.24,63.46,0.0,7.0,5.63,0.18,0.39
1991,359,25.49,30.85,21.82,58.57,0.0,7.66,6.14,0.23,0.39
1991,360,25.47,31.38,20.12,54.93,0.0,8.21,6.55,0.09,0.39
1991,361,26.87,33.37,20.7,56.19,0.37,7.57,6.03,0.67,0.38
1991,362,28.07,33.75,23.17,59.52,2.03,7.08,5.63,0.47,0.39
1991,363,27.81,33.54,23.59,62.66,0.03,7.13,5.68,0.31,0.39
1991,364,28.59,34.49,22.74,61.84,0.21,6.69,5.3,0.5,0.39
1991,365,29.64,35.26,24.42,57.27,1.11,5.75,4.5,0.75,0.38
1992,1,29.53,33.51,25.6,56.34,0.04,4.92,3.93,0.69,0.38
1992,2,28.96,33.99,25.87,61.37,0.01,4.84,3.91,0.46,0.38
1992,3,28.35,33.36,25.09,68.49,0.07,3.22,2.64,0.35,0.38
1992,4,30.66,36.13,26.58,57.19,0.19,2.33,1.8,0.76,0.38
1992,5,28.98,34.14,26.11,62.68,1.0,4.16,3.3,0.98,0.38
1992,6,28.52,32.69,25.2,63.44,3.18,3.96,3.16,0.58,0.39
1992,7,28.43,33.07,24.47,63.72,1.05,5.94,4.76,0.22,0.39
1992,8,28.8,34.69,22.99,56.93,0.01,5.32,4.24,0.09,0.39
1992,9,29.38,34.89,23.53,58.57,2.02,5.69,4.53,0.32,0.38
1992,10,29.0,33.37,26.08,66.23,7.42,5.02,3.99,0.75,0.39
1992,11,28.44,32.62,25.16,66.68,1.07,4.61,3.69,0.72,0.4
1992,12,29.68,34.92,24.1,60.63,0.32,6.07,4.78,0.64,0.39
1992,13,29.72,34.44,25.58,60.25,1.3,4.16,3.32,0.54,0.39
1992,14,27.93,30.79,26.49,74.91,5.9,4.02,3.21,0.71,0.4
1992,15,28.37,31.72,25.57,71.92,2.16,3.24,2.61,0.49,0.4
1992,16,28.58,33.17,25.98,68.71,0.47,3.5,2.82,0.46,0.4
1992,17,28.04,31.5,25.64,75.11,0.94,3.81,3.06,0.86,0.4
1992,18,28.25,31.83,26.0,72.32,1.18,3.84,3.09,0.8,0.4
1992,19,27.89,30.54,26.04,75.21,2.47,2.76,2.23,0.98,0.4
1992,20,27.14,30.62,25.23,77.88,1.58,3.68,2.99,1.0,0.4
1992,21,27.03,30.13,24.93,77.83,15.63,3.48,2.82,0.97,0.41
1992,22,28.0,32.18,24.89,69.89,0.48,4.73,3.8,0.41,0.42
1992,23,28.07,32.94,24.75,65.24,0.37,5.99,4.81,0.51,0.41
1992,24,28.05,33.09,23.67,66.3,4.74,6.34,5.07,0.25,0.41
1992,25,27.26,31.03,23.92,68.45,2.5,8.54,6.68,0.3,0.41
1992,26,27.47,32.41,22.92,65.72,1.08,7.34,5.75,0.26,0.41
1992,27,28.07,32.84,23.94,66.13,4.06,3.28,2.66,0.6,0.41
1992,28,28.12,32.31,24.93,70.08,0.17,3.34,2.67,0.67,0.41
1992,29,27.5,31.24,25.02,73.3,1.26,3.39,2.72,0.27,0.41
1992,30,27.25,31.09,24.5,69.73,0.23,3.64,2.94,0.01,0.41
1992,31,28.18,33.39,23.3,61.77,0.35,4.82,3.85,0.18,0.4
1992,32,28.94,34.11,24.29,64.12,1.16,4.43,3.55,0.21,0.4
1992,33,29.21,33.24,26.11,66.77,2.68,3.86,3.11,0.48,0.4
1992,34,29.32,34.21,24.79,65.68,1.78,5.64,4.47,0.34,0.4
1992,35,28.94,34.04,24.17,61.29,0.19,5.84,4.61,0.33,0.4
1992,36,29.13,34.95,23.23,57.68,0.19,5.55,4.43,0.41,0.4
1992,37,29.06,34.56,23.84,59.47,1.11,4.58,3.68,0.66,0.4
1992,38,29.66,35.58,23.88,58.58,0.31,6.19,4.85,0.31,0.4
1992,39,29.61,35.69,24.42,58.85,0.21,7.3,5.69,0.35,0.39
1992,40,28.98,35.41,22.92,56.58,0.02,7.75,6.07,0.16,0.39
1992,41,29.06,35.3,23.9,58.64,0.03,9.25,7.18,0.16,0.39
1992,42,28.59,34.36,23.61,59.39,0.07,9.5,7.36,0.36,0.39
1992,43,29.41,35.59,23.28,57.97,0.21,4.93,3.83,0.43,0.39
1992,44,29.02,34.39,24.7,59.96,0.28,3.96,3.22,0.9,0.39
1992,45,29.25,32.86,25.39,59.24,0.54,4.12,3.35,0.61,0.39
1992,46,30.21,35.54,25.2,54.7,1.03,4.68,3.74,0.33,0.39
1992,47,30.06,35.23,24.45,54.73,0.61,4.93,3.96,0.17,0.39
1992,48,30.6,36.43,25.92,55.65,1.15,6.59,5.19,0.14,0.39
1992,49,29.48,35.16,24.44,59.16,0.02,4.35,3.53,0.55,0.39
1992,50,30.86,35.92,25.95,54.93,0.1,4.75,3.8,0.17,0.39
1992,51,30.38,34.67,26.06,55.58,1.34,5.65,4.45,0.12,0.38
1992,52,30.15,35.77,24.32,56.81,0.86,5.11,4.02,0.07,0.39
1992,53,29.92,35.76,24.02,56.54,0.2,5.0,3.89,0.05,0.38
1992,54,29.7,35.71,23.64,54.65,0.05,4.44,3.58,0.0,0.38
1992,55,30.34,35.98,25.0,54.12,0.12,4.59,3.67,0.38,0.38
1992,56,30.26,35.41,26.22,56.89,0.23,3.82,3.1,0.25,0.38
1992,57,30.36,35.44,26.46,60.16,0.73,3.54,2.91,0.55,0.38
1992,58,30.64,35.88,26.69,55.12,0.04,4.45,3.57,0.27,0.38
1992,59,30.5,35.62,25.24,50.82,0.0,4.61,3.71,0.23,0.38
1992,60,29.97,35.71,24.34,51.61,0.0,5.16,4.13,0.26,0.38
1992,61,30.22,35.81,24.9,51.48,0.0,4.26,3.44,0.0,0.38
1992,62,30.09,35.31,26.31,54.4,0.01,4.09,3.27,0.21,0.38
1992,63,28.94,33.58,25.82,66.17,0.01,3.92,3.16,0.66,0.38
1992,64,28.15,31.86,25.96,70.24,0.53,4.04,3.3,0.8,0.38
1992,65,26.97,30.31,24.85,73.33,1.7,6.23,5.0,1.0,0.38
1992,66,27.06,30.92,25.0,73.49,7.8,5.69,4.58,1.0,0.38
1992,67,26.91,30.55,24.78,76.65,11.33,4.59,3.7,0.73,0.4
1992,68,27.02,31.0,24.59,68.86,0.58,3.21,2.57,0.08,0.41
1992,69,27.62,32.8,23.63,64.87,0.03,3.65,2.92,0.22,0.4
1992,70,28.91,33.58,24.82,71.3,5.58,3.01,2.44,0.3,0.4
1992,71,29.39,33.72,26.11,70.98,14.72,3.38,2.67,0.46,0.41
1992,72,29.95,35.7,25.5,67.18,0.56,3.96,3.13,0.32,0.42
1992,73,30.45,35.79,26.22,60.02,0.0,4.73,3.73,0.12,0.41
1992,74,29.88,34.96,25.29,59.38,0.08,4.74,3.76,0.25,0.41
1992,75,29.68,35.46,24.65,55.47,0.01,4.8,3.77,0.24,0.4
1992,76,28.25,34.28,22.18,52.78,0.0,5.49,4.33,0.0,0.4
1992,77,28.32,34.62,22.85,57.45,1.98,4.31,3.45,0.14,0.4
1992,78,28.36,34.0,23.3,59.57,0.75,4.16,3.35,0.31,0.4
1992,79,28.43,33.5,24.63,54.62,0.07,4.4,3.54,0.44,0.4
1992,80,28.3,33.08,24.4,59.66,0.0,3.92,3.14,0.41,0.39
1992,81,28.76,33.51,24.3,59.9,1.04,3.6,2.9,0.44,0.39
1992,82,28.98,33.72,25.74,58.52,1.75,4.33,3.46,0.15,0.39
1992,83,27.56,31.39,24.97,65.77,0.71,3.58,2.82,1.0,0.39
1992,84,27.31,30.92,24.4,67.55,1.79,3.62,2.96,0.82,0.4
1992,85,26.55,31.12,22.92,65.36,0.01,5.03,4.08,0.92,0.39
1992,86,26.96,31.36,22.92,64.66,0.0,4.54,3.68,0.46,0.39
1992,87,27.58,32.9,23.33,66.87,3.05,6.04,4.84,0.3,0.39
1992,88,27.1,32.53,23.14,70.76,2.36,7.03,5.59,0.16,0.4
1992,89,26.54,31.63,22.86,67.19,0.04,7.95,6.28,0.14,0.4
1992,90,25.41,30.53,20.61,60.02,0.0,6.34,5.08,0.06,0.39
1992,91,25.7,30.98,20.48,58.11,0.0,6.13,4.9,0.11,0.39
1992,92,26.77,32.2,22.05,61.26,0.0,6.05,4.82,0.09,0.39
1992,93,26.11,31.73,21.71,66.34,0.0,6.89,5.47,0.11,0.39
1992,94,25.85,31.09,21.61,63.59,0.0,7.63,6.02,0.16,0.39
1992,95,26.26,32.47,20.86,57.72,0.0,7.0,5.52,0.3,0.39
1992,96,27.45,32.65,22.25,57.41,0.22,5.15,4.01,0.36,0.39
1992,97,28.84,34.51,23.1,54.94,0.03,4.15,3.23,0.86,0.39
1992,98,28.32,33.33,23.92,54.04,0.0,5.14,4.02,0.27,0.38
1992,99,27.62,33.4,22.51,53.74,0.0,5.6,4.38,0.19,0.38
1992,100,26.78,32.71,21.76,56.54,0.0,5.04,3.99,0.21,0.38
1992,101,26.28,31.96,21.59,57.58,0.0,4.93,3.93,0.22,0.38
1992,102,25.28,30.03,21.45,66.55,0.04,3.33,2.71,0.17,0.38
1992,103,25.58,30.91,21.86,66.97,0.0,3.01,2.4,0.12,0.38
1992,104,26.29,32.14,21.88,66.78,0.11,3.45,2.73,0.17,0.38
1992,105,25.64,30.12,22.47,70.25,0.0,3.48,2.79,0.14,0.38
1992,106,24.92,29.83,21.66,72.64,0.05,3.4,2.73,0.36,0.38
1992,107,25.88,31.89,20.72,65.59,0.0,5.6,4.46,0.1,0.38
1992,108,28.02,34.02,22.66,63.13,0.0,5.17,4.09,0.23,0.38
1992,109,28.42,33.87,23.4,53.04,0.0,4.63,3.58,0.09,0.38
1992,110,27.25,32.9,22.03,52.15,0.0,4.17,3.3,0.17,0.38
1992,111,27.67,33.16,22.41,58.74,0.13,4.24,3.34,0.41,0.38
1992,112,27.7,33.45,22.83,57.87,0.0,4.53,3.6,0.78,0.38
1992,113,28.33,33.25,23.66,56.81,0.11,4.11,3.23,0.08,0.38
1992,114,28.21,33.05,23.37,55.11,0.0,4.57,3.61,0.36,0.38
1992,115,28.08,33.21,23.91,56.06,0.04,4.23,3.37,0.24,0.38
1992,116,28.82,34.21,23.73,55.04,0.03,4.54,3.55,0.14,0.37
1992,117,28.56,33.39,24.82,54.27,0.05,4.17,3.28,0.1,0.37
1992,118,27.51,32.69,23.26,57.28,0.01,3.7,2.96,0.15,0.37
1992,119,27.75,32.42,23.88,60.49,0.01,2.97,2.35,0.06,0.37
1992,120,27.13,31.27,23.87,67.06,0.07,4.35,3.46,0.84,0.37
1992,121,26.19,29.98,23.85,69.82,0.12,6.89,5.47,0.83,0.37
1992,122,24.8,28.25,21.92,65.44,1.58,5.37,4.29,1.0,0.37
1992,123,25.33,31.66,20.57,69.74,0.06,4.2,3.35,0.31,0.38
1992,124,25.4,30.15,22.45,72.58,0.0,3.49,2.75,0.23,0.38
1992,125,24.92,29.58,21.73,65.18,0.0,2.81,2.24,0.33,0.37
1992,126,25.04,30.55,20.44,64.66,0.0,3.71,2.89,0.35,0.37
1992,127,26.18,33.25,20.34,59.57,0.0,5.09,4.03,0.11,0.37
1992,128,27.6,34.09,21.7,61.81,0.0,3.79,2.98,0.12,0.37
1992,129,28.1,32.81,23.99,57.96,0.31,4.01,3.18,0.65,0.37
1992,130,27.29,33.43,21.87,54.86,0.0,4.43,3.5,0.23,0.37
1992,131,26.5,32.2,20.97,54.32,0.0,5.32,4.19,0.1,0.37
1992,132,25.83,31.45,20.55,57.16,0.03,6.93,5.44,0.07,0.37
1992,133,25.14,31.04,19.85,54.94,0.0,6.03,4.76,0.08,0.37
1992,134,25.14,31.4,19.28,56.58,0.0,5.38,4.23,0.08,0.37
1992,135,25.24,30.58,20.63,56.45,0.0,4.57,3.6,0.95,0.37
1992,136,25.31,31.05,20.18,52.67,0.0,4.88,3.85,0.22,0.37
1992,137,25.33,31.76,18.89,54.83,0.0,4.46,3.52,0.07,0.37
1992,138,25.73,31.39,20.19,57.22,0.0,4.57,3.62,0.1,0.37
1992,139,25.04,29.93,21.42,61.36,0.23,5.04,4.0,0.1,0.37
1992,140,25.18,29.73,21.54,59.33,0.04,3.96,3.14,0.11,0.37
1992,141,24.49,30.64,20.08,61.12,0.0,4.07,3.22,0.09,0.37
1992,142,23.51,28.12,20.65,69.73,0.0,2.84,2.25,0.19,0.37
1992,143,23.26,27.52,20.0,71.48,0.17,2.67,2.11,0.32,0.37
1992,144,23.58,28.14,19.99,66.38,0.28,6.6,5.24,0.04,0.37
1992,145,23.53,29.83,18.32,63.51,0.0,3.77,3.01,0.0,0.37
1992,146,24.36,29.71,20.17,69.36,0.04,4.26,3.32,0.2,0.37
1992,147,23.18,25.97,20.18,73.52,1.28,4.81,3.83,0.41,0.37
1992,148,22.08,27.78,18.15,71.16,0.06,4.79,3.86,0.02,0.37
1992,149,22.23,26.48,18.77,70.69,0.07,4.88,3.91,0.28,0.37
1992,150,22.43,26.85,18.82,70.35,0.0,7.41,5.88,0.56,0.37
1992,151,23.61,29.61,18.25,60.97,0.07,6.47,5.1,0.0,0.37
1992,152,24.03,29.15,20.18,66.34,0.41,5.22,4.14,0.0,0.37
1992,153,23.97,29.44,20.52,70.78,1.94,3.4,2.7,0.19,0.37
1992,154,24.78,31.07,20.0,68.94,0.07,4.71,3.69,0.13,0.37
1992,155,25.17,31.06,20.17,61.44,0.0,4.26,3.29,0.07,0.37
1992,156,24.92,30.47,20.44,59.65,0.0,4.31,3.34,0.09,0.37
1992,157,24.23,30.51,19.13,67.79,0.38,5.0,3.94,0.51,0.37
1992,158,22.76,26.21,20.21,73.45,0.71,6.47,5.14,0.74,0.37
1992,159,20.95,24.73,18.18,56.15,0.06,8.33,6.57,0.28,0.37
1992,160,20.41,26.19,15.54,61.59,0.0,8.51,6.69,0.04,0.37
1992,161,21.04,27.22,15.84,64.51,0.0,7.59,5.98,0.03,0.37
1992,162,21.25,26.92,16.46,63.17,0.01,7.08,5.58,0.03,0.37
1992,163,21.72,28.82,15.23,61.37,0.01,6.96,5.39,0.08,0.37
1992,164,22.3,28.42,16.65,59.71,0.01,5.12,4.02,0.12,0.37
1992,165,23.0,28.76,18.58,61.03,0.05,4.42,3.5,0.13,0.37
1992,166,23.45,28.99,19.03,59.39,0.0,4.1,3.22,0.11,0.37
1992,167,23.2,29.05,18.61,60.31,0.02,4.12,3.25,0.12,0.37
1992,168,22.66,27.97,18.73,63.62,0.0,3.74,2.92,0.09,0.37
1992,169,22.98,29.06,18.02,53.97,0.0,4.26,3.21,0.07,0.37
1992,170,22.54,28.02,18.61,63.71,0.0,4.87,3.83,0.08,0.37
1992,171,22.0,26.99,17.76,68.62,0.0,5.63,4.4,0.1,0.37
1992,172,22.62,28.69,17.06,63.36,0.01,6.37,5.01,0.09,0.37
1992,173,22.89,28.76,18.18,55.35,0.0,4.32,3.4,0.14,0.37
1992,174,22.73,27.69,18.71,65.2,0.0,2.52,1.98,0.17,0.37
1992,175,21.96,27.31,17.73,69.69,0.0,2.56,1.97,0.21,0.37
1992,176,22.83,28.08,17.58,61.09,0.05,4.42,3.48,0.72,0.37
1992,177,23.98,29.01,20.58,64.13,0.0,3.88,3.06,0.84,0.37
1992,178,23.23,27.18,20.72,71.13,0.04,4.42,3.54,0.09,0.37
1992,179,21.42,25.48,18.16,57.29,0.0,7.71,6.11,0.09,0.37
1992,180,20.7,26.04,15.43,60.19,0.0,4.07,3.28,0.09,0.37
1992,181,21.23,25.42,18.03,65.14,0.0,4.01,3.09,0.27,0.37
1992,182,20.9,25.05,18.49,66.78,0.07,3.72,2.93,0.13,0.37
1992,183,20.55,25.53,16.23,70.58,0.01,4.96,3.91,0.14,0.36
1992,184,20.18,25.76,15.79,70.33,0.0,4.41,3.51,0.11,0.36
1992,185,18.92,21.38,16.75,76.11,6.68,6.76,5.33,0.97,0.37
1992,186,17.52,20.98,15.05,64.78,0.43,7.7,6.12,0.62,0.38
1992,187,17.99,23.16,13.69,61.93,0.03,6.24,4.95,0.12,0.38
1992,188,19.62,25.54,14.21,60.66,0.0,4.1,3.25,0.11,0.37
1992,189,21.19,26.98,16.14,62.82,0.0,4.06,3.21,0.14,0.37
1992,190,21.44,26.74,17.21,63.04,0.0,2.92,2.21,0.41,0.37
1992,191,20.92,26.59,15.77,64.92,0.0,5.96,4.69,0.14,0.37
1992,192,21.29,27.53,15.8,63.08,0.0,6.2,4.87,0.11,0.37
1992,193,21.12,27.21,15.97,66.88,0.0,4.54,3.6,0.08,0.37
1992,194,21.93,27.67,17.04,65.12,0.0,5.35,4.22,0.06,0.37
1992,195,21.88,27.42,17.13,65.91,0.02,7.84,6.15,0.12,0.37
1992,196,20.1,27.15,14.67,59.88,0.01,7.3,5.76,0.07,0.37
1992,197,20.02,26.8,14.26,58.58,0.0,4.56,3.63,0.02,0.37
1992,198,20.64,26.45,15.62,54.38,0.0,5.16,4.04,0.02,0.37
1992,199,21.13,27.66,15.78,59.07,0.0,6.96,5.46,0.06,0.37
1992,200,20.74,27.14,14.98,58.16,0.0,4.35,3.48,0.06,0.37
1992,201,20.91,27.35,15.06,58.96,0.0,4.49,3.55,0.07,0.37
1992,202,21.5,27.71,15.84,59.14,0.0,4.62,3.65,0.03,0.37
1992,203,21.79,27.52,17.07,55.24,0.0,4.09,3.22,0.03,0.37
1992,204,20.76,26.17,15.97,57.18,0.0,3.96,3.11,0.02,0.37
1992,205,20.6,26.61,15.89,66.14,0.0,3.54,2.78,0.02,0.37
1992,206,20.59,26.34,15.89,63.16,0.0,3.55,2.77,0.02,0.36
1992,207,21.35,25.83,17.97,67.21,0.0,4.75,3.81,0.03,0.36
1992,208,20.99,26.79,16.04,65.24,0.0,5.89,4.7,0.07,0.36
1992,209,20.97,26.86,15.99,66.02,0.0,4.95,3.96,0.02,0.36
1992,210,21.05,25.92,17.37,70.4,0.0,3.76,3.02,0.13,0.36
1992,211,20.42,25.58,16.4,66.51,0.0,3.39,2.63,0.15,0.36
1992,212,19.97,24.1,16.35,71.85,1.36,7.74,6.06,0.75,0.37
1992,213,18.64,23.96,15.04,62.73,0.01,9.82,7.75,0.1,0.37
1992,214,19.43,25.93,14.3,61.29,0.01,9.27,7.31,0.1,0.37
1992,215,19.44,25.73,14.51,57.81,0.0,8.99,7.08,0.11,0.37
1992,216,20.13,27.23,13.98,60.59,0.0,7.85,6.15,0.09,0.36
1992,217,20.52,26.83,14.86,57.34,0.34,4.57,3.62,0.01,0.36
1992,218,20.52,26.33,15.23,58.03,0.02,4.09,3.26,0.05,0.36
1992,219,21.03,26.71,15.42,54.25,0.03,3.64,2.9,0.01,0.36
1992,220,21.57,27.89,16.74,60.53,0.01,4.45,3.53,0.01,0.36
1992,221,21.54,27.72,16.28,57.28,0.0,3.48,2.74,0.02,0.36
1992,222,21.07,26.34,16.72,66.43,0.05,3.48,2.73,0.02,0.36
1992,223,21.24,25.67,18.03,70.01,1.71,6.5,5.16,0.66,0.37
1992,224,19.72,24.0,16.87,62.42,0.01,8.31,6.64,0.09,0.37
1992,225,18.99,23.67,14.84,59.07,0.0,7.68,6.15,0.25,0.37
1992,226,19.46,25.25,14.45,60.99,0.01,8.7,6.91,0.14,0.36
1992,227,20.73,26.72,14.71,62.0,0.75,5.41,4.32,0.54,0.36
1992,228,21.68,26.85,17.6,64.32,0.01,4.48,3.58,0.11,0.37
1992,229,21.94,28.15,16.47,62.24,0.0,5.29,4.22,0.09,0.36
1992,230,22.5,30.48,16.18,62.69,0.0,4.28,3.38,0.02,0.36
1992,231,22.6,28.7,18.27,67.05,0.39,5.1,4.13,0.13,0.36
1992,232,21.61,26.65,18.37,67.72,0.1,7.23,5.78,0.45,0.36
1992,233,20.47,25.68,17.13,69.67,0.08,8.96,7.1,0.12,0.36
1992,234,22.04,28.09,16.4,61.25,0.0,5.78,4.53,0.03,0.36
1992,235,22.41,28.65,17.64,61.04,0.0,4.49,3.55,0.16,0.36
1992,236,22.4,28.34,17.92,67.07,0.0,3.97,3.06,0.22,0.36
1992,237,22.9,28.92,17.79,62.69,0.0,3.38,2.64,0.09,0.36
1992,238,23.34,30.37,18.23,63.37,0.0,3.94,2.99,0.01,0.36
1992,239,23.61,29.23,18.37,68.9,0.2,5.49,4.33,0.05,0.36
1992,240,22.86,28.48,19.07,66.81,0.0,9.16,7.23,0.02,0.36
1992,241,22.05,28.09,17.7,66.25,0.01,9.6,7.58,0.03,0.36
1992,242,22.33,28.66,17.03,60.89,0.01,8.83,6.97,0.01,0.36
1992,243,21.99,28.27,16.04,55.18,0.02,7.59,6.03,0.61,0.36
1992,244,22.05,27.8,16.72,57.85,1.2,7.75,6.07,0.48,0.36
1992,245,22.87,28.65,18.2,57.9,0.21,5.01,4.0,0.76,0.36
1992,246,23.04,28.57,18.32,57.59,0.26,4.49,3.63,0.31,0.36
1992,247,24.2,30.36,18.75,55.37,0.02,3.93,3.12,0.24,0.36
1992,248,23.89,29.9,18.72,51.31,0.0,4.9,3.89,0.0,0.36
1992,249,23.31,29.21,17.81,52.04,0.0,4.38,3.51,0.01,0.36
1992,250,23.24,28.64,18.54,58.05,0.03,4.54,3.65,0.15,0.36
1992,251,23.66,28.79,19.58,62.66,0.0,3.83,3.07,0.02,0.36
1992,252,23.16,29.09,18.56,64.18,0.0,5.71,4.6,0.0,0.36
1992,253,23.95,30.81,17.3,55.72,0.0,6.08,4.86,0.07,0.36
1992,254,24.45,30.77,18.68,52.1,0.0,5.15,4.09,0.09,0.36
1992,255,24.06,29.91,18.44,54.12,0.0,4.68,3.77,0.0,0.36
1992,256,24.23,30.25,19.74,60.8,0.02,4.47,3.59,0.12,0.36
1992,257,23.53,27.97,20.33,72.46,0.0,3.99,3.22,0.16,0.36
1992,258,23.23,29.8,18.55,65.4,0.0,7.74,6.16,0.16,0.36
1992,259,23.8,30.95,17.75,57.41,0.0,6.64,5.29,0.0,0.36
1992,260,23.47,27.93,19.32,67.17,0.0,4.85,3.92,0.01,0.36
1992,261,23.45,29.45,18.71,65.28,0.0,7.12,5.72,0.6,0.36
1992,262,22.89,29.26,18.08,58.96,0.02,8.76,6.98,0.43,0.36
1992,263,24.85,31.71,18.29,53.59,0.0,4.89,3.82,0.34,0.36
1992,264,24.77,31.55,19.17,58.99,0.0,4.02,3.2,0.16,0.36
1992,265,24.7,31.53,19.84,59.93,0.0,3.2,2.55,0.28,0.36
1992,266,24.8,31.08,20.0,68.15,0.12,4.67,3.72,0.07,0.36
1992,267,25.59,31.94,20.56,59.79,0.06,5.0,3.96,0.06,0.36
1992,268,25.07,32.64,19.13,51.94,0.0,4.91,3.88,0.0,0.36
1992,269,24.46,30.78,18.68,56.74,0.0,5.04,4.03,0.02,0.36
1992,270,25.21,31.15,19.74,57.76,0.0,6.84,5.47,0.0,0.36
1992,271,25.3,31.41,20.32,55.3,0.0,7.75,6.18,0.12,0.36
1992,272,24.92,31.07,19.97,63.17,0.0,8.77,6.98,0.01,0.36
1992,273,25.1,31.51,20.14,60.6,0.0,6.06,4.85,0.16,0.36
1992,274,24.8,30.5,20.11,58.83,0.0,4.86,3.93,0.17,0.36
1992,275,24.68,29.47,21.57,67.19,0.0,3.43,2.84,0.58,0.35
1992,276,25.09,31.07,20.48,66.18,0.0,5.9,4.78,0.01,0.35
1992,277,25.56,32.08,20.86,65.2,0.0,5.02,4.07,0.01,0.35
1992,278,24.96,29.42,21.02,69.32,0.49,6.06,4.86,0.0,0.36
1992,279,24.57,29.71,20.58,60.97,0.13,9.55,7.61,0.34,0.36
1992,280,23.23,29.26,19.07,62.03,1.98,10.4,8.23,0.41,0.36
1992,281,25.36,31.75,19.41,60.09,0.61,5.46,4.33,0.39,0.36
1992,282,25.04,29.83,21.44,63.58,0.0,4.37,3.5,0.16,0.36
1992,283,25.71,31.72,20.1,58.71,0.52,6.63,5.26,0.0,0.36
1992,284,24.96,30.41,19.84,56.41,0.05,7.41,5.94,0.26,0.36
1992,285,23.46,28.49,19.63,63.32,0.26,6.02,4.9,0.03,0.36
1992,286,22.88,28.12,18.95,64.61,0.0,3.93,3.2,0.0,0.36
1992,287,23.44,30.09,18.77,66.07,0.0,4.95,3.99,0.21,0.36
1992,288,24.72,31.27,19.75,67.27,0.18,5.55,4.5,0.0,0.36
1992,289,27.06,34.85,22.14,64.95,0.0,4.65,3.71,0.54,0.36
1992,290,27.3,34.65,22.54,57.25,0.0,4.7,3.72,0.61,0.36
1992,291,26.27,32.21,22.21,62.81,0.0,4.2,3.36,0.57,0.36
1992,292,26.2,32.3,21.3,62.46,0.0,3.6,2.91,0.49,0.36
1992,293,26.68,33.56,21.03,58.42,0.0,3.19,2.55,0.02,0.36
1992,294,26.03,31.4,22.2,68.32,0.0,4.12,3.34,0.25,0.36
1992,295,26.12,31.39,22.3,71.5,0.0,4.02,3.24,0.23,0.36
1992,296,27.21,33.3,21.68,58.5,0.0,5.18,4.14,0.27,0.36
1992,297,27.2,33.95,22.44,57.28,0.0,4.52,3.62,0.52,0.35
1992,298,26.73,31.49,23.18,64.99,0.0,4.47,3.6,0.67,0.35
1992,299,26.73,30.8,23.29,69.29,0.0,4.47,3.6,0.65,0.35
1992,300,27.46,33.14,24.02,65.96,0.0,3.43,2.82,0.23,0.35
1992,301,26.87,31.68,23.65,66.46,0.0,5.01,4.09,0.49,0.35
1992,302,27.08,32.47,22.78,58.98,0.0,5.44,4.45,0.42,0.35
1992,303,27.94,34.5,23.45,61.46,0.0,5.39,4.31,0.43,0.35
1992,304,27.77,33.67,23.1,68.33,0.0,4.27,3.43,0.68,0.35
1992,305,27.77,32.53,24.44,58.98,0.0,5.2,4.18,0.5,0.35
1992,306,28.14,34.1,23.01,57.7,0.0,7.71,6.17,0.45,0.35
1992,307,28.84,35.37,23.2,56.81,0.0,5.53,4.44,0.51,0.35
1992,308,27.77,32.39,24.83,68.92,8.29,5.55,4.45,0.55,0.36
1992,309,26.41,29.67,23.95,71.05,4.58,5.08,4.15,0.62,0.37
1992,310,27.54,33.2,23.1,59.76,0.12,8.29,6.57,0.33,0.37
1992,311,27.33,33.11,22.7,60.05,5.35,6.39,5.12,0.37,0.37
1992,312,28.02,33.9,22.94,59.67,0.15,5.07,4.09,0.65,0.38
1992,313,27.36,33.08,23.51,66.9,3.79,4.04,3.28,0.67,0.38
1992,314,28.45,34.44,24.43,61.3,0.58,5.02,4.0,0.6,0.38
1992,315,28.45,34.15,23.85,58.61,0.14,4.65,3.74,0.36,0.37
1992,316,27.76,32.64,24.14,58.18,0.05,4.26,3.47,0.71,0.37
1992,317,28.22,33.63,23.89,59.17,0.19,4.12,3.32,0.68,0.37
1992,318,27.79,32.53,24.37,66.59,0.11,3.97,3.25,0.38,0.37
1992,319,28.59,33.54,25.49,59.26,0.18,3.49,2.86,0.79,0.37
1992,320,27.45,31.01,25.11,66.22,0.12,3.51,2.86,0.78,0.37
1992,321,27.36,32.49,24.69,65.64,0.33,4.3,3.5,0.76,0.37
1992,322,25.93,28.48,24.11,77.73,16.99,4.94,3.96,1.0,0.38
1992,323,25.85,30.75,21.76,70.55,6.35,9.05,7.16,0.76,0.4
1992,324,25.89,31.94,20.86,65.32,4.24,8.77,6.93,0.75,0.4
1992,325,26.09,30.74,22.27,71.72,6.33,4.39,3.54,0.41,0.41
1992,326,26.66,31.05,23.64,74.01,5.55,4.34,3.54,0.43,0.41
1992,327,26.99,30.7,23.9,76.07,1.98,3.97,3.21,0.4,0.41
1992,328,28.08,32.83,23.71,64.17,0.48,5.01,4.02,0.66,0.41
1992,329,28.3,33.4,24.29,66.52,1.06,4.5,3.55,0.39,0.4
1992,330,28.23,32.64,25.04,70.17,1.91,5.26,4.19,0.41,0.4
1992,331,24.62,27.79,21.26,81.63,16.59,7.12,5.66,1.0,0.42
1992,332,22.25,25.13,19.27,63.95,12.59,7.9,6.32,0.8,0.44
1992,333,22.76,27.81,19.0,62.69,14.13,7.92,6.31,0.19,0.46
1992,334,24.18,30.9,17.35,60.34,0.01,6.44,5.15,0.22,0.45
1992,335,25.39,31.13,19.54,59.84,0.0,3.98,3.21,0.19,0.44
1992,336,26.22,32.07,21.32,61.17,0.0,3.81,3.05,0.01,0.44
1992,337,26.7,31.95,22.05,63.54,1.89,4.07,3.26,0.62,0.43
1992,338,27.9,33.9,22.6,61.51,0.02,5.54,4.42,0.19,0.43
1992,339,28.53,34.66,23.86,61.73,0.0,4.48,3.55,0.22,0.42
1992,340,27.58,31.96,24.06,69.67,0.68,3.64,2.94,0.35,0.42
1992,341,28.22,33.51,24.42,66.84,1.08,3.19,2.55,0.3,0.42
1992,342,28.58,33.59,24.78,64.1,0.26,3.79,3.02,0.24,0.42
1992,343,28.18,34.05,24.36,64.85,0.46,4.65,3.71,0.44,0.41
1992,344,27.59,32.0,24.98,68.99,0.29,3.32,2.71,0.46,0.41
1992,345,26.22,28.75,24.21,75.06,0.86,2.57,2.1,0.44,0.41
1992,346,27.31,30.92,24.51,74.52,1.09,3.63,2.94,0.81,0.41
1992,347,28.09,32.73,24.85,70.31,0.28,3.86,3.12,0.87,0.41
1992,348,27.92,31.88,25.02,68.74,0.0,3.9,3.18,0.93,0.41
1992,349,28.64,32.72,25.17,67.59,0.0,3.18,2.56,0.84,0.4
1992,350,28.52,32.43,25.8,68.06,0.0,4.05,3.26,0.94,0.4
1992,351,28.31,32.47,25.82,67.59,0.0,4.13,3.35,0.86,0.4
1992,352,29.84,34.35,25.41,59.44,0.06,5.42,4.31,0.61,0.4
1992,353,29.93,35.73,24.5,54.55,0.0,5.0,4.02,0.4,0.39
1992,354,28.95,33.02,25.57,64.2,0.17,3.9,3.14,0.6,0.39
1992,355,28.46,31.54,26.44,66.65,0.13,2.67,2.16,0.42,0.39
1992,356,29.65,35.51,25.97,58.71,0.12,3.21,2.57,0.53,0.39
1992,357,29.37,34.98,25.47,61.12,0.08,3.54,2.85,0.77,0.39
1992,358,27.68,29.14,26.11,66.17,0.09,2.53,2.06,0.56,0.39
1992,359,28.95,33.61,25.97,63.19,0.09,3.34,2.69,0.8,0.39
1992,360,28.06,30.58,26.08,69.06,0.44,4.51,3.62,1.0,0.39
1992,361,28.29,32.15,25.55,70.39,0.91,8.63,6.75,1.0,0.39
1992,362,28.54,31.54,26.15,74.41,10.59,9.53,7.44,0.99,0.4
1992,363,27.32,30.17,25.3,76.31,5.23,7.93,6.25,0.66,0.41
1992,364,27.48,31.37,24.78,72.25,0.68,5.15,4.13,0.52,0.41
1992,365,27.86,31.34,24.85,70.86,0.42,3.72,3.0,0.85,0.4
1992,366,28.47,32.65,25.29,68.97,0.86,4.45,3.58,0.78,0.4
1993,1,27.48,30.48,24.96,77.71,5.36,4.14,3.35,0.97,0.4
1993,2,27.58,31.37,24.97,77.02,7.93,4.99,4.01,0.77,0.41
1993,3,28.36,33.6,24.27,66.34,2.42,8.41,6.56,0.29,0.41
1993,4,28.27,33.62,22.99,63.32,1.69,6.71,5.31,0.18,0.41
1993,5,28.19,32.0,24.72,66.35,2.6,4.11,3.3,0.66,0.41
1993,6,28.84,32.81,25.99,70.69,0.71,3.84,3.06,0.54,0.41
1993,7,27.78,29.84,26.21,79.4,1.65,2.0,1.59,0.39,0.41
1993,8,28.39,31.1,26.37,74.91,0.68,2.01,1.66,0.41,0.41
1993,9,26.49,28.11,24.58,80.03,4.65,2.09,1.72,1.0,0.41
1993,10,25.46,26.61,24.41,84.24,9.02,3.79,3.02,0.59,0.42
1993,11,26.94,31.02,23.92,76.61,4.92,8.48,6.62,0.92,0.43
1993,12,26.49,29.05,24.74,85.13,15.22,7.77,6.02,0.98,0.44
1993,13,25.89,27.14,24.57,86.88,26.39,4.6,3.63,1.0,0.48
1993,14,26.06,28.46,24.41,83.06,23.19,2.77,2.16,1.0,0.51
1993,15,26.42,29.5,23.93,78.97,8.99,2.79,2.23,0.83,0.53
1993,16,27.06,30.49,24.5,81.11,2.43,3.72,2.97,0.09,0.52
1993,17,27.25,30.31,25.18,79.82,5.08,3.58,2.88,0.31,0.51
1993,18,26.71,30.17,24.07,79.31,11.61,3.34,2.69,0.63,0.52
1993,19,26.58,29.2,24.74,83.43,6.91,3.79,3.05,1.0,0.53
1993,20,25.69,27.96,23.91,80.59,6.23,5.15,4.07,1.0,0.53
1993,21,25.84,28.7,23.92,82.0,15.41,9.16,7.11,0.99,0.54
1993,22,25.35,27.3,23.72,78.58,12.71,5.14,4.04,0.25,0.56
1993,23,26.17,28.73,23.89,82.56,7.25,3.2,2.54,0.28,0.56
1993,24,26.93,29.91,24.64,80.06,4.57,2.65,2.14,0.42,0.56
1993,25,27.51,30.75,24.9,82.07,10.83,4.3,3.43,0.43,0.56
1993,26,26.19,28.96,24.02,86.34,11.72,6.51,5.12,1.0,0.57
1993,27,25.6,29.39,22.66,77.89,2.94,6.89,5.46,0.39,0.57
1993,28,24.36,27.52,21.06,73.28,0.93,5.13,4.09,0.13,0.56
1993,29,25.01,28.13,22.71,70.13,1.16,3.9,3.09,0.64,0.55
1993,30,25.02,28.01,22.72,63.14,0.57,2.78,2.21,0.33,0.54
1993,31,25.63,29.67,21.98,65.97,0.56,2.71,2.16,0.01,0.53
1993,32,26.39,30.44,22.55,75.1,1.49,3.75,3.01,0.13,0.53
1993,33,26.62,29.58,24.2,79.92,3.66,3.81,3.06,0.94,0.52
1993,34,27.15,30.44,24.38,75.53,0.04,3.61,2.9,0.08,0.52
1993,35,28.56,33.26,25.04,71.89,1.71,5.62,4.42,0.29,0.51
1993,36,28.78,34.0,24.36,70.81,0.61,5.05,3.93,0.27,0.5
1993,37,27.88,32.22,24.84,75.37,4.05,3.9,3.12,0.63,0.5
1993,38,27.12,29.97,24.39,73.65,1.51,2.91,2.32,0.03,0.5
1993,39,27.72,31.37,23.69,68.56,0.63,3.27,2.61,0.33,0.5
1993,40,27.77,31.01,24.56,73.14,3.74,3.12,2.49,0.79,0.49
1993,41,26.68,29.8,24.54,81.94,14.66,4.51,3.55,0.8,0.51
1993,42,25.18,27.77,22.91,82.5,13.22,4.15,3.31,1.0,0.53
1993,43,26.36,28.96,24.63,83.52,13.69,3.46,2.76,0.99,0.55
1993,44,26.64,29.29,24.66,82.52,10.56,4.9,3.85,0.85,0.55
1993,45,26.56,29.03,24.96,79.44,6.28,4.41,3.47,0.41,0.56
1993,46,26.19,28.84,24.36,80.12,4.97,5.45,4.28,0.56,0.55
1993,47,26.06,29.16,23.75,73.73,0.92,3.74,2.93,0.16,0.54
1993,48,26.85,30.99,22.93,70.19,0.7,3.43,2.75,0.12,0.53
1993,49,27.2,31.87,23.29,77.86,21.25,7.33,5.71,0.5,0.54
1993,50,27.5,31.12,24.3,78.23,18.02,3.53,2.8,0.85,0.56
1993,51,27.8,31.28,24.31,77.78,2.66,3.23,2.58,0.78,0.57
1993,52,26.95,29.55,25.43,83.11,6.12,2.68,2.11,0.71,0.57
1993,53,27.3,30.13,25.03,80.2,3.17,2.8,2.25,0.58,0.57
1993,54,26.59,29.67,24.63,82.33,1.98,4.16,3.36,0.22,0.56
1993,55,25.91,29.64,22.48,76.57,0.09,4.03,3.26,0.14,0.55
1993,56,26.01,29.36,22.96,77.58,1.29,3.29,2.62,0.51,0.54
1993,57,25.53,28.36,23.76,81.43,4.66,5.67,4.49,0.92,0.54
1993,58,25.87,30.17,23.0,78.45,1.03,8.06,6.27,0.48,0.54
1993,59,26.75,31.9,22.87,73.92,0.69,7.72,6.01,0.98,0.53
1993,60,27.39,32.78,23.07,74.94,0.96,7.85,6.09,0.34,0.53
1993,61,26.81,32.34,22.58,71.0,0.17,9.94,7.67,0.07,0.52
1993,62,27.32,33.42,21.85,70.32,0.07,7.51,5.79,0.23,0.51
1993,63,27.61,32.67,23.49,74.1,1.73,8.53,6.54,0.35,0.51
1993,64,26.76,29.5,24.0,80.44,0.43,6.01,4.77,0.4,0.5
1993,65,26.93,30.22,24.87,80.63,1.54,7.06,5.55,0.98,0.5
1993,66,26.12,29.33,23.67,81.2,19.43,5.8,4.6,0.61,0.51
1993,67,26.13,30.9,22.72,73.99,2.33,7.03,5.49,0.39,0.52
1993,68,25.38,30.34,21.6,70.57,0.01,7.09,5.58,0.13,0.52
1993,69,24.41,29.78,20.14,68.57,0.03,8.23,6.44,0.03,0.51
1993,70,23.67,29.0,18.92,68.14,0.1,7.87,6.18,0.06,0.5
1993,71,24.24,30.42,18.94,67.57,0.0,6.37,5.03,0.08,0.49
1993,72,25.0,31.46,19.14,66.73,0.0,5.25,4.12,0.07,0.49
1993,73,25.25,30.86,19.89,62.89,0.0,3.82,3.02,0.08,0.48
1993,74,26.07,31.68,20.68,65.09,0.0,4.22,3.35,0.11,0.47
1993,75,27.0,32.32,22.44,66.1,0.0,3.51,2.77,0.0,0.47
1993,76,27.36,32.97,22.41,65.89,0.01,5.84,4.58,0.24,0.47
1993,77,27.29,32.68,22.26,69.23,1.91,6.62,5.14,0.25,0.46
1993,78,27.67,33.15,23.18,68.14,0.96,4.09,3.23,0.16,0.46
1993,79,27.54,33.31,22.37,61.66,0.01,3.48,2.78,0.18,0.46
1993,80,28.23,33.69,23.81,59.7,0.52,3.18,2.53,0.19,0.45
1993,81,27.91,32.81,23.81,63.34,0.23,3.53,2.79,0.0,0.45
1993,82,27.46,31.0,24.73,69.74,0.63,3.02,2.44,0.45,0.45
1993,83,28.12,33.75,24.01,70.75,0.33,4.21,3.37,0.57,0.44
1993,84,26.57,29.15,25.12,76.59,0.67,2.63,2.07,0.79,0.44
1993,85,26.29,29.57,24.33,77.51,0.13,3.31,2.73,0.47,0.44
1993,86,25.21,27.56,23.42,73.31,0.2,2.37,1.88,0.88,0.44
1993,87,25.29,28.96,22.65,71.91,1.28,4.78,3.82,0.49,0.44
1993,88,25.67,30.63,21.34,66.97,0.88,6.0,4.78,0.36,0.44
1993,89,25.15,28.7,22.19,75.26,0.68,5.51,4.42,0.49,0.44
1993,90,25.5,29.52,22.55,73.99,1.67,5.03,4.05,0.45,0.44
1993,91,26.17,30.96,22.21,69.55,0.05,6.14,4.89,0.43,0.43
1993,92,27.17,32.89,21.75,67.02,0.25,4.48,3.52,0.33,0.43
1993,93,27.63,32.69,23.75,67.43,0.25,3.66,2.87,0.3,0.43
1993,94,27.42,32.54,23.61,67.96,0.26,3.67,2.88,0.32,0.42
1993,95,27.46,32.26,23.45,66.56,0.11,4.82,3.8,0.32,0.42
1993,96,27.48,32.4,22.75,65.37,0.01,3.27,2.62,0.18,0.42
1993,97,27.1,31.94,23.75,69.28,0.02,4.63,3.66,0.6,0.42
1993,98,26.3,30.56,24.09,73.3,0.03,2.62,2.06,0.63,0.41
1993,99,26.87,32.43,22.49,67.27,0.02,2.96,2.33,0.19,0.41
1993,100,27.49,32.56,23.57,66.67,0.02,3.12,2.46,0.17,0.41
1993,101,28.24,33.31,24.21,66.04,0.05,2.39,1.91,0.67,0.41
1993,102,28.18,33.36,24.02,62.9,0.0,3.46,2.76,0.41,0.41
1993,103,28.6,33.75,23.99,60.4,0.0,3.18,2.53,0.0,0.41
1993,104,28.28,33.2,24.31,57.85,0.0,4.02,3.19,0.93,0.4
1993,105,26.36,32.6,20.42,52.79,0.0,3.86,3.1,0.16,0.4
1993,106,26.85,32.56,21.44,58.59,0.0,4.19,3.36,0.08,0.4
1993,107,27.53,33.37,22.07,59.74,0.0,3.54,2.84,0.03,0.4
1993,108,27.36,31.83,23.11,61.47,0.26,3.79,3.04,0.27,0.4
1993,109,28.36,33.08,24.69,59.78,0.32,3.38,2.72,0.44,0.4
1993,110,27.43,31.74,23.84,61.64,0.53,3.0,2.4,0.41,0.4
1993,111,28.18,33.32,23.75,61.19,0.1,4.13,3.29,0.21,0.4
1993,112,28.33,33.17,23.93,59.41,0.02,4.15,3.32,0.58,0.4
1993,113,28.72,32.79,25.48,59.66,0.02,3.94,3.13,0.63,0.4
1993,114,27.52,30.39,24.84,62.16,0.02,2.91,2.27,0.7,0.4
1993,115,26.84,31.91,22.53,64.61,0.03,3.39,2.71,0.31,0.39
1993,116,27.1,32.0,23.09,64.07,0.01,3.44,2.71,0.07,0.39
1993,117,27.63,33.11,23.04,59.09,0.0,2.92,2.31,0.13,0.39
1993,118,26.92,32.03,23.41,68.15,0.02,3.7,2.93,0.17,0.39
1993,119,25.8,29.38,23.47,69.28,0.01,3.3,2.69,0.61,0.39
1993,120,24.02,27.32,22.16,68.42,0.02,6.29,5.04,1.0,0.39
1993,121,24.15,28.03,20.94,65.26,0.19,6.3,5.01,0.16,0.39
1993,122,25.36,30.98,20.21,65.12,0.04,7.29,5.74,0.05,0.39
1993,123,26.34,31.65,22.65,64.22,0.99,5.08,4.0,0.45,0.39
1993,124,26.44,31.12,22.89,64.35,0.77,3.76,2.98,0.43,0.39
1993,125,26.45,31.83,21.83,61.53,0.18,3.7,2.92,0.16,0.39
1993,126,25.18,30.84,20.86,67.42,0.02,4.36,3.5,0.02,0.39
1993,127,24.4,28.98,20.19,72.01,0.02,3.45,2.77,0.04,0.39
1993,128,24.89,30.01,21.0,69.32,0.0,5.45,4.36,0.01,0.39
1993,129,25.61,31.27,20.67,60.42,0.0,4.62,3.72,0.22,0.39
1993,130,25.3,29.56,22.47,63.18,0.05,3.7,2.93,0.03,0.39
1993,131,23.78,27.59,20.82,72.94,0.9,3.32,2.63,0.85,0.39
1993,132,23.02,27.37,19.77,69.2,0.02,5.38,4.31,0.45,0.39
1993,133,22.92,27.3,18.84,67.83,0.01,6.35,5.06,0.03,0.39
1993,134,23.05,27.85,18.81,64.64,0.01,6.35,5.07,0.13,0.39
1993,135,22.56,27.56,17.95,66.92,0.01,5.93,4.75,0.1,0.39
1993,136,23.25,28.08,19.56,70.37,0.19,2.8,2.25,0.13,0.39
1993,137,23.33,26.84,20.54,66.5,0.29,2.41,1.95,0.2,0.39
1993,138,24.08,28.57,19.38,53.09,0.05,3.04,2.39,0.75,0.39
1993,139,24.92,31.05,19.92,61.9,0.38,4.51,3.57,0.69,0.39
1993,140,24.65,29.66,21.29,67.85,0.47,3.84,3.04,0.45,0.39
1993,141,23.86,27.47,21.51,74.6,0.06,2.69,2.08,0.42,0.39
1993,142,23.76,28.05,21.07,71.07,0.0,2.41,1.9,0.34,0.39
1993,143,23.39,28.52,19.13,72.84,0.0,3.0,2.33,0.26,0.38
1993,144,23.01,27.55,20.06,73.85,0.0,2.84,2.23,0.26,0.38
1993,145,23.24,27.92,20.01,71.84,0.0,2.53,1.97,0.0,0.38
1993,146,24.06,30.17,19.15,65.88,0.0,3.06,2.39,0.21,0.38
1993,147,24.25,30.42,19.55,63.64,0.0,2.91,2.25,0.06,0.38
1993,148,24.54,30.6,20.36,72.12,0.0,3.26,2.54,0.0,0.38
1993,149,24.1,29.18,20.17,73.96,0.0,3.31,2.6,0.01,0.38
1993,150,23.73,28.53,19.69,75.71,0.0,4.19,3.32,0.01,0.38
1993,151,23.49,28.34,19.83,69.53,0.0,6.77,5.39,0.0,0.38
1993,152,22.95,28.07,18.94,65.62,0.0,7.19,5.68,0.02,0.38
1993,153,23.35,28.86,18.84,66.34,0.0,6.66,5.27,0.01,0.38
1993,154,23.49,29.4,19.15,70.27,0.0,4.79,3.76,0.0,0.38
1993,155,22.63,26.05,20.31,72.96,0.4,4.76,3.76,0.72,0.38
1993,156,20.43,23.73,16.78,57.84,0.02,9.38,7.34,0.5,0.38
1993,157,19.48,24.86,15.26,56.67,0.01,6.83,5.39,0.02,0.38
1993,158,19.35,25.1,13.91,61.97,0.0,4.7,3.75,0.01,0.38
1993,159,19.69,24.68,15.08,63.55,0.03,4.25,3.34,0.23,0.38
1993,160,20.37,23.61,16.95,69.22,7.1,6.09,4.8,0.55,0.39
1993,161,19.22,24.12,15.09,63.34,0.01,7.06,5.58,0.02,0.39
1993,162,19.75,25.27,15.03,62.57,0.04,7.34,5.78,0.01,0.39
1993,163,20.86,27.51,15.21,63.91,2.31,5.25,4.15,0.0,0.39
1993,164,21.59,27.55,17.15,65.32,0.5,6.77,5.24,0.36,0.39
1993,165,20.93,27.36,15.92,62.18,0.06,6.52,5.1,0.2,0.39
1993,166,21.25,26.77,16.13,60.93,0.01,4.12,3.24,0.38,0.39
1993,167,21.62,26.8,17.43,61.98,0.0,3.1,2.39,0.44,0.39
1993,168,21.63,27.28,17.41,66.37,0.0,4.48,3.56,0.01,0.39
1993,169,20.65,26.41,16.2,67.75,0.0,4.61,3.67,0.0,0.38
1993,170,20.8,27.3,16.01,71.17,0.0,4.16,3.28,0.01,0.38
1993,171,20.88,26.03,16.9,72.84,0.0,4.38,3.48,0.06,0.38
1993,172,20.62,25.18,17.34,73.46,0.0,5.04,3.97,0.1,0.38
1993,173,20.46,25.18,15.82,72.77,0.0,5.49,4.35,0.02,0.38
1993,174,21.6,27.05,17.47,66.7,0.0,5.51,4.36,0.02,0.38
1993,175,20.96,26.2,16.35,66.35,0.0,6.53,5.19,0.03,0.38
1993,176,19.52,23.23,16.58,68.87,0.14,10.05,7.85,0.51,0.38
1993,177,18.94,25.0,14.51,63.8,0.01,9.43,7.38,0.04,0.38
1993,178,19.67,27.06,14.21,62.37,0.0,6.87,5.38,0.05,0.38
1993,179,20.2,26.84,14.67,61.71,0.0,6.45,5.06,0.03,0.38
1993,180,20.39,26.21,15.4,62.21,0.0,4.72,3.74,0.06,0.38
1993,181,20.5,25.67,15.83,58.68,0.0,4.83,3.81,0.05,0.38
1993,182,21.32,27.2,16.0,61.36,0.0,6.59,5.17,0.03,0.38
1993,183,20.54,25.66,15.57,63.53,0.0,7.06,5.6,0.03,0.38
1993,184,19.81,24.89,15.97,66.33,0.04,9.49,7.44,0.02,0.38
1993,185,20.11,26.1,15.61,61.72,0.01,8.65,6.79,0.03,0.38
1993,186,19.78,26.17,14.59,63.11,0.29,7.87,6.2,0.01,0.38
1993,187,20.3,26.85,15.27,59.33,0.15,6.64,5.2,0.03,0.38
1993,188,20.41,26.65,15.02,63.26,0.03,4.34,3.43,0.08,0.38
1993,189,22.5,28.12,17.22,55.97,0.0,2.97,2.3,0.06,0.38
1993,190,22.4,27.82,17.12,61.44,0.01,3.02,2.4,0.05,0.38
1993,191,22.92,27.84,18.39,60.76,0.0,3.51,2.79,0.06,0.38
1993,192,23.17,29.13,18.43,58.18,0.0,3.73,2.88,0.02,0.37
1993,193,22.82,28.49,18.41,60.67,0.0,3.95,3.1,0.07,0.37
1993,194,22.56,28.43,17.86,57.78,0.0,4.01,3.13,0.06,0.37
1993,195,22.21,28.51,16.5,58.91,0.0,5.43,4.21,0.05,0.37
1993,196,21.83,27.99,16.07,56.73,0.01,4.84,3.84,0.02,0.37
1993,197,21.79,27.97,16.43,59.15,0.05,6.19,4.84,0.03,0.37
1993,198,21.66,28.34,15.94,59.78,0.06,7.0,5.44,0.02,0.37
1993,199,21.74,28.49,16.19,60.9,0.02,5.89,4.56,0.04,0.37
1993,200,20.54,26.07,15.47,63.85,0.0,4.33,3.47,0.02,0.37
1993,201,20.88,26.19,16.07,59.31,0.0,5.18,4.1,0.03,0.37
1993,202,21.18,26.68,16.58,66.81,0.03,6.46,5.13,0.03,0.37
1993,203,20.84,26.54,16.11,66.14,0.01,8.0,6.33,0.02,0.37
1993,204,20.28,25.33,16.63,64.24,0.02,9.76,7.66,0.39,0.37
1993,205,19.86,25.72,14.34,60.1,0.0,7.77,6.17,0.21,0.37
1993,206,21.12,27.03,15.89,61.33,0.32,6.14,4.88,0.16,0.37
1993,207,21.43,26.66,16.99,63.61,0.0,4.59,3.67,0.08,0.37
1993,208,21.41,27.38,16.93,60.73,0.0,3.21,2.48,0.01,0.37
1993,209,21.4,27.08,17.04,67.77,0.0,3.23,2.55,0.0,0.37
1993,210,21.59,27.48,16.73,71.61,0.0,4.72,3.75,0.09,0.37
1993,211,23.69,28.75,19.87,69.58,0.0,5.8,4.64,0.25,0.37
1993,212,23.89,29.2,19.14,66.72,0.0,3.73,2.96,0.04,0.37
1993,213,24.18,30.13,19.19,54.78,0.0,5.05,3.92,0.02,0.37
1993,214,22.47,28.77,16.38,55.81,0.0,5.31,4.14,0.03,0.37
1993,215,21.61,28.98,15.52,54.88,0.0,6.14,4.81,0.02,0.37
1993,216,21.85,28.5,16.38,54.53,0.0,4.62,3.67,0.01,0.37
1993,217,21.63,28.16,16.35,55.32,0.0,4.65,3.71,0.03,0.37
1993,218,21.46,27.13,17.02,59.41,0.0,3.79,3.0,0.11,0.37
1993,219,21.2,26.54,16.8,67.78,0.0,3.16,2.49,0.05,0.37
1993,220,20.74,25.45,17.04,75.16,0.0,3.2,2.54,0.07,0.37
1993,221,20.12,22.62,18.1,77.47,0.67,2.86,2.35,1.0,0.37
1993,222,19.56,23.67,16.38,69.49,0.07,5.95,4.8,0.31,0.37
1993,223,19.81,26.05,14.43,59.44,0.0,5.24,4.2,0.19,0.37
1993,224,20.04,25.35,15.25,64.66,0.0,4.78,3.77,0.14,0.37
1993,225,19.55,21.73,17.34,69.02,1.67,8.65,6.75,0.99,0.37
1993,226,17.97,21.49,15.05,59.89,1.47,8.87,7.05,0.8,0.37
1993,227,19.02,25.49,13.45,62.37,0.0,7.55,6.01,0.08,0.37
1993,228,19.93,26.69,13.81,56.22,0.0,5.41,4.32,0.01,0.37
1993,229,19.83,26.01,14.29,59.76,0.0,4.6,3.69,0.01,0.37
1993,230,20.5,26.4,15.14,58.63,0.0,4.84,3.83,0.01,0.37
1993,231,20.96,26.82,16.26,60.03,0.0,3.1,2.45,0.23,0.37
1993,232,22.12,28.14,17.1,61.7,0.0,3.5,2.75,0.2,0.37
1993,233,22.12,27.72,17.38,70.56,0.0,4.66,3.66,0.06,0.37
1993,234,21.84,25.75,19.15,68.79,0.08,5.18,4.13,0.36,0.37
1993,235,19.68,24.13,16.1,59.29,0.01,8.84,7.04,0.5,0.37
1993,236,19.68,26.17,14.12,54.98,0.0,9.72,7.68,0.03,0.37
1993,237,21.34,28.65,15.76,55.89,0.32,8.44,6.61,0.83,0.37
1993,238,21.58,26.94,16.79,55.93,0.33,5.29,4.23,0.96,0.37
1993,239,23.24,28.86,18.55,58.74,0.48,4.31,3.4,0.98,0.37
1993,240,23.28,29.08,18.83,61.39,0.1,4.69,3.75,0.77,0.37
1993,241,23.16,28.23,19.13,65.61,0.0,4.97,3.91,0.03,0.37
1993,242,22.03,26.58,17.44,67.07,0.0,9.23,7.28,0.04,0.37
1993,243,20.61,28.35,14.62,53.74,0.0,9.98,7.83,0.0,0.37
1993,244,20.39,27.61,14.33,55.02,0.0,8.23,6.5,0.14,0.37
1993,245,20.5,27.54,14.08,52.32,0.0,5.01,4.02,0.15,0.37
1993,246,20.87,27.58,14.57,51.15,0.0,4.86,3.87,0.14,0.36
1993,247,21.8,28.24,16.35,52.57,0.0,5.02,3.98,0.14,0.36
1993,248,21.8,28.03,17.26,56.66,0.0,5.16,4.09,0.12,0.36
1993,249,21.47,26.98,16.73,57.98,0.0,5.71,4.58,0.12,0.36
1993,250,22.97,29.25,17.15,59.26,0.0,6.25,4.94,0.0,0.36
1993,251,22.67,29.62,16.45,53.81,0.0,4.53,3.64,0.01,0.36
1993,252,23.01,29.26,18.03,58.12,0.0,4.32,3.47,0.09,0.36
1993,253,24.1,31.23,18.76,62.7,0.0,3.22,2.56,0.75,0.36
1993,254,23.43,28.7,19.38,66.3,0.0,4.01,3.16,0.57,0.36
1993,255,23.47,30.03,17.39,54.76,0.0,5.85,4.58,0.15,0.36
1993,256,23.78,30.75,17.63,59.52,0.0,4.9,3.92,0.01,0.36
1993,257,24.04,30.59,18.61,56.55,0.0,4.8,3.81,0.15,0.36
1993,258,22.67,28.13,18.45,70.59,0.0,6.47,5.17,0.52,0.36
1993,259,23.16,29.79,18.68,59.21,0.0,7.29,5.83,0.04,0.36
1993,260,23.15,29.95,17.06,59.14,0.0,6.94,5.58,0.01,0.36
1993,261,24.16,31.06,17.77,56.27,0.0,7.32,5.8,0.0,0.36
1993,262,25.18,31.24,19.37,58.09,0.0,4.41,3.51,0.27,0.36
1993,263,24.72,29.97,21.27,64.41,1.36,5.37,4.27,0.39,0.36
1993,264,24.67,30.33,20.87,65.08,0.06,4.59,3.67,0.38,0.36
1993,265,25.77,30.93,21.2,62.82,0.09,3.15,2.51,0.57,0.36
1993,266,27.09,32.25,22.98,54.27,0.11,6.61,5.21,0.95,0.36
1993,267,27.17,33.45,21.04,50.94,0.0,5.08,3.93,0.04,0.36
1993,268,26.37,32.54,21.5,54.96,0.0,4.84,3.86,0.12,0.36
1993,269,25.07,29.76,21.21,66.61,0.4,4.01,3.2,0.03,0.36
1993,270,23.14,27.56,18.73,66.2,0.0,6.59,5.26,0.0,0.36
1993,271,24.81,31.19,19.29,63.36,0.0,3.66,2.93,0.37,0.36
1993,272,24.52,30.21,21.11,65.64,0.0,5.79,4.63,0.66,0.36
1993,273,23.96,29.34,21.01,66.67,0.03,3.41,2.8,0.48,0.36
1993,274,23.92,29.94,19.61,63.03,0.07,8.32,6.64,0.14,0.36
1993,275,21.84,26.81,17.41,54.1,0.0,9.84,7.85,0.04,0.36
1993,276,23.1,30.88,15.91,53.15,0.0,6.18,4.95,0.12,0.36
1993,277,24.58,31.0,20.14,61.43,0.0,6.25,4.99,0.17,0.36
1993,278,24.01,28.19,21.11,68.29,0.0,4.2,3.39,0.17,0.36
1993,279,23.73,29.5,19.49,66.91,0.0,4.14,3.35,0.17,0.36
1993,280,25.74,31.87,20.04,62.08,0.0,6.82,5.43,0.1,0.36
1993,281,26.31,33.0,22.38,62.33,0.56,5.22,4.13,0.83,0.36
1993,282,25.38,30.33,21.99,65.7,1.06,6.09,4.85,1.0,0.36
1993,283,25.79,31.42,21.8,62.55,0.02,4.92,3.97,0.2,0.36
1993,284,27.18,33.38,21.8,59.13,0.0,6.27,4.99,0.14,0.36
1993,285,27.47,33.33,22.28,53.06,0.0,5.28,4.2,0.26,0.36
1993,286,27.26,33.38,22.76,56.7,0.0,4.87,3.87,0.13,0.36
1993,287,26.15,31.32,22.47,65.54,0.0,4.31,3.47,0.44,0.36
1993,288,25.43,30.59,20.55,63.73,0.0,6.36,5.17,0.08,0.36
1993,289,27.23,33.58,21.27,56.95,0.0,3.86,3.11,0.02,0.36
1993,290,27.09,33.42,22.64,58.4,0.0,4.48,3.58,0.47,0.36
1993,291,26.68,32.79,22.67,58.41,0.0,4.63,3.73,0.06,0.36
1993,292,26.1,31.66,21.78,62.5,0.0,3.61,2.95,0.0,0.36
1993,293,26.08,31.22,21.55,65.79,0.01,3.58,2.9,0.35,0.36
1993,294,27.28,33.76,22.15,56.36,0.11,5.46,4.37,0.33,0.36
1993,295,27.03,33.0,23.22,59.61,0.23,5.12,4.12,0.43,0.36
1993,296,26.33,31.23,23.83,65.15,1.77,3.96,3.26,0.24,0.36
1993,297,25.68,29.67,23.1,66.81,3.36,4.56,3.78,0.43,0.36
1993,298,24.92,28.82,22.14,66.57,0.18,5.46,4.49,0.68,0.36
1993,299,25.75,31.41,20.43,59.88,0.04,6.58,5.34,0.43,0.36
1993,300,25.73,31.34,21.96,67.53,6.93,5.01,4.05,0.77,0.37
1993,301,24.76,29.21,21.36,69.6,0.14,4.94,3.98,0.47,0.37
1993,302,24.55,28.09,21.94,57.14,0.0,3.47,2.85,0.3,0.37
1993,303,25.23,30.87,20.62,61.04,0.0,5.5,4.47,0.13,0.37
1993,304,25.89,31.58,20.7,61.17,0.0,4.84,3.94,0.04,0.37
1993,305,24.27,29.06,20.31,68.74,0.02,7.14,5.75,0.52,0.36
1993,306,23.25,27.35,20.19,56.26,0.06,8.46,6.8,0.46,0.36
1993,307,24.5,31.55,18.5,57.51,0.0,6.37,5.15,0.62,0.36
1993,308,24.65,28.0,21.14,69.95,0.66,4.6,3.74,0.65,0.36
1993,309,24.34,28.01,22.04,70.24,1.12,3.75,3.08,0.77,0.36
1993,310,24.78,29.72,21.62,66.74,0.11,4.19,3.44,0.37,0.37
1993,311,24.76,29.57,20.88,65.36,0.24,5.11,4.16,0.75,0.36
1993,312,25.08,29.06,21.04,63.57,0.72,5.82,4.73,0.78,0.36
1993,313,23.89,28.91,19.71,66.04,0.08,6.04,4.92,0.8,0.36
1993,314,24.09,27.51,20.99,71.73,0.56,4.12,3.39,0.61,0.36
1993,315,24.86,29.84,21.94,66.4,0.0,3.64,2.98,0.48,0.36
1993,316,25.4,31.46,20.98,62.43,0.0,5.02,4.06,0.35,0.36
1993,317,25.35,30.91,21.25,61.29,0.08,5.65,4.6,0.22,0.36
1993,318,25.73,30.2,22.26,60.72,0.01,7.69,6.15,0.39,0.36
1993,319,26.12,32.37,20.46,52.53,0.01,9.91,7.76,0.25,0.36
1993,320,25.59,33.08,18.69,54.81,0.0,6.26,4.98,0.29,0.36
1993,321,26.61,31.42,22.05,54.87,0.0,4.54,3.65,0.09,0.36
1993,322,27.42,32.7,22.22,48.81,0.0,4.67,3.78,0.9,0.36
1993,323,27.96,34.22,23.84,52.51,0.0,4.7,3.75,0.04,0.36
1993,324,27.64,33.68,23.18,57.28,0.0,4.65,3.76,0.04,0.36
1993,325,27.64,32.6,23.38,56.11,0.0,4.33,3.49,0.36,0.36
1993,326,26.8,32.3,22.22,56.86,0.0,4.09,3.27,0.04,0.36
1993,327,28.11,34.29,23.49,57.7,0.24,4.4,3.48,0.49,0.36
1993,328,27.23,32.76,24.0,63.49,0.16,3.55,2.88,0.83,0.36
1993,329,27.43,32.84,23.69,59.08,0.0,4.51,3.68,0.27,0.36
1993,330,28.05,33.42,23.35,61.92,0.02,5.44,4.42,0.27,0.36
1993,331,27.92,33.35,24.38,65.11,0.06,6.83,5.51,0.47,0.36
1993,332,27.09,31.83,23.64,61.24,0.0,6.64,5.39,0.18,0.36
1993,333,27.11,32.44,23.29,61.05,0.0,6.17,5.01,0.18,0.36
1993,334,27.74,33.57,23.62,65.22,0.14,5.23,4.25,0.02,0.36
1993,335,28.41,33.0,25.15,68.7,0.1,4.27,3.48,0.75,0.36
1993,336,29.91,35.69,25.52,60.94,0.24,3.29,2.7,0.71,0.36
1993,337,31.33,36.26,27.58,51.64,0.26,4.35,3.45,0.28,0.36
1993,338,31.64,36.98,27.08,51.78,0.0,4.55,3.61,0.44,0.36
1993,339,30.39,35.73,27.1,60.24,2.53,5.08,4.06,0.41,0.36
1993,340,29.49,33.72,26.6,58.84,0.46,3.75,3.09,0.38,0.36
1993,341,30.79,36.15,26.12,50.52,2.07,5.1,4.08,0.41,0.36
1993,342,31.05,36.91,26.06,53.85,0.36,5.02,3.96,0.47,0.36
1993,343,30.91,36.47,26.13,47.75,0.0,5.96,4.67,0.0,0.36
1993,344,29.8,35.04,25.02,47.29,0.0,5.1,4.07,0.0,0.36
1993,345,28.14,32.58,23.58,58.34,1.2,7.78,6.17,0.82,0.36
1993,346,27.94,33.79,23.56,61.36,0.7,9.3,7.35,0.38,0.36
1993,347,28.41,34.08,23.29,61.58,4.17,7.28,5.76,0.76,0.37
1993,348,27.72,31.55,25.2,61.35,1.27,4.59,3.65,1.0,0.37
1993,349,27.8,31.94,25.14,62.61,3.07,4.24,3.38,1.0,0.37
1993,350,27.3,32.03,24.17,62.86,1.3,4.21,3.36,0.79,0.37
1993,351,28.07,32.4,24.17,64.97,1.72,3.45,2.78,0.13,0.37
1993,352,27.28,31.59,24.16,69.57,0.07,4.13,3.32,0.2,0.37
1993,353,27.18,30.69,24.52,71.77,0.47,4.53,3.59,0.58,0.37
1993,354,26.61,30.04,24.3,73.94,1.32,4.81,3.85,0.99,0.37
1993,355,27.6,32.87,23.16,61.1,2.0,6.73,5.35,0.5,0.37
1993,356,27.55,32.74,23.44,65.74,0.0,4.78,3.82,0.14,0.37
1993,357,28.32,33.22,24.05,66.71,0.0,5.32,4.2,0.45,0.37
1993,358,29.32,34.5,23.9,58.82,0.0,7.04,5.38,0.62,0.37
1993,359,28.97,31.37,26.6,64.16,0.0,4.83,3.74,0.47,0.37
1993,360,27.41,29.73,25.62,75.6,0.0,2.15,1.78,0.57,0.36
1993,361,28.08,32.42,25.23,70.33,4.22,2.87,2.34,0.45,0.37
1993,362,28.55,33.36,24.72,67.16,3.36,4.68,3.75,0.19,0.37
1993,363,28.4,33.44,24.19,65.72,0.03,4.11,3.32,0.47,0.37
1993,364,28.87,33.28,25.71,62.24,2.79,4.1,3.29,0.21,0.37
1993,365,28.79,33.7,25.31,62.49,5.03,3.95,3.23,0.11,0.38
1994,1,28.26,32.27,25.27,69.81,1.9,3.88,3.17,0.77,0.38
1994,2,27.59,30.55,25.58,76.22,11.37,3.14,2.53,1.0,0.39
1994,3,27.89,33.21,24.31,67.65,0.35,4.21,3.42,0.15,0.39
1994,4,27.71,31.76,24.3,67.21,1.63,6.16,4.92,0.69,0.39
1994,5,27.11,32.31,22.18,61.77,2.07,9.39,7.39,0.66,0.39
1994,6,26.72,33.39,20.66,53.37,0.0,8.11,6.41,0.19,0.38
1994,7,27.37,34.03,20.79,51.83,0.0,7.55,5.97,0.01,0.38
1994,8,27.45,33.29,21.86,55.49,0.1,5.57,4.47,0.27,0.38
1994,9,27.81,32.56,22.81,56.3,0.02,4.27,3.45,0.35,0.37
1994,10,28.58,34.36,23.52,57.29,0.24,4.49,3.59,0.4,0.37
1994,11,28.18,32.65,24.6,62.52,0.69,4.66,3.77,0.5,0.37
1994,12,28.81,34.13,25.01,62.09,1.06,3.61,2.92,0.73,0.37
1994,13,29.85,35.76,26.1,62.24,0.42,4.05,3.24,0.73,0.37
1994,14,30.03,34.97,26.47,65.97,4.77,2.66,2.18,0.99,0.37
1994,15,27.7,30.34,26.29,80.36,14.41,8.61,6.62,1.0,0.39
1994,16,27.15,28.75,25.65,82.84,9.42,7.29,5.65,0.92,0.41
1994,17,27.92,32.47,24.54,74.14,6.22,4.98,3.95,0.59,0.42
1994,18,27.41,31.48,24.27,74.42,3.19,3.69,2.96,0.39,0.42
1994,19,28.41,33.51,24.39,73.7,7.87,2.89,2.31,0.17,0.42
1994,20,28.58,34.12,25.15,72.25,16.97,4.4,3.44,0.52,0.43
1994,21,28.24,32.57,24.85,70.86,9.02,4.9,3.82,0.29,0.45
1994,22,27.6,31.6,24.7,75.2,5.09,4.22,3.39,0.32,0.45
1994,23,27.97,32.04,25.43,74.19,5.37,2.97,2.41,0.14,0.45
1994,24,27.68,31.28,25.45,76.27,7.4,3.6,2.88,0.37,0.45
1994,25,27.36,30.57,25.43,81.16,15.63,3.58,2.87,0.65,0.47
1994,26,27.5,30.81,24.8,80.09,2.75,3.9,3.13,0.43,0.48
1994,27,27.43,30.19,24.86,81.03,5.59,3.03,2.43,1.0,0.47
1994,28,27.55,32.09,23.79,77.72,7.62,3.58,2.87,0.63,0.48
1994,29,27.91,31.1,24.81,78.73,3.07,4.3,3.41,0.19,0.48
1994,30,27.74,32.5,23.97,73.81,1.65,7.47,5.89,0.13,0.47
1994,31,27.92,32.79,23.57,74.87,3.99,4.11,3.26,0.25,0.47
1994,32,29.01,34.06,24.22,70.05,3.07,3.94,3.03,0.16,0.47
1994,33,29.89,34.93,24.84,67.89,1.55,4.14,3.19,0.4,0.46
1994,34,29.03,33.16,25.91,70.99,0.32,8.95,6.87,1.0,0.46
1994,35,27.83,30.47,26.16,75.96,2.04,11.09,8.47,0.8,0.46
1994,36,26.37,27.09,25.78,89.32,52.58,11.95,9.09,1.0,0.5
1994,37,26.56,28.31,25.35,85.19,50.88,8.93,6.89,0.99,0.6
1994,38,26.59,28.51,24.64,84.03,15.98,6.61,5.13,0.87,0.62
1994,39,25.94,28.6,23.44,82.61,3.38,5.34,4.21,0.47,0.61
1994,40,24.63,28.93,20.92,77.78,0.48,7.79,6.13,0.56,0.6
1994,41,24.4,29.22,20.07,77.17,0.3,7.18,5.67,0.25,0.58
1994,42,25.91,31.16,21.19,75.51,0.11,5.56,4.39,0.34,0.57
1994,43,26.19,30.71,22.3,76.82,0.09,6.16,4.86,0.02,0.55
1994,44,26.18,30.78,22.07,77.44,0.36,6.65,5.21,0.04,0.54
1994,45,26.23,31.43,21.64,75.84,0.39,6.27,4.86,0.07,0.54
1994,46,25.66,31.23,21.51,73.76,0.1,7.31,5.68,0.1,0.53
1994,47,24.67,30.34,20.09,70.99,0.42,7.76,6.06,0.3,0.52
1994,48,25.4,30.83,20.07,70.84,0.39,4.3,3.35,0.38,0.51
1994,49,26.98,31.98,22.87,73.32,3.08,5.09,3.94,0.74,0.51
1994,50,26.69,31.07,23.06,73.42,2.75,4.35,3.45,0.12,0.51
1994,51,26.04,30.04,23.02,77.55,1.13,3.37,2.7,0.16,0.5
1994,52,26.62,31.45,22.44,74.72,0.48,5.4,4.29,0.13,0.5
1994,53,26.05,30.83,22.78,73.19,0.19,7.54,5.96,0.28,0.49
1994,54,26.76,32.25,22.03,71.64,0.25,7.06,5.57,0.0,0.49
1994,55,28.19,33.7,23.35,72.18,4.58,3.79,3.01,0.89,0.48
1994,56,27.37,30.67,24.6,76.02,6.58,3.48,2.74,1.0,0.49
1994,57,26.4,30.01,23.93,78.69,7.61,5.18,4.05,0.96,0.5
1994,58,25.26,29.45,22.13,75.44,2.54,8.26,6.42,0.73,0.5
1994,59,25.03,30.27,21.45,72.14,0.37,7.25,5.67,0.07,0.5
1994,60,26.37,32.02,20.9,68.26,0.08,4.59,3.57,0.27,0.49
1994,61,27.22,32.52,21.82,65.71,0.2,4.58,3.6,0.13,0.48
1994,62,27.61,32.15,23.25,67.72,1.46,4.0,3.13,0.25,0.48
1994,63,28.32,34.17,23.52,67.1,0.18,4.65,3.62,0.09,0.47
1994,64,26.75,31.9,22.64,66.36,0.02,8.25,6.42,0.15,0.47
1994,65,27.46,33.54,21.14,67.69,0.42,5.57,4.3,0.14,0.46
1994,66,27.63,33.31,22.58,67.92,1.86,4.06,3.24,0.01,0.46
1994,67,28.14,32.66,24.29,68.43,1.15,3.54,2.78,0.0,0.46
1994,68,27.56,32.94,22.83,70.21,2.47,4.93,3.87,0.24,0.46
1994,69,27.65,33.29,22.55,68.47,0.03,4.29,3.4,0.0,0.45
1994,70,27.73,33.08,23.01,69.61,1.71,3.84,3.08,0.54,0.45
1994,71,27.35,30.57,24.65,75.29,0.11,2.91,2.36,0.6,0.45
1994,72,27.99,32.17,25.2,76.71,0.17,3.49,2.78,0.47,0.45
1994,73,28.28,32.57,25.63,73.82,0.09,2.72,2.17,0.04,0.44
1994,74,28.32,32.69,25.57,74.07,0.12,2.55,2.06,0.14,0.44
1994,75,27.8,31.46,25.63,73.28,0.05,2.15,1.72,0.74,0.44
1994,76,26.54,30.37,24.08,75.04,4.0,2.84,2.26,0.13,0.44
1994,77,25.69,28.91,23.04,74.58,1.71,4.6,3.67,0.51,0.44
1994,78,25.12,29.49,21.32,72.25,0.05,5.48,4.39,0.08,0.44
1994,79,25.93,31.12,21.61,70.71,2.15,6.0,4.75,0.61,0.44
1994,80,27.61,33.7,23.12,72.22,6.6,4.47,3.44,0.39,0.44
1994,81,28.43,33.88,24.38,70.71,3.64,5.16,3.98,0.4,0.44
1994,82,28.2,34.39,23.32,71.17,2.26,3.96,3.07,0.24,0.44
1994,83,26.47,30.89,22.17,68.58,0.06,3.54,2.81,0.24,0.44
1994,84,27.42,31.1,25.31,75.31,4.33,2.82,2.2,0.89,0.44
1994,85,27.56,31.55,24.29,69.14,0.42,3.32,2.55,0.97,0.44
1994,86,27.39,31.82,24.51,73.95,2.02,4.82,3.81,0.76,0.44
1994,87,26.73,30.02,24.32,73.46,1.07,3.17,2.55,1.0,0.44
1994,88,25.84,29.01,23.98,77.96,4.07,2.75,2.24,1.0,0.44
1994,89,26.2,29.93,23.11,73.62,1.57,3.44,2.74,1.0,0.45
1994,90,27.31,32.62,23.21,71.09,2.2,3.92,3.15,0.96,0.44
1994,91,26.66,30.87,23.9,78.84,17.05,3.96,3.17,0.51,0.45
1994,92,26.4,30.4,24.02,77.06,11.74,3.0,2.39,0.82,0.47
1994,93,25.39,28.93,22.72,77.88,4.12,4.27,3.41,0.69,0.48
1994,94,24.61,28.79,21.48,75.95,1.15,6.43,5.12,0.51,0.48
1994,95,25.11,30.56,20.77,72.57,0.05,7.19,5.64,0.0,0.47
1994,96,26.45,32.0,21.34,69.3,0.11,3.72,2.97,0.14,0.46
1994,97,27.17,31.63,23.55,70.32,1.44,3.1,2.47,0.33,0.46
1994,98,27.1,32.49,22.71,73.11,0.91,5.24,4.13,0.12,0.46
1994,99,27.63,33.41,22.83,68.52,0.47,4.89,3.8,0.04,0.45
1994,100,27.07,32.84,22.55,67.81,0.12,4.75,3.73,0.02,0.45
1994,101,26.65,31.59,22.56,69.78,0.05,4.19,3.36,0.04,0.45
1994,102,25.84,31.01,22.05,70.02,0.07,6.12,4.89,0.02,0.44
1994,103,23.54,27.22,21.09,72.22,0.08,4.52,3.66,0.72,0.44
1994,104,23.96,27.15,21.65,62.83,0.03,2.65,2.13,0.8,0.44
1994,105,24.12,27.74,20.84,67.15,0.03,3.0,2.4,0.81,0.44
1994,106,24.45,28.4,21.16,67.8,0.01,2.63,2.07,0.41,0.43
1994,107,24.52,28.98,21.24,65.78,0.0,2.62,2.05,0.04,0.43
1994,108,24.62,29.68,20.35,66.1,0.0,3.21,2.52,0.02,0.43
1994,109,25.42,31.29,20.41,69.34,0.01,4.85,3.86,0.23,0.43
1994,110,26.26,32.44,21.35,70.06,0.01,5.37,4.26,0.11,0.42
1994,111,26.69,32.25,22.28,67.78,0.01,4.18,3.31,0.42,0.42
1994,112,26.3,31.17,22.73,69.72,1.6,2.98,2.31,0.68,0.42
1994,113,26.53,29.93,24.38,77.01,4.77,2.81,2.22,0.62,0.43
1994,114,24.27,26.27,21.95,84.26,7.33,5.29,4.17,0.98,0.44
1994,115,22.36,24.88,19.76,69.63,1.22,7.99,6.24,0.97,0.44
1994,116,21.51,24.33,19.29,67.1,1.34,7.06,5.57,0.92,0.44
1994,117,21.3,25.82,18.01,69.67,0.33,6.76,5.33,0.61,0.44
1994,118,22.7,29.95,16.38,63.98,0.0,4.34,3.38,0.01,0.43
1994,119,23.81,29.26,18.97,70.91,0.0,3.4,2.68,0.01,0.43
1994,120,24.18,29.89,19.79,66.94,0.02,5.49,4.33,0.03,0.43
1994,121,24.06,29.98,19.23,66.81,0.0,5.33,4.21,0.01,0.42
1994,122,23.81,29.16,19.3,68.46,0.0,3.73,2.97,0.17,0.42
1994,123,23.93,28.24,20.7,70.88,0.03,2.88,2.22,0.09,0.42
1994,124,23.12,26.5,21.03,79.12,0.43,2.99,2.34,0.28,0.42
1994,125,22.63,26.57,19.8,74.06,0.01,3.8,3.07,0.07,0.42
1994,126,22.94,29.08,17.96,67.65,0.0,4.98,3.95,0.0,0.41
1994,127,23.78,30.09,18.61,69.13,0.0,4.09,3.25,0.02,0.41
1994,128,24.77,30.84,19.71,70.24,0.07,3.63,2.88,0.66,0.41
1994,129,25.81,31.77,20.87,66.92,0.44,3.96,3.07,0.51,0.41
1994,130,25.86,31.33,22.02,66.28,0.44,4.21,3.33,0.56,0.41
1994,131,25.2,30.04,22.13,71.32,0.9,4.01,3.2,0.66,0.41
1994,132,24.21,27.87,20.82,72.4,0.51,4.56,3.63,0.76,0.41
1994,133,22.74,26.87,19.29,71.56,0.01,6.97,5.51,0.1,0.41
1994,134,23.56,29.98,18.52,67.98,0.05,7.89,6.17,0.03,0.41
1994,135,23.1,30.11,16.97,63.61,0.0,7.65,5.97,0.02,0.41
1994,136,23.63,30.7,17.27,64.6,0.12,6.14,4.77,0.09,0.4
1994,137,23.69,30.07,18.66,60.56,0.0,6.23,4.82,0.02,0.4
1994,138,23.06,29.59,17.64,64.94,0.01,6.06,4.72,0.02,0.4
1994,139,23.61,30.2,17.63,63.27,0.79,4.6,3.65,0.03,0.4
1994,140,24.14,29.75,19.17,65.52,1.41,4.78,3.73,0.38,0.4
1994,141,24.28,29.92,19.52,65.09,0.05,4.18,3.32,0.01,0.4
1994,142,24.45,29.11,20.81,72.52,0.38,3.96,3.1,0.55,0.4
1994,143,23.18,25.82,21.18,77.38,0.52,4.83,3.81,0.29,0.4
1994,144,21.73,24.68,19.29,66.68,0.04,4.66,3.69,0.56,0.4
1994,145,21.41,24.19,19.04,69.73,0.11,5.07,3.99,0.15,0.4
1994,146,21.4,24.26,18.86,60.94,0.11,5.51,4.37,0.75,0.4
1994,147,20.13,23.56,16.69,61.23,0.14,4.87,3.87,0.19,0.4
1994,148,20.27,25.37,15.61,62.99,0.0,4.07,3.21,0.16,0.4
1994,149,19.87,23.89,15.83,70.22,1.49,3.96,3.13,0.25,0.4
1994,150,20.55,22.79,18.85,68.15,0.35,5.43,4.24,0.53,0.4
1994,151,21.56,24.23,19.6,74.75,3.99,4.22,3.29,0.63,0.4
1994,152,21.49,24.51,19.05,69.99,0.81,6.69,5.26,0.8,0.41
1994,153,19.73,23.44,16.76,66.48,0.39,7.51,5.94,0.14,0.41
1994,154,20.24,26.93,14.04,66.75,0.0,3.96,3.15,0.04,0.4
1994,155,21.13,26.8,15.9,65.06,0.0,3.83,3.04,0.02,0.4
1994,156,22.46,28.51,17.29,63.48,0.0,3.7,2.91,0.03,0.4
1994,157,22.47,28.05,18.15,71.74,0.0,4.31,3.37,0.03,0.4
1994,158,21.15,24.62,18.82,76.71,0.11,5.18,4.13,0.25,0.4
1994,159,19.79,24.11,16.38,67.43,0.11,5.7,4.55,0.05,0.4
1994,160,19.22,23.89,14.91,65.91,0.0,5.49,4.39,0.37,0.4
1994,161,19.5,22.58,17.04,64.19,0.06,6.67,5.2,0.74,0.4
1994,162,20.39,24.14,17.62,63.0,0.02,6.78,5.38,0.61,0.4
1994,163,20.14,25.72,15.13,68.25,0.0,6.16,4.88,0.05,0.4
1994,164,20.8,27.1,15.23,64.91,0.0,5.31,4.18,0.04,0.39
1994,165,21.73,27.67,16.35,64.31,0.0,4.96,3.86,0.04,0.39
1994,166,21.7,27.83,16.01,63.29,0.02,6.06,4.73,0.34,0.39
1994,167,21.16,26.83,15.79,62.0,0.09,6.43,5.04,0.34,0.39
1994,168,21.24,26.68,16.99,60.4,0.0,4.47,3.52,0.46,0.39
1994,169,21.17,26.16,16.9,65.4,0.0,3.74,2.88,0.05,0.39
1994,170,21.32,25.32,18.21,60.85,0.0,3.6,2.79,0.18,0.39
1994,171,20.73,27.26,15.43,58.22,0.0,4.7,3.65,0.03,0.39
1994,172,22.59,29.22,17.12,65.5,0.0,3.61,2.82,0.09,0.39
1994,173,23.64,28.48,19.92,68.68,0.01,5.13,4.05,0.65,0.39
1994,174,23.73,28.36,19.75,69.25,0.0,4.96,3.9,0.34,0.39
1994,175,22.55,28.53,17.8,59.29,0.0,3.01,2.38,0.3,0.39
1994,176,21.85,27.69,17.3,65.9,0.0,3.49,2.72,0.07,0.39
1994,177,21.99,28.44,16.8,62.88,0.0,3.13,2.38,0.07,0.39
1994,178,23.2,29.59,18.26,62.07,0.0,3.14,2.4,0.11,0.39
1994,179,22.58,28.4,17.16,63.05,0.0,5.12,4.0,0.07,0.39
1994,180,23.06,29.2,18.41,68.0,0.0,5.66,4.4,0.07,0.39
1994,181,22.18,26.36,19.41,78.98,0.56,3.84,3.02,0.24,0.39
1994,182,22.16,27.83,19.2,76.44,2.43,8.23,6.46,0.68,0.39
1994,183,23.33,30.03,18.65,68.26,2.82,7.1,5.45,0.43,0.39
1994,184,23.45,29.22,19.13,69.15,0.75,4.51,3.52,0.99,0.39
1994,185,22.83,28.11,18.42,69.98,0.6,3.07,2.45,0.41,0.39
1994,186,21.25,24.86,18.69,75.79,0.27,3.16,2.58,0.31,0.39
1994,187,20.6,25.4,16.94,74.44,0.02,6.06,4.76,0.47,0.39
1994,188,20.28,27.21,14.8,63.78,0.0,7.42,5.81,0.12,0.39
1994,189,20.73,27.28,14.96,62.73,0.0,4.72,3.75,0.09,0.39
1994,190,21.14,26.81,16.99,64.88,0.0,4.53,3.58,0.12,0.39
1994,191,21.52,27.8,17.07,55.69,0.0,2.88,2.2,0.05,0.39
1994,192,20.64,25.14,17.05,71.37,4.08,4.86,3.86,0.31,0.39
1994,193,18.97,21.5,17.69,68.27,1.43,5.91,4.72,0.95,0.4
1994,194,18.53,21.9,15.5,66.21,1.0,6.34,5.06,0.48,0.4
1994,195,18.69,24.46,13.95,66.65,0.0,7.21,5.7,0.07,0.4
1994,196,19.62,26.1,13.99,66.57,0.0,5.48,4.34,0.06,0.39
1994,197,20.6,26.67,15.73,72.97,0.16,7.32,5.77,0.03,0.39
1994,198,21.39,26.7,17.63,68.7,0.1,7.22,5.69,0.14,0.39
1994,199,21.5,27.51,17.31,72.81,0.19,6.32,4.99,0.17,0.39
1994,200,22.73,28.2,17.48,65.06,0.01,4.9,3.84,0.21,0.39
1994,201,22.97,28.16,18.23,62.7,0.43,4.12,3.26,0.76,0.39
1994,202,22.75,28.0,18.14,64.09,0.11,3.94,3.1,0.95,0.39
1994,203,22.46,26.99,18.74,65.68,0.33,2.99,2.42,0.46,0.39
1994,204,22.66,26.83,19.91,68.24,1.94,2.9,2.3,0.25,0.39
1994,205,22.69,28.45,19.16,68.03,0.0,3.52,2.77,0.1,0.39
1994,206,22.86,29.2,18.26,68.13,0.0,3.24,2.49,0.05,0.39
1994,207,23.12,29.21,18.6,66.51,0.0,3.53,2.74,0.05,0.39
1994,208,21.68,25.1,18.99,74.97,0.21,5.65,4.45,0.84,0.39
1994,209,20.09,23.7,17.95,63.31,0.09,8.16,6.48,0.41,0.39
1994,210,19.04,22.99,16.39,59.97,0.09,9.55,7.54,0.09,0.39
1994,211,18.98,25.49,13.94,62.18,0.03,8.41,6.65,0.05,0.39
1994,212,20.24,26.88,14.33,64.02,0.13,7.27,5.71,0.08,0.39
1994,213,21.54,27.77,15.78,62.43,0.03,4.78,3.76,0.17,0.38
1994,214,22.34,27.73,17.96,61.59,0.03,5.12,4.07,0.48,0.38
1994,215,22.78,26.87,19.28,61.96,1.1,3.6,2.88,0.77,0.38
1994,216,23.57,28.53,19.26,59.8,0.0,3.29,2.63,0.93,0.39
1994,217,23.36,27.94,18.89,58.97,0.01,3.48,2.79,0.95,0.38
1994,218,22.71,27.31,20.38,65.71,0.07,4.5,3.61,1.0,0.38
1994,219,21.59,25.8,18.21,72.45,0.0,3.36,2.65,0.31,0.38
1994,220,22.47,29.17,16.87,63.93,0.0,3.46,2.72,0.05,0.38
1994,221,23.02,28.98,17.92,65.7,0.0,3.89,3.12,0.14,0.38
1994,222,23.47,29.62,19.83,68.13,0.0,3.6,2.85,0.07,0.38
1994,223,22.94,27.06,20.4,71.03,0.0,3.85,3.12,0.13,0.38
1994,224,22.78,28.5,18.8,65.49,0.0,7.11,5.64,0.06,0.38
1994,225,22.03,28.11,17.26,69.15,0.0,4.22,3.41,0.03,0.38
1994,226,22.99,28.68,18.19,68.97,0.15,5.85,4.54,0.09,0.38
1994,227,21.6,25.74,17.14,62.74,4.46,7.19,5.74,0.55,0.39
1994,228,22.0,28.49,16.27,59.5,0.0,4.92,3.91,0.05,0.39
1994,229,23.38,29.84,19.04,67.01,0.08,4.71,3.75,0.38,0.38
1994,230,22.71,25.92,21.03,81.18,5.91,2.81,2.3,1.0,0.39
1994,231,23.93,28.78,20.33,72.5,0.01,3.81,3.05,0.64,0.39
1994,232,24.25,29.43,20.64,73.23,0.03,2.97,2.35,0.85,0.39
1994,233,23.57,28.14,20.87,81.25,1.78,4.02,3.24,0.94,0.39
1994,234,18.9,20.93,15.13,71.29,0.08,9.07,7.22,1.0,0.39
1994,235,18.53,23.39,14.91,57.49,0.0,9.95,7.86,0.15,0.39
1994,236,20.29,27.25,14.24,59.84,0.05,8.37,6.6,0.02,0.39
1994,237,21.19,27.72,15.0,57.24,0.01,5.36,4.27,0.01,0.39
1994,238,21.85,27.86,15.84,56.53,0.01,5.81,4.59,0.03,0.39
1994,239,22.38,28.07,17.08,58.35,0.0,4.02,3.23,0.01,0.38
1994,240,21.91,27.29,17.16,59.98,0.0,4.38,3.51,0.01,0.38
1994,241,21.82,27.47,16.88,63.99,0.01,6.61,5.26,0.02,0.38
1994,242,22.94,29.33,17.9,66.03,0.0,6.66,5.28,0.01,0.38
1994,243,22.33,27.74,18.29,65.13,0.0,4.05,3.25,0.14,0.38
1994,244,21.84,26.7,18.02,70.37,0.0,6.0,4.8,0.19,0.38
1994,245,22.29,28.16,17.53,60.82,0.01,8.89,7.0,0.01,0.38
1994,246,22.04,29.19,15.94,52.09,0.09,7.65,5.99,0.01,0.38
1994,247,21.41,28.19,15.62,54.91,0.08,7.72,6.12,0.01,0.38
1994,248,21.67,28.51,15.28,56.49,0.04,3.82,3.09,0.02,0.38
1994,249,22.54,27.18,18.25,54.83,0.0,4.98,3.91,0.03,0.38
1994,250,22.84,29.27,16.69,54.39,0.02,5.3,4.2,0.01,0.38
1994,251,22.1,27.78,16.97,61.72,0.0,5.83,4.7,0.03,0.38
1994,252,23.73,29.75,18.31,61.45,0.02,8.41,6.62,0.25,0.38
1994,253,23.33,28.76,17.66,56.83,0.0,7.41,5.89,0.08,0.38
1994,254,23.41,30.03,18.29,59.96,0.02,5.05,4.06,0.27,0.37
1994,255,23.92,29.22,20.3,63.95,0.0,4.42,3.53,0.49,0.37
1994,256,23.05,27.49,20.09,66.24,0.0,3.42,2.77,0.04,0.37
1994,257,22.04,26.61,18.87,62.12,0.0,4.37,3.55,0.07,0.37
1994,258,22.18,27.97,18.31,66.23,0.39,7.08,5.7,0.61,0.37
1994,259,21.03,27.22,16.05,60.02,0.0,7.03,5.69,0.15,0.37
1994,260,23.24,30.8,15.96,59.24,0.0,5.29,4.26,0.0,0.37
1994,261,24.85,32.07,19.82,62.07,0.0,5.07,4.03,0.0,0.37
1994,262,23.54,28.67,20.29,69.08,0.0,3.84,3.13,0.14,0.37
1994,263,23.05,28.62,19.14,63.83,0.0,6.63,5.38,0.18,0.37
1994,264,23.0,28.52,17.75,66.83,0.0,6.57,5.31,0.21,0.37
1994,265,25.48,32.53,20.18,65.77,0.0,5.62,4.51,0.03,0.37
1994,266,25.58,32.02,21.52,64.45,0.0,3.66,2.91,0.27,0.37
1994,267,25.28,32.24,20.98,69.84,0.0,2.77,2.24,0.22,0.37
1994,268,24.95,31.28,19.81,60.61,0.0,5.58,4.44,0.04,0.37
1994,269,25.0,30.73,19.3,56.02,0.0,5.96,4.79,0.05,0.37
1994,270,25.73,32.7,20.63,62.37,0.0,5.45,4.35,0.3,0.37
1994,271,25.87,32.5,21.25,66.48,0.48,4.73,3.78,0.53,0.37
1994,272,26.05,31.24,22.78,67.82,1.02,3.26,2.61,0.79,0.37
1994,273,26.76,32.27,23.11,66.67,2.53,3.15,2.53,0.61,0.37
1994,274,26.12,31.06,22.96,71.42,3.89,7.25,5.74,1.0,0.38
1994,275,24.42,28.34,21.77,72.53,5.16,5.05,4.12,0.84,0.39
1994,276,24.01,29.17,20.29,69.21,0.12,6.5,5.27,0.12,0.39
1994,277,23.78,29.35,19.63,61.61,0.05,8.58,6.83,0.51,0.38
1994,278,22.22,28.16,18.05,64.34,0.71,10.39,8.25,0.51,0.38
1994,279,21.28,25.46,18.79,73.45,5.78,9.38,7.47,0.37,0.38
1994,280,22.16,27.38,18.41,75.58,1.96,6.13,4.93,0.71,0.39
1994,281,21.34,24.7,18.87,70.41,0.03,4.62,3.77,0.31,0.39
1994,282,23.13,29.18,17.21,64.66,0.02,4.24,3.4,0.0,0.39
1994,283,24.24,30.08,19.99,66.86,0.0,4.94,3.95,0.12,0.38
1994,284,23.25,27.64,20.24,69.08,0.15,3.64,3.0,0.14,0.38
1994,285,22.91,28.05,19.72,70.79,1.58,6.93,5.61,0.14,0.38
1994,286,23.05,29.53,18.6,65.13,2.14,9.12,7.26,0.29,0.38
1994,287,24.05,29.99,18.9,61.62,2.52,9.84,7.75,0.78,0.39
1994,288,25.07,30.82,20.81,66.76,7.46,6.48,4.98,0.93,0.39
1994,289,25.24,29.04,22.84,69.87,1.24,4.61,3.56,0.92,0.4
1994,290,25.41,30.98,22.23,70.41,5.02,3.1,2.39,1.0,0.4
1994,291,25.39,30.35,21.19,74.19,2.36,2.64,2.1,0.67,0.4
1994,292,26.27,32.33,23.15,70.45,2.56,3.16,2.47,0.6,0.4
1994,293,26.85,31.0,23.16,67.86,3.84,2.84,2.13,0.96,0.4
1994,294,26.49,31.42,23.26,71.01,2.81,4.53,3.58,0.5,0.4
1994,295,26.14,30.5,22.9,71.85,2.67,4.15,3.29,0.23,0.4
1994,296,24.57,28.77,20.18,73.03,0.41,7.8,6.21,0.38,0.4
1994,297,22.26,26.89,18.76,64.39,0.05,8.06,6.5,0.04,0.4
1994,298,22.86,28.65,17.45,64.82,0.0,5.41,4.4,0.22,0.4
1994,299,24.83,30.59,19.13,66.82,0.04,4.71,3.81,0.1,0.39
1994,300,27.1,34.7,22.41,60.76,0.0,4.86,3.84,0.43,0.39
1994,301,26.99,32.96,23.06,63.23,0.01,4.49,3.55,0.48,0.39
1994,302,28.71,34.53,22.9,58.06,0.01,4.73,3.67,0.72,0.39
1994,303,27.6,33.42,23.83,63.52,0.09,4.73,3.73,0.45,0.39
1994,304,25.43,29.59,22.04,68.81,0.01,6.49,5.23,0.33,0.39
1994,305,25.99,32.23,21.13,58.39,0.0,8.78,6.91,0.79,0.39
1994,306,25.33,32.46,18.92,52.89,0.0,8.34,6.63,0.31,0.38
1994,307,26.4,34.62,18.27,50.71,0.0,8.1,6.33,0.36,0.38
1994,308,25.96,33.7,18.76,50.1,0.0,5.24,4.19,0.61,0.38
1994,309,26.43,31.97,21.61,49.82,0.0,4.12,3.34,0.58,0.38
1994,310,27.26,33.1,22.19,56.04,0.01,4.38,3.52,0.56,0.38
1994,311,27.69,33.61,23.12,57.78,0.0,4.99,4.01,0.48,0.38
1994,312,27.84,33.34,22.34,54.94,0.0,5.56,4.47,0.32,0.38
1994,313,28.36,33.76,22.85,50.75,0.0,4.39,3.5,0.32,0.38
1994,314,28.59,34.41,23.79,47.69,0.0,4.53,3.57,0.24,0.38
1994,315,28.23,33.9,22.93,52.47,0.0,5.68,4.53,0.39,0.38
1994,316,28.74,34.61,23.27,60.13,0.38,7.3,5.8,0.33,0.38
1994,317,29.5,35.29,23.72,51.36,0.0,5.57,4.4,0.22,0.38
1994,318,28.75,35.18,24.01,55.14,0.0,5.42,4.35,0.37,0.38
1994,319,28.67,34.1,24.81,60.81,0.13,4.28,3.44,0.37,0.37
1994,320,29.03,34.62,23.68,59.33,0.0,8.01,6.37,0.11,0.37
1994,321,29.48,35.89,23.29,51.02,0.0,6.07,4.83,0.11,0.37
1994,322,29.14,35.4,24.75,58.9,0.0,3.85,3.08,0.32,0.37
1994,323,29.2,35.72,24.86,62.11,0.0,3.16,2.52,0.56,0.37
1994,324,29.15,35.74,24.65,61.87,0.0,3.47,2.83,0.27,0.37
1994,325,29.33,36.08,24.34,60.94,0.0,3.41,2.76,0.27,0.37
1994,326,29.04,34.92,24.73,61.67,0.01,3.64,2.96,0.66,0.37
1994,327,28.9,34.52,25.14,60.55,2.82,3.4,2.77,0.54,0.37
1994,328,28.21,32.65,25.69,73.23,9.63,4.4,3.53,0.73,0.38
1994,329,25.55,27.72,23.24,81.62,11.83,3.7,3.02,1.0,0.41
1994,330,24.89,29.31,21.27,65.83,0.6,6.73,5.46,0.75,0.41
1994,331,26.77,34.26,19.63,60.74,0.17,5.58,4.5,0.24,0.4
1994,332,27.61,33.14,24.62,68.7,5.39,5.25,4.19,0.6,0.4
1994,333,25.24,28.47,22.48,77.71,22.06,4.9,4.02,0.59,0.43
1994,334,23.51,26.73,20.52,71.66,2.98,6.97,5.63,0.78,0.44
1994,335,23.22,28.04,18.86,63.68,0.04,6.3,5.1,0.16,0.43
1994,336,24.22,29.22,19.61,68.45,0.0,5.98,4.87,0.3,0.43
1994,337,25.5,30.46,20.58,61.14,0.11,8.27,6.6,0.41,0.42
1994,338,27.4,32.87,21.23,61.7,0.34,6.76,5.32,0.42,0.42
1994,339,28.5,33.45,24.35,62.73,1.12,3.58,2.78,0.58,0.41
1994,340,27.59,32.54,23.59,62.78,1.16,3.94,3.13,0.6,0.41
1994,341,25.27,27.77,23.7,77.32,1.36,3.26,2.71,1.0,0.41
1994,342,26.17,30.52,23.97,72.96,1.08,3.06,2.35,1.0,0.41
1994,343,25.31,28.42,22.67,68.98,0.03,3.45,2.76,0.98,0.41
1994,344,27.17,32.53,22.78,64.79,0.79,4.01,3.16,0.98,0.41
1994,345,26.83,31.14,24.3,71.17,1.65,3.06,2.49,0.81,0.41
1994,346,24.88,28.63,22.81,82.74,26.45,7.47,5.87,1.0,0.44
1994,347,23.66,26.28,21.96,66.25,0.42,5.66,4.53,0.71,0.45
1994,348,23.79,27.53,20.66,63.58,0.13,4.53,3.64,0.37,0.45
1994,349,25.65,31.25,20.27,66.21,0.4,6.87,5.48,0.09,0.44
1994,350,26.87,32.98,21.66,66.2,2.94,7.4,5.85,0.39,0.43
1994,351,26.92,32.72,22.13,68.56,1.18,4.93,3.96,0.42,0.43
1994,352,27.25,32.44,23.06,69.53,1.83,4.01,3.25,0.34,0.43
1994,353,28.37,33.48,24.26,64.39,1.12,4.05,3.24,0.09,0.43
1994,354,29.28,35.53,24.15,57.62,0.0,4.27,3.32,0.16,0.42
1994,355,28.81,34.55,23.37,53.16,0.0,4.49,3.55,0.0,0.42
1994,356,28.92,34.74,22.8,51.76,0.04,3.43,2.7,0.98,0.41
1994,357,30.02,35.13,25.71,56.72,0.03,3.09,2.48,0.24,0.41
1994,358,30.83,36.62,25.99,55.09,0.01,3.69,2.95,0.39,0.4
1994,359,29.35,33.68,26.42,65.46,0.12,4.7,3.8,0.78,0.4
1994,360,29.27,32.16,26.97,64.16,0.16,3.34,2.72,0.9,0.4
1994,361,30.51,35.84,25.97,56.1,0.0,5.23,4.2,0.18,0.4
1994,362,29.67,33.67,26.97,67.08,2.09,4.77,3.82,0.39,0.4
1994,363,29.06,32.59,26.36,72.27,2.91,4.73,3.81,0.8,0.41
1994,364,28.98,33.24,25.94,67.44,0.12,3.14,2.58,0.2,0.4
1994,365,28.55,31.97,26.25,68.44,0.86,3.08,2.53,0.21,0.4
1995,1,29.23,33.21,25.97,64.29,1.49,3.5,2.84,0.76,0.4
1995,2,31.26,36.27,25.84,55.59,0.04,5.14,4.1,0.21,0.4
1995,3,31.7,37.7,24.85,48.92,0.0,5.87,4.6,0.11,0.4
1995,4,31.28,36.89,24.74,50.73,0.17,5.61,4.41,0.19,0.4
1995,5,31.27,37.23,25.41,53.33,2.88,6.73,5.18,0.37,0.39
1995,6,30.48,36.98,24.71,53.3,0.12,5.18,4.03,0.75,0.4
1995,7,29.88,35.56,24.3,50.53,0.28,4.61,3.73,0.8,0.39
1995,8,27.42,28.72,24.67,70.35,8.83,3.88,3.18,1.0,0.4
1995,9,25.55,27.7,23.54,80.77,18.82,5.38,4.3,0.8,0.43
1995,10,24.06,27.6,21.0,66.44,0.89,7.81,6.22,0.75,0.44
1995,11,24.56,30.27,19.0,59.17,0.0,6.25,5.05,0.26,0.43
1995,12,26.5,32.36,20.92,62.25,0.03,5.46,4.37,0.5,0.42
1995,13,27.52,32.83,23.0,67.01,0.7,4.2,3.36,0.57,0.42
1995,14,27.12,31.27,24.21,71.39,1.75,5.72,4.56,0.56,0.42
1995,15,25.93,28.33,23.95,74.33,1.41,4.05,3.25,0.66,0.42
1995,16,26.35,31.18,22.6,72.36,2.87,3.59,2.87,0.33,0.42
1995,17,27.08,32.06,23.64,73.2,5.91,3.7,2.98,0.4,0.42
1995,18,27.78,32.47,24.25,71.98,1.46,3.33,2.68,0.79,0.42
1995,19,27.72,31.37,25.39,72.56,3.62,3.1,2.5,0.78,0.42
1995,20,27.77,30.94,25.12,77.24,15.83,4.37,3.5,0.8,0.43
1995,21,27.68,30.69,25.09,79.63,34.58,5.05,3.96,0.72,0.47
1995,22,27.16,31.11,24.63,76.01,32.76,6.4,4.98,1.0,0.51
1995,23,26.06,29.62,23.51,85.07,37.73,6.28,4.88,1.0,0.58
1995,24,26.49,29.14,24.01,81.84,10.69,10.1,7.75,1.0,0.6
1995,25,26.35,28.85,24.67,83.14,4.61,9.73,7.46,1.0,0.59
1995,26,26.21,28.9,24.05,86.21,13.96,5.83,4.56,1.0,0.59
1995,27,26.12,29.37,23.71,81.17,3.8,3.84,3.05,0.28,0.59
1995,28,26.01,30.13,22.72,75.26,0.36,6.05,4.79,0.01,0.57
1995,29,26.19,31.08,21.41,73.79,2.14,5.74,4.55,0.06,0.56
1995,30,26.66,31.29,22.4,77.6,6.89,4.53,3.61,0.37,0.56
1995,31,27.44,30.99,25.06,80.74,3.28,3.03,2.42,0.73,0.55
1995,32,26.84,29.02,25.35,83.73,10.25,2.52,2.03,0.71,0.56
1995,33,26.67,28.57,25.39,83.47,6.73,2.77,2.2,0.87,0.57
1995,34,28.01,31.72,24.76,77.73,5.71,3.76,2.93,0.77,0.57
1995,35,27.93,32.18,24.13,74.18,0.8,4.93,3.89,0.21,0.56
1995,36,28.3,32.77,24.68,73.19,0.25,3.82,3.01,0.38,0.55
1995,37,28.31,32.42,24.08,74.96,0.76,4.38,3.47,0.67,0.54
1995,38,27.57,29.98,25.17,81.32,2.75,2.54,2.03,0.54,0.54
1995,39,26.95,28.33,26.0,86.83,2.7,3.5,2.77,0.95,0.54
1995,40,26.8,29.01,24.91,84.43,7.78,4.29,3.35,1.0,0.55
1995,41,26.92,30.65,24.02,75.8,14.21,6.58,5.19,0.17,0.56
1995,42,26.41,30.8,22.84,74.54,0.68,8.33,6.49,0.03,0.56
1995,43,25.85,30.9,22.0,71.6,0.74,8.11,6.34,0.02,0.55
1995,44,26.05,31.64,21.32,73.78,0.18,7.87,6.16,0.08,0.54
1995,45,26.96,32.16,22.04,73.39,0.25,6.63,5.19,0.72,0.53
1995,46,28.89,34.37,23.74,73.46,2.57,6.8,5.18,0.99,0.52
1995,47,29.53,34.71,24.01,72.12,1.61,5.18,3.99,0.43,0.51
1995,48,29.2,34.5,24.23,70.24,0.25,4.17,3.3,0.03,0.51
1995,49,28.45,32.95,24.14,67.3,0.0,4.02,3.2,0.1,0.5
1995,50,27.8,32.43,23.72,72.42,2.25,3.96,3.17,0.07,0.49
1995,51,27.48,31.75,23.64,74.66,2.55,3.73,2.97,0.59,0.49
1995,52,28.56,33.46,24.14,72.19,0.94,3.28,2.59,0.16,0.49
1995,53,28.33,32.59,24.56,74.32,1.88,3.34,2.68,0.88,0.49
1995,54,28.19,31.3,25.83,72.03,1.21,3.02,2.37,0.41,0.49
1995,55,29.28,33.8,24.9,65.19,0.12,2.73,2.18,0.13,0.48
1995,56,28.7,33.14,24.51,66.06,0.3,3.86,3.1,0.39,0.48
1995,57,28.84,33.28,24.91,65.38,0.59,3.71,2.95,0.3,0.47
1995,58,28.7,33.82,24.34,65.09,0.0,4.54,3.61,0.06,0.47
1995,59,28.39,33.95,23.76,64.51,0.02,6.91,5.42,0.12,0.46
1995,60,27.35,33.08,22.27,63.59,0.02,7.31,5.75,0.0,0.46
1995,61,27.79,33.8,22.26,62.0,0.0,4.29,3.41,0.31,0.45
1995,62,28.19,33.87,22.86,59.48,0.0,4.55,3.58,0.44,0.45
1995,63,27.8,33.87,21.82,55.44,0.0,5.35,4.19,0.14,0.44
1995,64,27.92,33.83,22.05,57.26,0.0,5.04,3.95,0.0,0.44
1995,65,28.82,35.04,24.0,59.29,0.3,6.24,4.77,0.12,0.44
1995,66,28.24,34.28,21.92,59.92,0.1,5.63,4.38,0.14,0.43
1995,67,28.42,34.11,23.65,62.72,0.0,4.82,3.82,0.35,0.43
1995,68,28.24,33.7,23.44,60.2,0.0,4.27,3.43,0.23,0.42
1995,69,29.15,34.42,24.2,59.11,0.47,3.67,2.87,0.41,0.42
1995,70,28.84,34.15,23.54,57.92,0.0,4.31,3.45,0.23,0.42
1995,71,28.11,32.82,23.61,61.89,0.13,4.11,3.3,0.09,0.42
1995,72,28.34,33.07,24.89,62.12,0.5,3.86,3.09,0.14,0.41
1995,73,27.85,31.83,25.18,68.18,0.27,4.42,3.56,0.35,0.41
1995,74,27.19,31.28,24.16,66.15,0.08,5.29,4.24,0.26,0.41
1995,75,27.91,33.09,23.34,61.49,0.08,6.72,5.32,0.22,0.41
1995,76,29.02,34.16,23.74,59.41,0.03,4.81,3.78,0.3,0.41
1995,77,29.29,34.39,24.5,60.21,0.0,4.1,3.26,0.24,0.41
1995,78,28.94,33.43,25.24,63.89,0.0,3.79,3.04,0.88,0.4
1995,79,29.69,34.49,25.96,60.77,0.06,3.02,2.41,0.23,0.4
1995,80,29.19,34.56,25.33,60.47,0.18,3.57,2.82,0.11,0.4
1995,81,26.1,29.65,23.17,69.63,2.35,5.42,4.35,0.66,0.4
1995,82,26.22,31.73,21.08,60.8,0.0,5.91,4.74,0.02,0.4
1995,83,26.56,31.88,22.06,65.25,0.0,5.2,4.15,0.02,0.4
1995,84,28.73,35.18,22.66,63.88,0.04,4.18,3.33,0.02,0.4
1995,85,29.12,34.11,26.21,66.7,0.85,5.45,4.3,0.02,0.4
1995,86,28.65,33.66,25.29,70.14,0.42,4.16,3.3,0.03,0.4
1995,87,27.68,31.64,24.55,67.76,0.13,5.49,4.37,0.29,0.4
1995,88,27.23,32.37,23.24,65.15,0.09,7.89,6.23,0.57,0.4
1995,89,27.24,33.2,21.63,59.97,0.04,6.62,5.25,0.21,0.4
1995,90,27.7,31.8,24.98,67.52,0.16,5.45,4.3,0.51,0.4
1995,91,26.44,30.31,22.75,67.03,0.09,7.29,5.75,0.66,0.39
1995,92,25.49,31.35,20.37,59.44,0.0,7.54,5.95,0.04,0.39
1995,93,26.67,32.64,20.38,57.02,0.02,5.02,3.94,0.47,0.39
1995,94,27.12,31.97,23.38,66.1,0.94,4.98,3.93,0.64,0.39
1995,95,27.7,32.46,24.04,64.04,0.12,3.9,3.08,0.62,0.39
1995,96,28.74,33.85,23.97,61.52,0.08,4.55,3.58,0.59,0.39
1995,97,28.48,33.78,23.76,54.63,0.0,6.75,5.24,0.03,0.39
1995,98,27.26,33.72,21.4,55.35,0.0,6.29,4.83,0.29,0.39
1995,99,26.66,33.04,21.59,63.3,0.19,5.08,4.0,0.42,0.39
1995,100,26.75,30.25,24.28,68.03,0.78,4.42,3.47,0.92,0.39
1995,101,25.33,28.86,23.32,74.67,6.61,5.58,4.41,0.82,0.4
1995,102,23.46,25.89,20.77,67.75,0.48,6.28,4.99,0.51,0.4
1995,103,22.91,27.34,19.25,63.04,0.1,6.68,5.29,0.65,0.4
1995,104,23.8,28.69,19.13,65.88,0.76,7.0,5.56,0.18,0.4
1995,105,26.19,32.51,21.16,68.14,0.31,4.68,3.72,0.41,0.4
1995,106,26.4,30.97,22.77,72.48,0.01,3.44,2.76,0.45,0.39
1995,107,25.93,30.18,22.69,69.52,0.04,7.43,5.85,0.47,0.39
1995,108,25.06,30.32,21.39,67.1,0.0,7.35,5.81,0.23,0.39
1995,109,25.65,31.93,20.51,65.93,0.0,5.01,4.02,0.15,0.39
1995,110,25.42,30.99,21.59,68.78,0.0,3.86,2.99,0.17,0.39
1995,111,25.42,30.84,21.92,72.01,0.13,3.25,2.58,0.07,0.39
1995,112,25.19,30.62,20.82,69.48,0.48,4.11,3.31,0.07,0.39
1995,113,25.66,31.32,21.96,69.44,0.62,3.07,2.48,0.01,0.39
1995,114,26.52,33.26,21.32,64.46,0.0,3.44,2.67,0.06,0.39
1995,115,27.98,34.08,23.0,58.21,0.0,3.77,2.91,0.19,0.39
1995,116,29.05,34.17,24.79,57.84,0.01,3.86,3.01,0.15,0.39
1995,117,27.7,33.32,23.35,58.9,0.01,3.79,2.99,0.01,0.39
1995,118,25.47,29.66,22.66,74.01,0.04,5.02,4.0,0.45,0.38
1995,119,25.37,30.27,22.04,64.54,0.02,7.38,5.83,0.9,0.38
1995,120,24.4,29.48,20.58,66.18,0.0,7.87,6.21,0.41,0.38
1995,121,24.57,29.21,21.69,68.78,11.85,6.58,5.17,0.2,0.39
1995,122,24.12,28.95,20.5,67.9,4.55,6.22,4.88,0.0,0.41
1995,123,25.15,31.27,19.78,64.15,0.37,5.41,4.2,0.24,0.41
1995,124,24.93,29.33,21.32,67.54,1.42,7.23,5.61,0.65,0.4
1995,125,24.61,29.85,20.94,70.73,13.35,4.47,3.48,0.68,0.41
1995,126,24.8,30.13,19.96,65.69,0.13,3.84,3.05,0.02,0.42
1995,127,26.37,32.0,21.27,63.01,0.02,3.87,3.0,0.03,0.42
1995,128,26.38,32.07,21.73,66.38,0.14,4.25,3.33,0.0,0.41
1995,129,25.21,29.22,22.29,71.4,1.0,3.5,2.78,0.61,0.41
1995,130,24.11,27.91,21.61,68.34,0.78,4.36,3.47,0.95,0.41
1995,131,23.94,26.89,21.0,76.69,2.81,3.41,2.75,0.95,0.41
1995,132,25.37,29.8,21.72,65.65,0.92,2.66,2.06,0.62,0.41
1995,133,24.59,29.14,20.49,67.88,0.17,5.27,4.2,0.21,0.41
1995,134,25.12,30.36,20.71,68.05,0.22,6.04,4.75,0.02,0.41
1995,135,24.77,30.33,19.9,63.87,0.01,7.19,5.58,0.01,0.41
1995,136,24.8,31.37,19.45,63.27,0.24,6.44,4.96,0.02,0.4
1995,137,23.75,29.68,18.77,64.49,0.08,4.44,3.53,0.07,0.4
1995,138,24.02,29.63,19.54,58.63,0.0,3.8,2.98,0.15,0.4
1995,139,24.28,29.51,19.6,61.39,0.0,3.54,2.81,0.04,0.4
1995,140,23.57,29.12,19.47,63.16,0.0,3.01,2.37,0.02,0.4
1995,141,23.8,29.15,19.0,67.23,0.0,3.98,3.09,0.1,0.4
1995,142,25.17,30.91,20.57,64.1,0.0,2.6,2.05,0.03,0.4
1995,143,25.17,31.75,20.43,60.03,0.04,3.6,2.86,0.05,0.39
1995,144,24.3,29.07,21.4,70.79,0.01,8.13,6.39,0.56,0.39
1995,145,22.96,26.07,20.93,74.0,0.02,8.55,6.7,1.0,0.39
1995,146,24.39,28.87,21.29,65.35,0.15,5.43,4.27,0.62,0.39
1995,147,23.8,28.73,20.18,72.04,1.39,4.81,3.84,0.32,0.39
1995,148,22.25,26.15,18.76,69.48,0.1,7.85,6.2,0.76,0.39
1995,149,20.88,25.9,17.35,66.28,0.05,8.06,6.35,0.12,0.39
1995,150,20.77,26.27,16.83,66.75,0.02,7.51,5.93,0.06,0.39
1995,151,20.46,25.67,15.84,66.07,0.0,5.64,4.51,0.02,0.39
1995,152,21.15,26.02,17.54,71.55,0.01,5.78,4.61,0.0,0.39
1995,153,20.41,24.3,17.72,71.91,0.0,5.83,4.67,0.82,0.39
1995,154,20.54,25.74,16.26,64.33,0.02,6.69,5.29,0.02,0.39
1995,155,20.56,25.56,16.21,60.56,0.0,6.69,5.24,0.92,0.39
1995,156,22.11,28.08,16.85,67.09,0.03,4.55,3.57,0.75,0.39
1995,157,22.04,25.35,19.95,79.21,1.86,3.63,2.82,0.78,0.39
1995,158,20.14,23.11,17.94,80.01,4.12,5.59,4.42,0.74,0.39
1995,159,19.56,23.47,16.92,72.32,0.13,8.04,6.34,0.13,0.4
1995,160,19.51,23.57,16.31,78.0,0.19,5.94,4.73,0.02,0.4
1995,161,20.27,24.15,17.62,80.06,0.75,4.66,3.69,0.62,0.4
1995,162,20.61,24.78,18.08,73.81,0.53,5.0,3.98,0.12,0.4
1995,163,20.74,26.18,16.41,67.84,0.0,6.02,4.78,0.01,0.4
1995,164,21.03,26.83,16.0,68.52,0.0,3.93,3.09,0.0,0.39
1995,165,21.81,27.68,16.7,63.61,0.0,3.65,2.83,0.02,0.39
1995,166,21.68,27.46,16.27,59.01,0.0,3.06,2.43,0.19,0.39
1995,167,22.32,27.76,17.89,62.08,0.04,3.69,2.87,0.54,0.39
1995,168,22.85,27.99,19.19,60.34,0.0,3.52,2.74,0.12,0.39
1995,169,22.45,27.12,19.2,68.06,0.5,2.23,1.77,0.24,0.39
1995,170,21.55,25.62,18.88,74.74,0.23,2.33,1.85,0.12,0.39
1995,171,21.75,27.59,17.41,72.18,0.35,5.39,4.26,0.01,0.39
1995,172,21.64,27.47,16.72,72.47,0.0,4.3,3.43,0.02,0.39
1995,173,22.43,28.47,17.53,69.67,0.11,4.46,3.49,0.01,0.39
1995,174,22.33,28.42,17.87,69.03,0.0,3.82,3.01,0.02,0.39
1995,175,21.88,26.87,18.05,70.54,0.01,3.53,2.82,0.01,0.39
1995,176,21.67,27.12,18.33,70.85,0.01,7.17,5.67,0.02,0.39
1995,177,20.67,25.76,16.84,69.84,0.03,6.69,5.29,0.0,0.39
1995,178,18.96,23.41,15.93,76.35,0.0,5.68,4.54,0.25,0.39
1995,179,18.66,23.45,14.3,74.73,0.12,4.12,3.27,0.43,0.39
1995,180,19.75,25.17,15.23,67.75,0.01,4.07,3.21,0.02,0.39
1995,181,19.98,25.67,15.93,65.57,0.0,2.83,2.14,0.04,0.38
1995,182,19.97,26.2,15.61,67.49,0.0,3.83,3.0,0.03,0.38
1995,183,20.2,25.77,15.9,71.56,0.03,7.54,5.92,0.33,0.38
1995,184,20.92,27.99,15.56,65.89,0.0,4.92,3.89,0.08,0.38
1995,185,22.48,27.19,17.98,63.3,0.0,2.22,1.66,0.21,0.38
1995,186,22.09,25.57,19.35,74.01,0.45,4.12,3.21,0.25,0.38
1995,187,20.91,24.29,18.43,68.83,0.31,6.86,5.44,0.44,0.38
1995,188,20.04,25.4,15.86,59.05,0.0,7.49,5.91,0.02,0.38
1995,189,20.05,26.31,14.42,65.74,0.0,4.87,3.88,0.11,0.38
1995,190,21.22,25.95,17.42,64.62,0.0,3.13,2.46,0.91,0.38
1995,191,21.82,27.04,17.6,69.7,0.0,4.23,3.35,0.02,0.38
1995,192,21.95,28.28,16.65,60.82,0.0,5.2,4.08,0.01,0.38
1995,193,22.25,29.23,17.12,67.77,0.0,4.08,3.22,0.01,0.38
1995,194,21.96,27.27,18.31,71.72,0.0,3.97,3.08,0.15,0.38
1995,195,20.64,24.4,17.56,71.87,0.03,8.29,6.54,0.57,0.38
1995,196,19.28,24.08,16.09,61.62,0.38,8.99,7.08,0.05,0.38
1995,197,19.97,26.29,14.34,62.36,0.05,5.38,4.27,0.03,0.38
1995,198,22.04,28.09,16.98,61.8,0.02,4.56,3.59,0.08,0.38
1995,199,22.66,28.51,18.32,67.29,0.03,3.93,3.06,0.08,0.38
1995,200,22.03,27.07,18.8,70.17,0.03,6.42,5.05,0.05,0.38
1995,201,21.86,26.99,17.59,68.35,0.14,7.0,5.46,0.03,0.38
1995,202,22.02,28.4,16.32,65.0,0.02,5.51,4.31,0.0,0.38
1995,203,22.34,28.53,17.38,62.01,0.0,4.1,3.23,0.0,0.38
1995,204,22.74,28.24,17.69,62.78,0.0,4.28,3.35,0.06,0.38
1995,205,22.24,27.63,17.24,57.99,0.0,5.68,4.45,0.04,0.38
1995,206,21.8,28.39,15.96,58.9,0.0,5.37,4.2,0.0,0.38
1995,207,21.21,27.45,15.87,65.21,0.0,4.4,3.49,0.06,0.38
1995,208,21.37,27.28,16.78,66.69,0.0,3.32,2.59,0.01,0.38
1995,209,21.46,26.95,16.78,65.12,0.0,3.9,3.14,0.07,0.38
1995,210,21.81,28.07,16.7,58.64,0.0,3.99,3.16,0.01,0.38
1995,211,21.98,28.09,16.88,54.91,0.0,4.39,3.45,0.02,0.38
1995,212,22.47,29.04,16.68,55.16,0.0,5.65,4.41,0.1,0.37
1995,213,21.59,27.9,16.0,57.04,0.0,3.74,2.98,0.02,0.37
1995,214,22.17,27.43,17.44,57.57,0.0,3.52,2.72,0.02,0.37
1995,215,22.67,29.78,16.28,57.92,0.0,5.58,4.36,0.02,0.37
1995,216,22.42,28.49,17.39,59.48,0.0,4.42,3.51,0.02,0.37
1995,217,22.53,29.06,17.22,62.03,0.0,4.4,3.5,0.01,0.37
1995,218,22.96,29.82,17.36,58.87,0.0,3.69,2.91,0.0,0.37
1995,219,21.83,27.36,17.18,67.88,0.0,4.06,3.2,0.02,0.37
1995,220,21.61,25.35,18.68,76.34,0.03,4.19,3.43,0.73,0.37
1995,221,23.08,29.57,17.16,64.68,0.01,4.3,3.4,0.38,0.37
1995,222,23.19,29.11,18.9,66.62,0.0,5.18,4.12,0.17,0.37
1995,223,23.07,28.25,19.23,68.57,0.0,6.7,5.3,0.71,0.37
1995,224,22.16,27.54,17.94,63.95,0.0,8.22,6.51,0.03,0.37
1995,225,23.09,28.87,18.21,60.86,0.01,7.83,6.11,0.05,0.37
1995,226,22.97,28.14,19.3,60.96,1.87,9.3,7.26,0.32,0.37
1995,227,22.19,28.01,18.13,57.2,0.1,9.33,7.34,1.0,0.37
1995,228,21.84,27.84,16.35,56.92,0.01,7.51,5.95,0.46,0.37
1995,229,22.76,28.92,16.76,58.3,0.13,4.44,3.56,0.07,0.37
1995,230,23.08,29.14,18.47,64.43,0.0,4.77,3.82,0.27,0.37
1995,231,22.32,27.38,18.53,70.19,0.02,3.25,2.57,0.23,0.37
1995,232,22.47,29.1,18.07,69.64,0.0,3.6,2.85,0.06,0.37
1995,233,22.7,29.71,17.87,72.48,0.0,3.4,2.7,0.07,0.37
1995,234,23.13,29.28,18.64,68.85,0.0,2.63,2.06,0.05,0.37
1995,235,23.76,30.33,18.58,60.74,0.0,2.99,2.28,0.11,0.37
1995,236,22.89,27.74,19.74,67.65,0.32,4.97,4.04,0.65,0.37
1995,237,21.25,25.7,17.79,58.8,0.0,8.02,6.41,0.22,0.37
1995,238,21.57,28.11,16.03,54.07,0.0,8.03,6.39,0.07,0.37
1995,239,21.58,28.06,15.7,55.06,0.0,4.66,3.74,0.07,0.37
1995,240,21.37,25.73,17.44,65.96,0.01,4.86,3.85,0.62,0.37
1995,241,22.03,28.02,16.57,60.45,0.09,7.18,5.73,0.06,0.37
1995,242,23.37,30.8,16.62,56.99,0.0,3.85,3.06,0.12,0.37
1995,243,23.43,29.76,18.56,62.44,0.0,4.29,3.43,0.07,0.37
1995,244,23.3,29.73,18.2,55.34,0.0,3.54,2.81,0.01,0.37
1995,245,23.27,29.98,17.74,52.51,0.0,4.31,3.43,0.01,0.37
1995,246,22.99,28.31,18.6,59.44,0.0,3.88,3.12,0.17,0.37
1995,247,23.41,29.54,18.77,66.3,0.0,2.71,2.17,0.17,0.37
1995,248,22.3,27.73,19.03,74.34,1.33,5.06,4.09,0.43,0.37
1995,249,20.37,24.34,17.68,70.17,0.05,5.55,4.56,0.88,0.37
1995,250,21.23,26.88,16.86,61.54,0.0,6.75,5.45,0.18,0.37
1995,251,23.14,30.2,16.69,58.75,0.0,6.24,5.0,0.02,0.37
1995,252,24.42,31.34,19.21,59.71,0.0,4.01,3.17,0.12,0.37
1995,253,23.61,29.71,19.21,63.76,0.0,3.71,2.96,0.03,0.37
1995,254,22.64,28.68,18.19,63.71,0.0,3.58,2.87,0.02,0.37
1995,255,22.98,29.92,18.25,60.84,0.0,3.55,2.82,0.02,0.37
1995,256,23.13,29.57,18.92,67.35,0.0,4.03,3.3,0.0,0.37
1995,257,24.6,30.47,19.92,63.55,0.0,2.82,2.24,0.25,0.37
1995,258,24.51,29.83,20.78,64.56,0.0,4.22,3.44,0.78,0.36
1995,259,25.0,30.5,22.16,65.4,0.01,4.47,3.63,1.0,0.36
1995,260,24.85,29.58,21.91,66.32,0.02,3.34,2.73,0.66,0.36
1995,261,23.9,29.06,20.28,65.16,0.0,3.57,2.86,0.21,0.36
1995,262,22.98,28.25,19.03,66.33,0.08,7.36,5.86,0.89,0.36
1995,263,23.38,29.69,17.68,51.15,0.0,8.15,6.46,0.05,0.36
1995,264,23.9,29.05,19.49,58.73,0.0,5.05,4.06,0.08,0.36
1995,265,24.42,30.1,19.33,63.7,0.0,5.11,4.09,0.07,0.36
1995,266,24.7,30.8,19.96,64.21,0.01,6.87,5.52,0.05,0.36
1995,267,23.3,28.71,19.71,62.4,0.03,6.68,5.42,0.01,0.36
1995,268,22.69,29.28,17.32,61.23,0.0,7.38,5.97,0.05,0.36
1995,269,24.19,30.9,18.12,58.25,0.0,7.14,5.76,0.02,0.36
1995,270,25.46,32.1,19.62,57.29,0.0,6.47,5.19,0.01,0.36
1995,271,25.59,31.56,21.09,62.05,0.0,3.59,2.87,0.19,0.36
1995,272,26.34,33.02,21.68,58.84,0.0,3.75,2.98,0.01,0.36
1995,273,25.84,31.7,21.17,54.43,0.0,4.3,3.46,0.0,0.36
1995,274,24.75,30.5,19.59,56.06,0.0,4.78,3.88,0.0,0.36
1995,275,24.91,30.86,20.01,60.6,0.0,3.49,2.8,0.01,0.36
1995,276,25.48,32.45,20.31,61.1,0.0,5.65,4.52,0.0,0.36
1995,277,26.03,32.47,20.15,58.95,0.0,5.78,4.66,0.2,0.36
1995,278,26.98,34.04,21.38,57.94,0.0,4.63,3.69,0.21,0.36
1995,279,27.36,33.56,22.93,61.32,0.0,3.38,2.66,0.42,0.36
1995,280,27.7,33.23,23.99,62.62,0.0,3.08,2.47,0.64,0.36
1995,281,26.72,32.77,22.39,59.6,0.0,4.13,3.33,0.26,0.36
1995,282,25.84,31.04,21.79,67.88,0.0,3.32,2.72,0.07,0.36
1995,283,26.03,31.75,21.82,65.52,0.0,3.66,3.02,0.03,0.36
1995,284,26.04,32.05,21.57,66.68,0.0,3.74,3.05,0.5,0.36
1995,285,27.15,34.68,22.2,65.55,0.0,3.61,2.89,0.37,0.36
1995,286,27.11,32.91,23.03,62.3,0.0,3.88,3.1,0.48,0.36
1995,287,27.03,32.83,22.52,56.72,0.0,4.13,3.32,0.36,0.36
1995,288,25.89,29.97,22.63,63.17,0.15,5.78,4.68,0.23,0.36
1995,289,23.96,27.52,20.38,61.49,0.02,8.39,6.76,0.83,0.36
1995,290,24.12,30.92,18.15,48.02,0.0,7.69,6.19,0.1,0.36
1995,291,25.34,32.32,19.18,53.26,0.0,4.43,3.58,0.26,0.36
1995,292,26.64,33.41,22.04,63.44,0.0,4.58,3.66,0.18,0.36
1995,293,27.56,33.72,23.04,65.23,0.0,4.58,3.62,0.62,0.36
1995,294,28.73,34.48,24.58,58.45,0.0,5.02,3.97,0.14,0.36
1995,295,29.3,35.54,25.04,54.94,0.0,5.61,4.43,0.58,0.36
1995,296,28.59,35.49,25.07,62.59,0.32,5.18,4.1,0.31,0.36
1995,297,27.25,30.87,24.87,70.48,0.6,6.01,4.84,0.49,0.36
1995,298,27.74,32.65,24.46,66.03,0.21,4.53,3.64,0.97,0.36
1995,299,27.17,32.16,24.25,70.35,1.19,7.14,5.68,0.72,0.36
1995,300,27.3,31.98,24.01,66.89,0.9,6.7,5.43,0.9,0.36
1995,301,27.28,34.39,22.16,63.22,0.0,6.21,5.0,0.12,0.36
1995,302,26.4,31.38,23.14,65.21,0.01,7.64,6.14,0.2,0.36
1995,303,24.74,30.01,20.61,52.31,0.01,9.92,7.91,0.41,0.36
1995,304,24.15,30.89,18.7,50.1,0.0,10.65,8.42,0.03,0.36
1995,305,25.52,32.46,18.33,46.97,0.0,8.17,6.45,0.19,0.36
1995,306,25.06,32.0,19.38,53.06,0.0,5.93,4.74,0.41,0.36
1995,307,25.6,31.16,21.2,65.34,0.0,4.43,3.54,0.38,0.36
1995,308,26.81,33.45,21.5,59.9,0.0,5.43,4.33,0.41,0.36
1995,309,27.21,34.14,22.44,63.95,0.0,5.74,4.56,0.42,0.36
1995,310,27.14,33.34,21.65,59.84,0.0,8.66,6.86,0.17,0.36
1995,311,27.45,33.37,21.94,54.19,0.0,8.28,6.55,0.07,0.36
1995,312,27.53,33.94,22.64,55.37,0.0,5.3,4.22,0.33,0.36
1995,313,25.85,30.51,22.76,70.15,0.0,4.64,3.77,0.3,0.36
1995,314,25.61,31.12,21.75,65.94,0.0,3.84,3.13,0.12,0.36
1995,315,26.02,30.38,22.11,62.49,0.0,5.4,4.38,0.32,0.36
1995,316,26.43,32.32,21.36,54.83,0.0,7.73,6.18,0.13,0.36
1995,317,26.44,32.49,21.32,57.41,0.0,7.62,6.11,0.21,0.36
1995,318,27.41,34.43,21.2,54.85,0.0,7.53,6.0,0.21,0.36
1995,319,28.19,35.2,23.96,59.21,0.07,5.5,4.37,0.23,0.35
1995,320,26.32,30.94,22.74,68.69,0.0,4.55,3.69,0.23,0.35
1995,321,26.41,31.9,22.27,65.16,0.0,4.45,3.62,0.23,0.35
1995,322,26.76,32.76,22.19,62.78,0.69,6.78,5.46,0.18,0.35
1995,323,28.68,34.9,23.69,58.38,0.1,6.86,5.45,0.37,0.36
1995,324,28.18,33.05,24.66,62.69,1.09,3.89,3.12,0.1,0.36
1995,325,27.92,33.51,23.5,66.58,0.66,3.42,2.76,0.56,0.36
1995,326,28.55,34.55,25.41,63.2,1.27,4.12,3.3,0.34,0.36
1995,327,27.64,32.75,24.65,67.78,1.09,5.15,4.2,0.5,0.36
1995,328,27.36,31.68,24.78,67.62,0.22,4.46,3.63,0.79,0.36
1995,329,26.72,30.71,24.23,71.75,5.25,3.3,2.67,0.62,0.36
1995,330,25.69,27.95,22.77,70.61,4.6,5.51,4.43,1.0,0.37
1995,331,24.42,29.23,20.84,57.84,0.01,7.71,6.18,0.72,0.37
1995,332,26.08,32.02,20.39,57.49,0.0,5.89,4.72,0.66,0.37
1995,333,26.77,30.84,23.17,63.77,0.0,6.2,4.96,0.56,0.37
1995,334,26.59,29.58,24.22,76.71,6.13,3.83,3.08,0.95,0.37
1995,335,26.21,28.14,24.44,82.22,2.97,5.34,4.21,0.87,0.38
1995,336,25.31,28.86,21.79,69.43,3.88,7.14,5.72,0.97,0.38
1995,337,25.07,30.27,20.18,58.73,0.0,8.12,6.46,0.12,0.38
1995,338,25.93,31.43,20.97,60.78,0.06,8.45,6.67,0.47,0.38
1995,339,26.43,31.19,22.26,63.75,2.51,6.32,5.02,0.29,0.38
1995,340,26.44,31.04,22.65,68.53,1.93,5.33,4.27,0.75,0.38
1995,341,24.46,27.99,21.94,70.01,0.25,4.53,3.7,0.45,0.38
1995,342,24.89,28.75,21.62,64.83,0.01,4.01,3.26,0.19,0.37
1995,343,25.53,30.19,21.09,64.33,0.01,4.0,3.26,0.35,0.37
1995,344,26.62,31.48,22.28,63.06,0.22,3.33,2.7,0.59,0.37
1995,345,26.86,32.11,22.6,61.52,0.7,6.59,5.26,0.33,0.37
1995,346,25.51,31.37,20.78,59.51,0.0,8.77,6.98,0.14,0.37
1995,347,26.39,33.19,19.55,56.32,0.57,7.83,6.25,0.98,0.37
1995,348,27.99,34.05,23.7,62.69,0.79,5.39,4.3,0.61,0.37
1995,349,27.17,31.8,23.8,66.5,0.31,5.27,4.25,0.29,0.37
1995,350,26.46,30.77,23.11,65.4,0.0,4.26,3.47,0.06,0.37
1995,351,28.33,34.56,23.47,65.72,0.01,4.74,3.82,0.34,0.37
1995,352,29.11,34.5,25.33,64.46,0.01,3.67,2.92,0.3,0.37
1995,353,27.77,32.02,24.44,69.43,0.0,5.01,4.05,0.64,0.37
1995,354,27.15,31.6,23.7,68.8,0.0,4.14,3.38,0.27,0.37
1995,355,27.5,31.77,24.38,67.32,0.0,3.78,3.08,0.27,0.37
1995,356,27.36,31.93,24.23,65.73,1.39,3.79,3.09,0.57,0.37
1995,357,26.79,30.95,23.61,67.72,2.16,4.32,3.5,0.8,0.37
1995,358,27.13,32.25,23.11,59.41,0.86,7.65,6.11,1.0,0.37
1995,359,27.5,32.67,22.28,61.32,1.14,5.51,4.35,0.4,0.37
1995,360,27.36,31.21,24.58,69.99,10.93,5.53,4.38,0.93,0.38
1995,361,25.51,27.25,24.28,78.65,17.24,4.91,3.88,1.0,0.4
1995,362,27.36,32.07,23.5,73.01,9.51,5.45,4.19,1.0,0.42
1995,363,26.79,31.71,24.27,77.64,9.27,7.58,5.9,0.8,0.43
1995,364,25.76,28.5,23.35,78.5,2.99,5.81,4.63,0.52,0.44
1995,365,24.38,27.56,22.23,75.53,1.99,4.08,3.31,0.17,0.43
1996,1,24.78,28.23,21.71,72.34,0.09,3.76,3.01,0.17,0.43
1996,2,26.13,30.7,22.74,66.75,0.0,3.58,2.91,0.03,0.42
1996,3,26.82,32.23,22.42,67.98,0.0,4.75,3.8,0.06,0.42
1996,4,27.05,31.85,23.01,68.19,0.01,5.61,4.52,0.02,0.41
1996,5,27.39,31.89,23.56,70.4,1.18,5.29,4.27,0.43,0.41
1996,6,27.08,30.64,24.03,71.68,0.99,3.57,2.9,0.44,0.41
1996,7,28.26,33.38,24.0,65.64,0.35,4.22,3.39,0.0,0.4
1996,8,28.67,31.9,25.94,72.94,0.92,4.82,3.88,0.52,0.4
1996,9,29.93,35.86,26.19,67.06,1.36,3.98,3.17,0.73,0.4
1996,10,30.64,35.94,26.09,63.16,0.08,3.05,2.45,0.37,0.4
1996,11,31.36,36.63,26.1,56.77,0.33,4.56,3.62,0.31,0.39
1996,12,31.84,37.51,26.35,53.78,0.3,5.49,4.2,0.61,0.39
1996,13,31.11,36.81,26.89,59.35,0.88,4.15,3.28,0.6,0.39
1996,14,28.99,33.15,26.45,72.13,5.77,5.44,4.3,1.0,0.39
1996,15,28.37,32.05,26.06,74.88,3.47,3.2,2.6,0.8,0.4
1996,16,28.11,30.31,26.45,75.48,7.43,3.15,2.54,0.51,0.41
1996,17,28.87,33.69,25.22,64.4,0.34,5.88,4.69,0.11,0.41
1996,18,30.21,36.52,25.61,64.07,0.93,5.32,4.24,0.34,0.41
1996,19,28.51,31.88,26.64,77.14,9.64,4.98,3.99,0.23,0.41
1996,20,28.5,32.95,25.72,74.92,5.43,4.39,3.56,0.39,0.42
1996,21,27.72,31.26,25.54,74.45,11.04,4.01,3.24,0.39,0.43
1996,22,28.47,32.01,25.29,73.19,23.68,2.31,1.82,0.74,0.45
1996,23,28.51,32.42,25.09,71.42,7.59,4.02,3.2,0.24,0.48
1996,24,28.36,32.8,25.13,76.88,12.56,3.47,2.81,0.9,0.48
1996,25,27.43,29.32,26.13,84.14,17.99,5.33,4.22,0.77,0.5
1996,26,27.07,29.34,25.5,82.19,11.34,3.22,2.64,0.73,0.51
1996,27,26.21,28.26,24.33,80.7,7.71,4.76,3.79,0.8,0.52
1996,28,26.0,28.52,23.62,81.43,6.12,6.62,5.18,1.0,0.52
1996,29,26.39,28.48,24.51,83.71,7.76,6.18,4.88,0.99,0.52
1996,30,26.54,28.21,25.44,85.66,14.87,5.41,4.21,0.77,0.54
1996,31,26.4,28.3,24.97,84.13,9.75,2.82,2.25,0.99,0.55
1996,32,26.69,28.97,24.7,84.5,4.43,2.99,2.37,1.0,0.55
1996,33,27.02,30.45,24.43,81.21,5.05,4.6,3.66,0.78,0.54
1996,34,27.25,31.04,23.94,82.04,6.66,5.4,4.3,0.97,0.54
1996,35,27.71,31.55,24.64,82.72,6.76,6.43,5.0,0.73,0.54
1996,36,28.22,31.78,25.28,82.87,15.06,5.27,4.09,0.93,0.55
1996,37,27.94,31.41,24.52,80.74,6.87,5.05,3.91,0.8,0.56
1996,38,28.11,32.34,24.45,74.88,0.95,6.66,5.05,0.64,0.56
1996,39,28.52,33.55,23.98,75.0,0.97,4.2,3.29,0.24,0.54
1996,40,28.76,32.94,25.23,69.66,1.72,3.79,2.98,0.11,0.54
1996,41,28.69,34.52,22.48,69.6,0.18,4.58,3.59,0.08,0.53
1996,42,29.32,33.97,24.79,70.0,1.81,2.03,1.69,0.6,0.52
1996,43,29.52,34.15,24.88,62.23,1.23,2.73,2.14,0.76,0.51
1996,44,30.21,35.1,25.96,65.13,0.27,4.05,3.17,0.13,0.51
1996,45,29.76,34.13,25.38,64.76,0.87,4.65,3.61,0.17,0.5
1996,46,28.8,34.23,24.39,64.99,0.06,5.44,4.28,0.7,0.49
1996,47,28.05,33.7,22.32,67.01,0.22,6.37,5.03,0.17,0.49
1996,48,29.46,34.97,23.67,63.91,0.21,5.48,4.32,0.33,0.48
1996,49,28.47,33.16,24.85,67.21,0.22,4.34,3.46,0.56,0.47
1996,50,26.99,30.25,24.84,73.85,0.96,3.46,2.78,0.98,0.47
1996,51,28.71,33.8,24.66,66.08,0.49,3.52,2.82,0.84,0.47
1996,52,28.0,31.08,25.35,67.02,0.65,2.49,1.92,0.25,0.47
1996,53,28.91,34.16,24.13,62.02,0.06,3.78,3.04,0.37,0.47
1996,54,28.47,33.42,24.17,63.04,0.02,4.56,3.58,0.07,0.46
1996,55,27.68,31.7,23.91,65.1,0.0,4.93,3.89,0.79,0.46
1996,56,28.2,34.34,22.22,60.04,0.03,4.9,3.92,0.79,0.46
1996,57,28.54,34.21,23.72,64.8,0.64,5.3,4.22,0.22,0.45
1996,58,28.85,32.67,25.79,68.11,0.08,4.37,3.49,0.24,0.45
1996,59,29.31,34.47,24.65,69.71,0.1,4.15,3.34,0.29,0.44
1996,60,30.08,36.14,25.79,67.04,0.48,4.3,3.41,0.42,0.44
1996,61,29.72,33.32,26.45,66.28,0.75,4.45,3.53,0.18,0.44
1996,62,28.37,32.4,25.78,76.04,5.24,3.91,3.14,0.25,0.44
1996,63,28.45,33.19,25.52,76.11,3.88,3.03,2.44,0.5,0.44
1996,64,28.39,32.47,25.73,76.51,3.98,3.36,2.69,0.56,0.44
1996,65,27.74,29.61,26.35,84.13,4.65,4.86,3.85,0.99,0.45
1996,66,27.97,31.7,25.71,77.43,2.24,4.59,3.66,0.45,0.45
1996,67,27.42,31.19,24.31,80.63,10.7,4.52,3.6,0.98,0.46
1996,68,27.74,30.32,26.16,81.28,15.17,3.81,3.06,0.82,0.47
1996,69,26.78,28.39,25.6,85.67,14.67,3.98,3.14,0.74,0.5
1996,70,26.78,29.45,25.39,82.58,6.18,2.28,1.82,0.77,0.5
1996,71,26.07,28.06,24.92,83.36,8.38,2.54,1.97,0.12,0.51
1996,72,26.91,30.49,24.47,77.98,4.17,3.4,2.69,0.06,0.51
1996,73,27.29,30.85,24.49,78.01,2.64,2.81,2.25,0.03,0.51
1996,74,27.44,30.53,24.47,78.41,1.4,3.04,2.42,0.35,0.5
1996,75,26.92,29.68,25.13,83.54,7.41,4.53,3.67,0.96,0.5
1996,76,26.72,29.1,24.54,84.62,9.76,4.89,3.87,1.0,0.51
1996,77,26.59,28.69,24.51,88.04,40.87,6.49,5.04,1.0,0.57
1996,78,25.44,29.21,22.84,80.49,9.61,8.25,6.42,0.24,0.58
1996,79,24.33,27.97,22.0,79.03,0.33,10.85,8.37,0.05,0.57
1996,80,25.52,30.21,22.72,75.49,1.66,9.33,7.23,0.07,0.56
1996,81,25.57,30.23,21.58,78.44,5.82,6.75,5.33,0.21,0.55
1996,82,26.14,30.15,23.15,77.41,1.57,4.84,3.86,0.22,0.55
1996,83,26.19,30.81,22.34,75.62,2.41,5.72,4.54,0.24,0.54
1996,84,25.49,29.56,21.67,79.95,1.67,4.81,3.85,0.62,0.54
1996,85,25.53,29.32,22.93,80.97,8.07,6.18,4.89,0.84,0.54
1996,86,25.07,29.19,22.04,78.58,3.35,6.92,5.44,0.31,0.54
1996,87,26.42,31.48,22.65,76.59,2.14,7.11,5.52,0.22,0.54
1996,88,25.94,30.95,22.22,73.61,0.02,5.88,4.62,0.21,0.53
1996,89,24.95,29.82,21.11,69.72,0.01,7.14,5.59,0.0,0.52
1996,90,24.35,29.89,19.67,69.4,0.0,7.35,5.75,0.04,0.51
1996,91,24.51,30.03,19.29,70.07,0.0,5.84,4.61,0.0,0.51
1996,92,25.32,30.5,20.68,66.92,0.0,3.66,2.88,0.17,0.5
1996,93,25.94,30.54,22.23,70.34,0.03,3.37,2.64,0.12,0.5
1996,94,25.88,30.89,22.12,74.0,0.27,7.64,5.97,0.03,0.49
1996,95,25.54,30.22,22.49,73.67,0.34,9.47,7.32,0.01,0.49
1996,96,25.25,31.08,21.25,70.95,0.26,8.44,6.53,0.0,0.48
1996,97,24.59,30.41,19.68,66.53,0.04,7.71,6.0,0.01,0.48
1996,98,24.72,30.41,19.67,65.7,0.06,5.82,4.54,0.01,0.47
1996,99,24.88,30.38,19.44,63.1,0.0,3.68,2.95,0.0,0.47
1996,100,25.35,30.53,20.66,69.18,0.0,3.47,2.73,0.04,0.47
1996,101,25.36,29.54,22.42,75.55,0.56,3.78,3.02,0.12,0.46
1996,102,24.15,27.48,22.08,74.91,0.44,5.35,4.27,0.56,0.46
1996,103,23.88,27.16,21.61,68.51,0.15,5.04,3.98,0.8,0.46
1996,104,23.34,27.61,19.86,66.39,0.06,5.29,4.2,0.4,0.46
1996,105,24.02,28.99,20.21,62.32,0.13,5.91,4.68,0.03,0.46
1996,106,25.02,30.75,20.93,72.46,1.03,3.53,2.83,0.17,0.45
1996,107,26.19,30.99,22.85,77.03,0.17,2.93,2.36,0.33,0.45
1996,108,26.3,31.16,22.84,71.67,0.06,3.32,2.62,0.31,0.45
1996,109,26.47,32.19,22.43,68.67,0.0,2.9,2.26,0.22,0.44
1996,110,26.15,31.12,22.62,72.15,0.01,3.17,2.5,0.25,0.44
1996,111,25.3,29.66,22.58,76.63,0.06,3.18,2.54,0.35,0.44
1996,112,24.8,29.45,21.75,77.48,0.55,3.05,2.42,0.08,0.44
1996,113,24.0,27.28,22.13,75.3,0.01,3.96,3.15,0.15,0.44
1996,114,23.81,27.33,21.36,72.11,0.01,5.35,4.26,0.4,0.43
1996,115,23.71,28.68,19.57,69.82,0.01,5.87,4.66,0.03,0.43
1996,116,24.77,30.06,19.96,71.01,0.0,5.23,4.18,0.28,0.43
1996,117,24.56,28.56,21.65,74.95,0.84,5.75,4.57,0.63,0.43
1996,118,24.02,28.82,20.37,72.21,0.99,5.01,3.98,0.02,0.43
1996,119,23.61,28.73,19.78,70.29,0.05,7.32,5.77,0.01,0.43
1996,120,23.24,27.74,20.23,68.21,0.12,10.05,7.79,0.01,0.42
1996,121,23.25,29.23,18.39,63.19,0.01,8.65,6.73,0.02,0.42
1996,122,23.28,29.54,17.23,59.77,0.0,4.54,3.6,0.02,0.42
1996,123,24.17,29.79,19.18,62.49,0.0,4.31,3.38,0.52,0.42
1996,124,24.21,29.33,20.36,66.43,0.0,3.65,2.88,0.39,0.41
1996,125,23.71,27.6,21.32,76.71,0.38,2.38,1.89,0.77,0.41
1996,126,23.5,28.0,20.66,74.49,0.0,2.86,2.28,0.05,0.41
1996,127,24.21,30.39,19.06,66.66,0.0,3.66,2.89,0.01,0.41
1996,128,25.12,30.94,19.56,64.39,0.0,3.96,3.09,0.02,0.41
1996,129,25.75,31.39,20.79,61.17,0.0,5.17,4.03,0.3,0.41
1996,130,25.53,30.65,21.6,62.35,0.0,3.37,2.65,0.99,0.41
1996,131,24.98,29.41,21.6,65.59,0.0,3.78,2.97,0.91,0.4
1996,132,25.22,29.93,21.26,65.33,0.06,2.89,2.28,0.76,0.4
1996,133,25.33,30.37,20.87,64.54,0.02,4.29,3.42,0.09,0.4
1996,134,25.39,31.4,20.47,61.16,0.0,5.23,4.08,0.01,0.4
1996,135,24.88,30.99,19.52,61.78,0.0,3.73,2.94,0.0,0.4
1996,136,24.88,30.34,20.55,66.43,0.0,3.86,3.05,0.36,0.4
1996,137,25.24,30.68,21.13,70.27,0.34,3.12,2.44,0.86,0.4
1996,138,24.34,27.68,22.03,77.97,6.13,2.64,2.06,0.96,0.4
1996,139,23.59,27.78,21.03,77.95,9.3,3.58,2.85,0.22,0.42
1996,140,23.38,27.87,20.29,80.32,1.96,3.95,3.1,0.03,0.43
1996,141,23.41,26.03,21.87,80.21,0.07,2.31,1.77,0.41,0.42
1996,142,22.56,25.54,20.57,79.23,0.01,1.73,1.27,0.51,0.42
1996,143,23.58,28.73,19.64,73.48,0.0,2.95,2.31,0.29,0.42
1996,144,24.61,30.26,20.96,73.46,0.47,4.45,3.48,0.53,0.42
1996,145,23.56,26.74,21.49,80.84,1.88,4.05,3.18,0.35,0.42
1996,146,22.85,26.04,20.4,77.01,1.05,3.83,2.96,0.44,0.42
1996,147,21.9,25.7,18.96,77.57,0.05,3.33,2.6,0.29,0.42
1996,148,22.77,26.04,20.26,72.23,0.06,3.19,2.56,0.5,0.41
1996,149,23.87,29.2,20.06,72.63,0.84,5.24,4.03,0.86,0.41
1996,150,24.15,28.22,21.54,76.79,2.78,5.81,4.57,0.96,0.41
1996,151,23.38,26.59,20.93,76.46,1.27,5.61,4.36,0.48,0.42
1996,152,22.33,26.12,19.52,74.72,0.62,2.28,1.81,0.22,0.42
1996,153,21.57,27.39,17.27,74.38,0.0,3.03,2.37,0.01,0.42
1996,154,21.54,26.05,18.38,75.02,0.08,2.76,2.2,0.04,0.41
1996,155,21.46,25.85,18.58,74.41,0.18,5.82,4.62,0.15,0.41
1996,156,20.08,23.84,16.99,76.02,0.41,6.45,5.14,0.57,0.41
1996,157,19.88,24.84,16.48,65.21,0.03,7.38,5.81,0.01,0.41
1996,158,19.3,25.66,14.03,61.5,0.0,6.02,4.75,0.03,0.41
1996,159,21.14,27.12,16.09,60.43,0.0,3.32,2.62,0.02,0.41
1996,160,20.93,26.91,16.1,66.76,0.0,4.34,3.4,0.02,0.41
1996,161,21.3,26.42,16.42,72.49,0.0,4.13,3.24,0.06,0.4
1996,162,22.48,27.42,18.47,75.67,0.2,5.34,4.18,0.26,0.4
1996,163,23.37,29.17,18.46,69.52,0.02,4.72,3.69,0.13,0.4
1996,164,23.72,29.54,19.56,70.85,1.19,3.76,2.93,0.19,0.4
1996,165,23.21,28.02,19.15,75.23,0.02,3.41,2.67,0.18,0.4
1996,166,22.58,28.17,18.58,72.73,0.01,5.24,4.17,0.0,0.4
1996,167,21.48,27.02,17.38,73.54,0.0,3.78,2.98,0.0,0.4
1996,168,20.71,25.53,17.1,72.87,0.0,3.43,2.74,0.04,0.4
1996,169,20.45,25.66,16.54,67.01,0.0,2.62,2.01,0.1,0.4
1996,170,21.44,28.62,15.96,66.44,0.0,4.01,3.15,0.01,0.4
1996,171,22.22,27.79,17.6,72.03,0.0,6.65,5.24,0.04,0.4
1996,172,20.85,25.68,17.31,68.51,1.52,8.93,7.01,0.07,0.4
1996,173,19.79,25.71,15.27,64.81,0.01,9.06,7.11,0.01,0.4
1996,174,20.2,25.42,16.68,63.31,0.03,8.99,7.05,0.02,0.4
1996,175,20.33,26.43,14.99,63.63,0.05,7.81,6.13,0.02,0.4
1996,176,21.35,27.67,15.73,62.24,0.0,4.98,3.95,0.01,0.4
1996,177,21.85,27.28,16.63,65.17,0.0,3.98,3.15,0.02,0.39
1996,178,21.66,26.11,18.15,72.68,1.14,2.53,1.99,0.59,0.39
1996,179,20.4,23.37,18.72,81.16,3.55,3.6,2.88,0.61,0.4
1996,180,19.82,22.36,17.5,67.87,0.04,4.78,3.79,0.34,0.4
1996,181,20.46,23.69,18.17,64.77,0.08,5.47,4.32,0.48,0.4
1996,182,20.16,24.71,16.46,65.5,0.01,6.22,4.95,0.37,0.4
1996,183,19.54,25.24,14.98,63.02,0.0,5.8,4.61,0.05,0.4
1996,184,19.76,26.06,14.18,59.27,0.0,3.27,2.57,0.02,0.4
1996,185,20.6,26.17,15.46,62.05,0.0,3.45,2.69,0.08,0.4
1996,186,21.81,27.37,17.29,67.32,0.0,2.59,1.98,0.05,0.39
1996,187,21.72,27.85,16.63,60.2,0.0,2.99,2.29,0.03,0.39
1996,188,22.0,27.34,18.03,59.94,0.0,2.23,1.75,0.01,0.39
1996,189,21.89,27.86,16.79,63.26,0.0,4.58,3.59,0.01,0.39
1996,190,22.62,28.43,16.98,60.1,0.0,3.78,3.02,0.24,0.39
1996,191,22.35,26.87,18.37,67.36,0.0,3.72,2.95,0.18,0.39
1996,192,22.43,27.05,18.73,72.82,0.01,3.08,2.48,0.27,0.39
1996,193,21.9,26.5,18.6,72.48,1.15,3.21,2.6,0.13,0.39
1996,194,21.9,26.7,17.94,70.79,0.15,2.69,2.11,0.38,0.39
1996,195,22.46,26.87,19.12,70.46,6.44,2.89,2.32,0.83,0.4
1996,196,22.0,26.69,18.3,72.23,0.16,3.29,2.58,0.39,0.4
1996,197,21.95,27.23,18.11,74.06,0.17,3.35,2.62,0.07,0.4
1996,198,21.66,26.66,18.13,76.38,0.68,4.17,3.34,0.14,0.4
1996,199,20.75,24.78,17.58,74.28,0.53,8.73,6.88,0.29,0.4
1996,200,19.21,23.03,17.05,65.22,0.08,10.86,8.5,0.01,0.4
1996,201,19.87,23.78,16.68,69.52,0.63,6.31,5.04,0.2,0.4
1996,202,21.38,25.74,18.35,68.81,1.56,4.44,3.52,0.2,0.4
1996,203,21.2,25.28,18.39,73.92,0.12,3.53,2.9,0.02,0.4
1996,204,19.76,24.08,16.28,71.0,0.08,4.69,3.72,0.01,0.4
1996,205,18.79,23.15,15.51,71.73,1.31,7.34,5.81,0.3,0.4
1996,206,17.33,21.53,14.22,64.19,0.09,10.18,7.99,0.21,0.4
1996,207,17.44,22.64,13.33,65.42,0.11,8.33,6.59,0.02,0.4
1996,208,19.27,25.64,13.62,61.54,0.01,5.08,3.99,0.02,0.39
1996,209,19.3,25.41,13.28,59.7,0.0,3.68,2.93,0.02,0.39
1996,210,19.93,25.53,14.95,59.17,0.0,3.76,2.96,0.01,0.39
1996,211,19.96,25.79,14.62,59.9,0.0,3.64,2.85,0.02,0.39
1996,212,20.42,25.51,16.28,63.65,0.0,4.13,3.29,0.02,0.39
1996,213,20.73,26.78,15.5,63.63,0.0,4.14,3.28,0.01,0.39
1996,214,21.18,25.76,17.92,71.89,0.0,2.97,2.33,0.07,0.39
1996,215,20.92,26.12,16.52,69.56,0.0,2.96,2.32,0.01,0.39
1996,216,20.76,25.8,16.5,69.01,0.0,2.68,2.08,0.02,0.39
1996,217,20.82,25.07,16.52,71.26,0.05,6.84,5.4,0.93,0.39
1996,218,18.54,24.17,13.31,62.86,0.0,7.98,6.35,0.8,0.39
1996,219,20.2,26.8,13.86,66.64,0.0,4.57,3.66,0.15,0.39
1996,220,21.73,25.44,19.59,76.52,0.03,3.19,2.55,0.75,0.39
1996,221,21.88,25.89,18.84,72.38,0.12,3.68,2.96,0.68,0.39
1996,222,22.18,27.28,17.73,64.22,0.09,5.79,4.64,0.13,0.39
1996,223,22.44,28.84,17.53,64.76,0.0,3.51,2.78,0.09,0.39
1996,224,22.34,27.21,18.29,70.83,0.0,3.13,2.51,0.38,0.38
1996,225,22.78,28.38,18.63,69.39,0.0,3.71,2.95,0.03,0.38
1996,226,22.96,29.35,18.04,55.89,0.0,4.23,3.37,0.01,0.38
1996,227,22.47,28.05,18.22,61.22,0.0,3.47,2.74,0.25,0.38
1996,228,22.0,27.27,17.78,69.27,0.07,7.55,5.96,0.48,0.38
1996,229,22.99,29.32,17.68,62.41,0.01,4.99,3.97,0.11,0.38
1996,230,22.55,27.77,18.71,65.0,0.0,5.53,4.42,0.16,0.38
1996,231,23.21,29.12,19.18,65.96,0.02,3.34,2.7,0.15,0.38
1996,232,23.34,28.13,19.69,65.69,0.0,3.1,2.47,0.1,0.38
1996,233,22.67,27.62,19.1,69.29,0.0,4.53,3.66,0.14,0.38
1996,234,20.41,25.16,17.65,75.0,0.68,6.03,4.85,0.52,0.38
1996,235,19.65,23.29,17.29,61.42,0.0,5.88,4.78,0.54,0.38
1996,236,18.72,23.15,15.09,62.6,0.33,5.27,4.26,0.54,0.38
1996,237,18.83,22.86,15.4,61.45,0.0,5.69,4.57,0.42,0.38
1996,238,19.79,25.94,14.34,58.03,0.0,5.21,4.18,0.02,0.38
1996,239,20.44,26.38,15.19,61.05,0.0,3.72,2.97,0.02,0.38
1996,240,22.12,28.55,16.55,62.76,0.0,2.38,1.9,0.02,0.38
1996,241,22.24,28.32,17.45,66.81,0.0,3.11,2.47,0.01,0.38
1996,242,22.77,28.08,19.38,74.69,0.0,3.18,2.56,0.29,0.38
1996,243,23.51,29.25,18.28,66.45,0.0,3.6,2.87,0.05,0.38
1996,244,24.06,29.94,19.76,66.7,0.0,4.39,3.49,0.31,0.38
1996,245,23.47,27.37,21.03,72.54,0.0,3.29,2.66,0.95,0.38
1996,246,24.33,30.01,20.09,69.27,0.0,2.88,2.35,0.42,0.38
1996,247,23.94,29.03,20.54,70.62,0.01,3.79,3.04,0.65,0.38
1996,248,23.44,27.82,20.36,73.17,0.02,3.61,2.94,0.36,0.38
1996,249,23.61,29.04,18.66,67.08,0.0,3.96,3.2,0.04,0.38
1996,250,23.12,28.49,19.94,67.96,0.0,5.22,4.17,0.09,0.37
1996,251,22.95,28.95,19.37,65.33,0.0,2.81,2.27,0.04,0.37
1996,252,24.23,31.09,17.9,60.4,0.0,3.72,2.93,0.05,0.37
1996,253,25.63,32.75,19.32,51.86,0.0,4.74,3.69,0.01,0.37
1996,254,25.19,32.65,19.0,52.47,0.0,4.19,3.33,0.08,0.37
1996,255,24.33,30.56,19.97,68.85,0.0,3.26,2.63,0.19,0.37
1996,256,24.38,30.01,19.72,69.22,0.0,4.16,3.34,0.09,0.37
1996,257,24.98,30.09,21.34,69.35,0.0,5.89,4.71,0.0,0.37
1996,258,24.35,30.15,19.67,72.11,0.01,5.7,4.55,0.08,0.37
1996,259,24.29,28.7,21.3,67.47,0.13,6.41,5.18,0.76,0.37
1996,260,22.85,28.3,18.97,54.08,0.0,8.86,7.07,0.09,0.37
1996,261,23.35,30.97,17.03,49.83,0.0,9.12,7.17,0.07,0.37
1996,262,23.64,31.26,17.0,60.18,0.0,6.15,4.92,0.1,0.37
1996,263,24.0,28.95,19.24,63.61,0.09,4.93,3.99,0.39,0.37
1996,264,24.99,30.28,20.54,67.02,0.62,7.17,5.72,0.57,0.37
1996,265,24.62,30.48,19.75,62.86,0.02,6.88,5.53,0.17,0.37
1996,266,24.82,30.95,19.83,57.9,0.0,7.34,5.86,0.23,0.37
1996,267,23.79,29.1,19.46,60.18,0.0,9.09,7.25,0.49,0.37
1996,268,24.03,30.13,18.23,54.05,0.0,7.33,5.88,0.05,0.37
1996,269,24.9,31.57,19.3,58.12,0.0,4.96,4.0,0.24,0.37
1996,270,25.75,31.75,21.65,62.59,1.47,4.1,3.27,0.36,0.37
1996,271,25.26,30.36,20.84,63.99,2.81,5.09,4.1,0.9,0.37
1996,272,24.8,30.11,20.91,66.67,1.1,7.67,6.15,0.38,0.38
1996,273,23.97,29.65,19.38,60.33,0.0,9.05,7.21,0.08,0.38
1996,274,24.89,31.08,18.92,56.26,0.0,6.48,5.13,0.04,0.37
1996,275,24.8,31.52,19.65,56.29,0.0,4.89,3.93,0.06,0.37
1996,276,24.18,29.7,19.63,65.44,0.0,3.49,2.83,0.1,0.37
1996,277,25.49,31.89,19.78,57.62,0.0,5.9,4.7,0.06,0.37
1996,278,26.16,33.61,20.19,50.47,0.0,4.55,3.62,0.04,0.37
1996,279,25.56,31.99,20.82,53.64,0.0,4.44,3.55,0.2,0.37
1996,280,25.37,31.93,20.2,56.14,0.0,4.18,3.35,0.03,0.37
1996,281,25.52,31.88,20.35,56.64,0.0,4.11,3.29,0.2,0.37
1996,282,25.95,32.39,20.64,51.0,0.0,3.85,3.08,0.01,0.37
1996,283,25.68,32.25,20.49,52.06,0.0,4.63,3.72,0.01,0.37
1996,284,25.01,31.2,20.23,56.52,0.0,3.97,3.22,0.03,0.37
1996,285,24.3,30.16,19.38,66.27,0.0,4.32,3.51,0.05,0.37
1996,286,25.77,32.7,20.0,60.42,0.0,4.67,3.79,0.41,0.37
1996,287,26.96,33.59,21.39,57.42,0.0,5.56,4.47,0.68,0.37
1996,288,26.77,32.97,22.61,58.71,0.03,4.74,3.8,0.3,0.37
1996,289,26.07,31.66,22.63,67.91,0.0,4.97,4.01,0.38,0.36
1996,290,23.63,28.57,18.56,66.84,0.25,8.34,6.67,0.6,0.36
1996,291,21.82,27.59,17.92,49.78,0.0,10.18,8.11,0.12,0.36
1996,292,23.89,30.13,17.57,53.58,0.17,7.28,5.86,0.35,0.36
1996,293,25.6,31.09,21.22,58.28,2.54,4.9,3.95,0.39,0.37
1996,294,25.13,31.22,21.03,65.2,0.0,3.89,3.14,0.13,0.37
1996,295,25.01,30.47,21.58,61.13,0.0,3.85,3.12,0.0,0.37
1996,296,25.37,32.33,20.16,64.73,0.0,4.74,3.79,0.31,0.37
1996,297,28.12,34.38,21.71,58.98,0.0,4.91,3.92,0.34,0.37
1996,298,28.48,36.1,23.05,57.64,0.0,4.85,3.84,0.46,0.37
1996,299,26.86,31.66,23.89,68.03,0.0,5.51,4.45,0.11,0.36
1996,300,26.18,31.07,22.92,68.2,0.0,5.47,4.46,0.18,0.36
1996,301,26.96,32.32,22.92,65.53,0.0,3.14,2.55,0.24,0.36
1996,302,26.62,30.85,24.23,68.35,1.04,3.58,2.91,0.81,0.36
1996,303,26.28,31.49,23.31,69.54,0.45,3.59,2.96,0.49,0.37
1996,304,26.54,32.18,22.87,67.14,0.48,4.7,3.82,0.47,0.37
1996,305,26.35,31.54,22.65,67.31,0.0,4.34,3.53,0.34,0.37
1996,306,25.41,29.96,22.47,70.38,0.79,3.62,2.97,0.95,0.37
1996,307,25.24,29.31,21.84,67.52,0.01,4.11,3.36,0.59,0.37
1996,308,26.65,32.57,21.09,61.88,0.0,6.68,5.36,0.32,0.37
1996,309,28.74,35.6,23.1,57.32,0.0,5.39,4.26,0.55,0.36
1996,310,28.33,34.58,24.45,60.12,0.0,4.58,3.63,0.74,0.36
1996,311,27.42,33.14,23.22,65.06,0.0,4.0,3.23,0.31,0.36
1996,312,26.1,31.37,22.05,66.01,0.0,5.61,4.57,0.03,0.36
1996,313,27.81,34.77,22.84,61.68,0.0,4.48,3.59,0.37,0.36
1996,314,27.18,32.94,23.72,67.23,0.0,5.07,4.08,0.48,0.36
1996,315,27.79,33.53,23.26,64.16,0.0,4.27,3.48,0.45,0.36
1996,316,29.6,36.04,24.86,54.33,0.0,4.25,3.4,0.47,0.36
1996,317,29.08,35.25,23.54,47.19,0.0,4.43,3.54,0.49,0.36
1996,318,27.59,34.05,22.39,55.53,0.0,5.61,4.53,0.22,0.36
1996,319,27.24,31.48,24.57,66.27,0.34,4.09,3.35,0.5,0.36
1996,320,26.93,30.57,23.36,64.0,0.48,6.32,5.15,0.75,0.36
1996,321,28.19,34.13,23.54,60.53,0.1,5.45,4.39,0.65,0.36
1996,322,27.77,33.16,24.03,64.48,0.07,4.44,3.62,0.16,0.36
1996,323,28.25,34.71,23.88,63.74,1.87,3.75,3.06,0.4,0.36
1996,324,28.63,33.0,25.38,59.81,8.74,4.55,3.68,0.79,0.37
1996,325,30.0,36.46,24.69,61.35,0.26,3.94,3.18,0.25,0.38
1996,326,29.51,35.02,26.1,67.69,0.01,3.69,3.07,0.05,0.37
1996,327,28.75,34.24,25.73,68.9,0.09,3.22,2.66,0.59,0.37
1996,328,28.38,31.86,25.57,64.68,0.06,5.43,4.39,0.59,0.37
1996,329,29.28,34.19,25.24,59.14,0.13,7.57,6.08,0.27,0.37
1996,330,29.53,35.62,24.68,57.77,0.57,6.21,4.99,0.38,0.37
1996,331,28.85,34.55,24.45,58.63,0.03,4.72,3.83,0.53,0.37
1996,332,27.88,33.39,23.66,65.95,0.02,6.64,5.33,0.51,0.37
1996,333,27.15,32.53,22.79,57.36,0.08,9.06,7.23,0.77,0.37
1996,334,27.23,33.99,22.12,56.77,0.08,6.24,5.0,0.41,0.36
1996,335,26.53,30.03,23.94,65.99,0.01,4.51,3.66,0.74,0.36
1996,336,27.22,31.66,23.87,67.44,0.19,5.5,4.48,0.46,0.36
1996,337,28.49,34.1,23.52,59.57,0.0,6.58,5.28,0.2,0.36
1996,338,29.05,33.97,24.65,59.82,0.02,5.19,4.18,0.5,0.36
1996,339,29.56,34.92,25.53,59.44,0.42,5.15,4.08,0.88,0.36
1996,340,29.35,34.78,24.48,55.48,0.05,8.35,6.53,0.56,0.36
1996,341,28.47,34.47,23.01,55.64,0.06,8.42,6.61,0.49,0.36
1996,342,29.44,34.1,25.52,54.69,0.41,5.99,4.72,0.32,0.36
1996,343,29.24,33.85,26.2,61.62,2.06,4.76,3.79,0.69,0.36
1996,344,28.19,32.61,25.03,67.64,0.96,5.38,4.35,0.34,0.37
1996,345,27.58,31.33,24.95,67.93,0.38,4.98,4.04,0.44,0.37
1996,346,27.87,32.78,24.64,65.46,0.25,3.74,3.05,0.36,0.36
1996,347,27.92,32.29,24.48,67.28,0.19,4.01,3.26,0.34,0.36
1996,348,27.71,31.55,24.47,67.65,0.25,4.41,3.59,0.01,0.36
1996,349,28.22,33.13,25.42,66.45,0.41,6.39,5.15,0.59,0.36
1996,350,27.29,31.08,24.61,68.24,0.21,6.83,5.5,0.63,0.36
1996,351,27.69,32.4,24.02,65.21,0.08,6.94,5.58,0.22,0.36
1996,352,27.81,32.57,24.41,62.66,0.1,6.87,5.52,0.17,0.36
1996,353,27.58,32.76,23.84,65.63,0.0,4.55,3.71,0.05,0.36
1996,354,27.72,33.41,24.24,63.76,0.19,4.82,3.87,0.42,0.36
1996,355,28.46,34.12,24.39,56.43,0.39,6.35,5.06,0.52,0.36
1996,356,28.72,33.46,25.29,60.45,3.36,5.93,4.73,0.35,0.36
1996,357,28.93,33.48,25.3,62.23,1.31,6.46,5.11,0.37,0.37
1996,358,28.09,32.91,24.98,70.21,2.67,6.06,4.78,0.4,0.37
1996,359,27.74,32.39,24.81,77.02,5.75,4.46,3.55,0.5,0.37
1996,360,26.49,28.26,25.16,80.85,2.78,2.69,2.14,1.0,0.38
1996,361,27.58,31.49,23.99,69.72,1.32,4.32,3.47,0.64,0.38
1996,362,28.11,32.58,24.46,62.07,0.53,4.91,3.86,0.25,0.38
1996,363,27.67,32.21,23.9,65.54,0.66,4.86,3.95,0.22,0.38
1996,364,27.08,29.86,25.09,70.13,0.33,3.56,2.9,0.61,0.38
1996,365,28.31,33.56,24.45,67.88,0.44,3.11,2.53,0.42,0.37
1996,366,29.18,32.52,25.75,64.65,0.62,2.45,2.01,0.72,0.37
1997,1,29.14,32.92,26.68,66.61,0.77,3.34,2.7,0.32,0.37
1997,2,30.29,35.3,26.18,59.26,1.15,5.19,4.12,0.43,0.37
1997,3,30.86,36.18,26.97,56.73,0.66,5.37,4.24,0.59,0.37
1997,4,30.65,35.73,26.98,58.04,0.45,4.61,3.7,0.23,0.37
1997,5,31.34,36.46,27.03,55.44,0.1,3.79,3.02,0.3,0.37
1997,6,30.43,35.02,27.52,60.97,4.31,3.77,3.03,0.48,0.37
1997,7,27.08,28.97,24.69,76.53,22.02,4.66,3.69,1.0,0.4
1997,8,25.89,28.31,24.02,81.2,14.93,8.49,6.55,0.39,0.43
1997,9,26.49,29.28,24.33,75.55,5.26,3.7,2.94,0.29,0.44
1997,10,27.82,31.75,24.56,73.25,4.08,3.2,2.56,0.4,0.44
1997,11,27.95,31.74,24.57,72.76,2.27,3.26,2.64,0.29,0.43
1997,12,27.45,29.94,25.7,78.06,3.18,4.3,3.42,0.38,0.43
1997,13,27.33,29.93,25.41,76.72,5.86,3.54,2.8,0.65,0.43
1997,14,26.55,29.22,24.62,77.53,4.43,3.64,2.91,1.0,0.44
1997,15,27.78,31.54,24.42,70.89,5.29,2.66,2.09,0.59,0.45
1997,16,27.56,30.7,24.89,70.7,9.99,3.89,3.07,0.09,0.45
1997,17,27.8,32.28,23.4,68.69,8.5,3.95,3.19,0.16,0.46
1997,18,27.36,30.23,25.22,77.27,8.03,3.27,2.64,0.23,0.47
1997,19,27.5,30.69,24.98,79.33,13.78,3.67,2.96,0.73,0.48
1997,20,27.61,30.92,25.7,79.9,11.83,3.32,2.66,0.57,0.49
1997,21,27.04,28.49,26.24,86.45,4.96,5.0,3.95,0.58,0.5
1997,22,28.36,31.62,25.92,74.75,1.21,3.66,2.92,0.64,0.49
1997,23,28.81,33.36,24.26,65.16,0.17,4.01,3.23,0.04,0.48
1997,24,28.5,33.05,24.11,72.94,3.64,5.61,4.45,0.58,0.48
1997,25,27.77,30.59,25.65,82.4,15.1,8.1,6.31,1.0,0.49
1997,26,27.59,29.89,25.8,84.15,23.81,7.23,5.63,1.0,0.52
1997,27,27.19,30.08,24.8,84.15,10.52,4.44,3.55,0.78,0.54
1997,28,27.8,32.35,23.91,74.62,2.42,5.72,4.47,0.62,0.54
1997,29,26.7,31.1,24.17,80.2,19.74,5.4,4.26,0.8,0.55
1997,30,26.4,29.3,24.51,83.39,15.3,5.54,4.33,1.0,0.56
1997,31,26.67,29.16,25.32,85.28,1.16,4.47,3.54,0.78,0.57
1997,32,27.52,31.29,24.34,76.06,1.38,3.17,2.52,0.98,0.56
1997,33,28.12,31.25,25.68,77.23,1.67,3.15,2.51,0.94,0.55
1997,34,28.92,32.77,25.19,73.3,0.99,2.94,2.34,0.64,0.54
1997,35,28.5,32.88,25.45,79.02,1.46,5.24,4.11,0.25,0.53
1997,36,28.77,32.4,25.55,69.39,8.24,2.71,2.15,0.79,0.53
1997,37,28.13,32.62,24.44,71.44,3.52,3.1,2.46,0.32,0.53
1997,38,27.94,32.54,23.07,67.79,0.43,4.02,3.24,0.5,0.53
1997,39,29.14,34.47,24.0,64.58,0.72,4.64,3.64,0.09,0.52
1997,40,28.84,34.41,23.28,65.53,0.22,6.08,4.74,0.03,0.51
1997,41,29.28,34.43,23.78,66.72,0.84,4.89,3.85,0.22,0.5
1997,42,28.44,31.37,26.14,72.91,7.84,4.94,3.91,0.59,0.5
1997,43,27.99,31.74,25.35,78.47,7.01,4.38,3.47,0.93,0.51
1997,44,28.04,32.18,25.13,74.5,4.15,8.33,6.48,0.99,0.51
1997,45,27.38,30.75,24.93,78.73,3.14,8.18,6.36,1.0,0.51
1997,46,27.11,29.73,25.5,83.29,3.74,5.98,4.68,1.0,0.51
1997,47,26.62,29.18,24.9,81.61,9.99,3.34,2.69,0.97,0.52
1997,48,26.96,30.28,24.44,79.56,2.32,5.14,4.1,0.98,0.52
1997,49,27.67,32.11,24.16,77.09,3.76,6.32,4.99,0.62,0.51
1997,50,26.94,29.56,24.89,81.91,2.74,4.07,3.23,0.87,0.51
1997,51,28.34,32.78,24.14,76.75,1.84,3.84,3.06,0.33,0.51
1997,52,29.24,34.01,25.1,72.59,1.89,3.57,2.75,0.15,0.5
1997,53,27.91,32.54,24.21,74.39,2.21,5.77,4.55,0.33,0.49
1997,54,27.59,31.61,25.09,77.99,2.62,3.44,2.79,0.14,0.49
1997,55,27.94,32.16,24.58,74.78,1.32,6.63,5.24,0.3,0.49
1997,56,27.58,32.55,23.76,71.86,3.56,7.27,5.65,0.28,0.49
1997,57,25.85,29.07,23.45,83.66,13.51,4.7,3.73,0.71,0.49
1997,58,25.6,26.96,24.17,86.25,8.12,3.1,2.47,0.94,0.52
1997,59,27.17,31.41,24.11,76.27,8.21,3.9,3.09,1.0,0.52
1997,60,27.43,31.28,24.72,77.95,7.25,3.66,2.87,0.77,0.52
1997,61,28.23,32.09,25.34,76.4,9.55,2.53,2.02,0.43,0.52
1997,62,27.39,31.51,23.68,79.04,6.53,3.68,2.96,0.32,0.53
1997,63,28.05,31.32,24.95,78.29,7.04,2.47,1.96,0.24,0.53
1997,64,28.5,32.66,24.37,72.42,0.7,4.07,3.18,0.16,0.52
1997,65,27.83,32.99,22.62,65.76,0.24,3.85,3.05,0.03,0.51
1997,66,28.57,33.5,23.55,66.07,0.01,3.71,2.94,0.08,0.51
1997,67,28.85,33.66,24.58,66.04,0.11,4.07,3.21,0.37,0.5
1997,68,28.29,32.62,24.42,69.29,0.91,3.3,2.64,0.4,0.49
1997,69,29.1,33.95,24.66,66.57,0.15,2.25,1.79,0.05,0.48
1997,70,28.89,33.67,24.84,68.01,0.55,4.14,3.3,0.34,0.48
1997,71,28.69,33.26,24.64,65.59,0.03,4.73,3.77,0.11,0.47
1997,72,27.62,33.11,22.9,69.76,0.07,5.63,4.51,0.17,0.47
1997,73,27.81,33.07,23.46,68.76,0.95,5.65,4.51,0.29,0.46
1997,74,27.4,32.44,23.66,71.42,3.57,5.74,4.56,0.41,0.46
1997,75,26.09,30.09,23.24,73.19,1.3,6.07,4.86,0.35,0.46
1997,76,25.09,29.29,21.93,71.32,0.03,5.3,4.26,0.19,0.46
1997,77,24.03,28.14,20.84,72.88,0.13,4.08,3.28,0.22,0.46
1997,78,24.84,29.45,21.3,66.65,0.03,2.51,2.01,0.6,0.45
1997,79,25.13,28.3,22.42,68.42,0.03,2.41,1.94,0.2,0.45
1997,80,26.64,31.72,22.63,66.37,0.0,4.16,3.3,0.21,0.45
1997,81,26.72,29.07,25.29,82.18,2.06,4.65,3.66,1.0,0.45
1997,82,27.23,31.27,24.25,74.83,0.46,3.75,3.03,0.31,0.45
1997,83,27.7,33.53,23.35,70.9,0.21,5.64,4.46,0.06,0.45
1997,84,27.55,32.97,23.34,74.33,0.01,3.59,2.87,0.11,0.44
1997,85,27.35,32.07,24.61,71.95,1.02,3.68,2.91,0.11,0.44
1997,86,26.17,29.81,23.61,77.88,0.48,3.37,2.74,0.21,0.44
1997,87,26.81,30.84,24.0,73.34,0.11,5.39,4.29,0.51,0.43
1997,88,27.75,32.97,23.49,69.97,2.09,4.93,3.88,0.13,0.43
1997,89,26.68,30.74,23.68,76.65,0.28,4.98,3.93,0.16,0.43
1997,90,26.16,30.13,23.34,72.9,0.03,3.86,3.03,0.38,0.43
1997,91,26.03,29.78,23.51,72.86,0.32,5.34,4.24,0.87,0.43
1997,92,24.28,27.78,21.71,71.42,0.21,8.67,6.76,0.85,0.43
1997,93,24.42,28.61,21.1,72.68,0.85,5.85,4.61,0.96,0.42
1997,94,24.18,27.89,21.82,72.15,0.62,5.78,4.56,1.0,0.42
1997,95,25.57,29.72,22.09,69.9,0.61,3.64,2.86,0.89,0.42
1997,96,26.34,31.6,22.17,69.3,0.02,3.04,2.4,0.24,0.42
1997,97,27.25,32.34,23.39,70.58,0.05,3.54,2.78,0.4,0.42
1997,98,26.76,31.5,24.33,72.3,0.68,3.52,2.78,1.0,0.42
1997,99,25.42,27.6,24.03,82.75,0.22,2.79,2.26,0.97,0.42
1997,100,25.67,29.71,23.34,78.39,0.12,5.65,4.52,1.0,0.41
1997,101,25.12,29.46,22.59,71.01,0.03,5.73,4.59,0.99,0.41
1997,102,24.15,28.28,21.51,71.93,0.15,6.0,4.78,0.54,0.41
1997,103,23.91,29.07,20.35,61.67,0.06,7.16,5.67,0.15,0.41
1997,104,24.46,30.67,19.0,58.99,0.0,6.25,4.93,0.06,0.41
1997,105,25.75,30.92,21.44,63.42,0.04,4.38,3.47,0.54,0.41
1997,106,26.34,30.82,23.16,64.73,0.1,3.0,2.37,0.92,0.4
1997,107,25.37,28.82,22.7,70.6,0.59,3.1,2.53,0.69,0.4
1997,108,25.13,30.05,21.57,69.42,0.0,4.69,3.76,0.1,0.4
1997,109,26.25,32.5,20.98,65.34,0.0,5.48,4.33,0.27,0.4
1997,110,26.71,32.76,21.64,67.23,0.01,5.42,4.28,0.08,0.4
1997,111,26.99,32.63,22.23,67.37,0.03,5.45,4.3,0.33,0.4
1997,112,26.17,30.83,22.23,68.77,0.29,4.53,3.63,0.08,0.4
1997,113,24.82,29.02,21.96,71.11,0.01,2.86,2.32,0.08,0.4
1997,114,24.61,29.12,21.73,70.24,0.0,3.66,2.89,0.09,0.4
1997,115,24.52,30.03,19.79,70.08,0.03,3.74,2.96,0.12,0.4
1997,116,26.17,31.92,21.47,68.19,0.1,5.17,4.12,0.08,0.4
1997,117,26.82,32.38,22.06,62.93,0.0,4.12,3.26,0.11,0.39
1997,118,25.57,30.61,21.91,69.05,0.0,3.37,2.66,0.19,0.39
1997,119,23.93,27.41,22.0,75.5,0.29,4.53,3.63,0.69,0.39
1997,120,23.16,26.03,21.18,63.77,0.01,4.52,3.58,0.53,0.39
1997,121,23.22,27.11,20.11,66.31,0.03,4.05,3.18,0.39,0.39
1997,122,23.44,28.7,19.31,67.13,0.01,4.96,3.96,0.08,0.39
1997,123,23.12,28.14,19.22,72.33,0.01,5.58,4.46,0.14,0.39
1997,124,22.53,27.64,18.23,69.04,0.01,5.61,4.48,0.05,0.39
1997,125,22.51,27.71,18.53,71.44,0.1,5.61,4.49,0.29,0.39
1997,126,23.04,28.75,18.39,68.11,0.43,5.73,4.53,0.68,0.39
1997,127,24.44,30.36,19.17,63.6,0.0,6.68,5.15,0.14,0.39
1997,128,25.3,31.03,20.06,62.89,0.04,5.77,4.48,0.2,0.39
1997,129,25.52,31.08,20.98,65.15,0.75,6.94,5.32,0.96,0.39
1997,130,23.31,27.45,20.25,71.36,5.06,5.87,4.6,1.0,0.39
1997,131,23.52,27.51,20.64,71.12,7.22,5.83,4.46,0.57,0.4
1997,132,24.01,28.93,20.49,70.55,4.66,4.83,3.64,0.74,0.41
1997,133,23.01,26.36,20.11,77.07,0.42,4.11,3.22,0.51,0.41
1997,134,23.34,27.7,19.97,78.47,2.36,5.29,4.14,0.62,0.41
1997,135,23.33,26.36,21.39,78.75,5.08,6.95,5.41,0.7,0.41
1997,136,22.62,26.65,19.68,75.67,5.98,5.88,4.65,0.45,0.43
1997,137,21.07,25.85,17.14,69.46,0.17,7.02,5.55,0.04,0.42
1997,138,21.9,27.82,16.84,66.33,0.04,6.75,5.31,0.05,0.42
1997,139,22.75,28.65,17.96,64.54,0.0,5.24,4.05,0.29,0.42
1997,140,23.91,29.66,19.28,69.78,8.26,4.74,3.67,0.92,0.42
1997,141,24.26,29.23,19.76,68.67,0.0,2.6,1.99,0.34,0.43
1997,142,23.76,28.94,19.29,72.5,0.0,3.46,2.73,0.25,0.42
1997,143,23.85,29.34,19.77,71.0,0.0,2.56,1.98,0.3,0.42
1997,144,23.83,29.35,20.11,70.73,0.0,2.85,2.17,0.09,0.42
1997,145,23.34,28.54,19.88,77.61,0.0,3.03,2.37,0.4,0.41
1997,146,23.24,27.84,19.21,73.14,0.0,2.49,1.88,0.33,0.41
1997,147,23.83,28.71,19.88,71.97,0.0,4.56,3.51,0.83,0.41
1997,148,23.39,28.81,18.89,72.56,0.0,3.3,2.49,0.22,0.41
1997,149,23.8,28.1,20.01,78.76,0.01,3.32,2.62,0.41,0.41
1997,150,22.92,25.28,21.47,76.01,0.09,4.54,3.63,0.93,0.41
1997,151,23.57,27.06,21.33,68.26,0.06,2.13,1.71,0.75,0.41
1997,152,23.91,28.08,21.15,70.4,0.22,3.53,2.81,0.39,0.4
1997,153,22.88,27.05,19.79,74.09,0.0,4.41,3.52,0.52,0.4
1997,154,22.15,25.97,19.11,68.18,0.01,5.84,4.65,0.2,0.4
1997,155,22.77,27.26,19.14,65.9,0.0,6.54,5.18,0.15,0.4
1997,156,24.07,29.54,19.54,65.28,0.01,4.0,3.14,0.96,0.4
1997,157,24.14,29.32,20.18,69.75,0.06,3.54,2.76,0.61,0.4
1997,158,23.47,27.63,20.35,75.17,0.08,2.74,2.15,0.03,0.4
1997,159,23.47,28.47,19.43,74.81,0.01,3.06,2.41,0.02,0.4
1997,160,23.81,29.04,19.88,75.51,0.0,3.12,2.47,0.45,0.4
1997,161,23.41,28.59,19.49,72.07,0.0,2.63,2.04,0.1,0.4
1997,162,23.39,29.4,18.86,69.32,0.0,2.68,2.11,0.12,0.4
1997,163,23.91,29.54,19.47,67.44,0.0,2.27,1.71,0.38,0.4
1997,164,25.11,30.0,21.11,61.55,0.0,2.36,1.81,0.25,0.39
1997,165,24.64,30.12,20.19,61.63,0.0,3.21,2.53,0.33,0.39
1997,166,24.53,29.76,19.78,66.71,0.0,2.67,2.1,0.29,0.39
1997,167,24.8,29.65,20.08,60.51,0.0,3.52,2.81,0.35,0.39
1997,168,24.42,29.33,20.75,65.8,0.0,3.37,2.65,0.81,0.39
1997,169,24.89,30.24,19.99,62.17,0.0,4.64,3.65,0.08,0.39
1997,170,24.02,29.86,19.76,62.04,0.0,6.21,4.92,0.1,0.39
1997,171,21.93,26.75,18.39,69.68,0.01,6.12,4.91,0.16,0.39
1997,172,22.82,28.33,17.62,65.29,0.0,5.49,4.37,0.11,0.39
1997,173,23.74,29.96,18.57,61.15,0.0,3.95,3.11,0.12,0.39
1997,174,23.89,29.79,18.93,60.99,0.0,3.5,2.75,0.1,0.39
1997,175,23.6,29.66,18.36,60.97,0.0,3.54,2.78,0.09,0.39
1997,176,24.33,29.88,19.9,61.41,0.0,3.69,2.93,0.13,0.39
1997,177,24.11,28.68,20.34,65.52,0.0,2.66,2.14,0.2,0.39
1997,178,24.39,29.28,20.52,64.86,0.02,4.16,3.33,0.18,0.39
1997,179,25.15,30.44,19.98,58.84,0.0,3.51,2.76,0.09,0.39
1997,180,24.3,29.07,20.15,64.67,0.01,4.71,3.72,0.78,0.39
1997,181,24.0,27.66,20.29,59.86,0.33,3.18,2.5,0.73,0.39
1997,182,24.24,30.31,19.01,58.88,0.0,3.81,3.01,0.46,0.39
1997,183,24.81,30.09,20.86,58.86,0.0,4.02,3.21,0.21,0.39
1997,184,23.46,28.93,19.67,59.11,0.0,4.38,3.49,0.11,0.38
1997,185,22.34,26.83,18.97,70.04,0.1,5.8,4.65,0.1,0.38
1997,186,21.68,26.9,17.02,69.9,0.01,5.26,4.23,0.06,0.38
1997,187,20.98,25.0,17.32,67.99,0.86,9.25,7.28,0.87,0.39
1997,188,19.59,23.99,16.7,63.49,0.08,9.01,7.11,0.35,0.39
1997,189,20.12,25.7,15.85,61.55,0.01,8.15,6.43,0.02,0.38
1997,190,20.24,26.45,15.08,59.28,0.0,7.3,5.78,0.02,0.38
1997,191,20.78,27.4,15.24,62.67,0.0,6.86,5.39,0.02,0.38
1997,192,21.43,27.86,15.37,61.01,0.01,5.56,4.36,0.16,0.38
1997,193,21.98,27.17,17.37,62.02,0.0,5.0,3.99,0.41,0.38
1997,194,22.34,27.26,17.89,57.65,0.0,4.71,3.74,0.13,0.38
1997,195,22.69,28.63,17.18,62.82,0.01,5.99,4.72,0.14,0.38
1997,196,22.36,28.27,17.0,60.2,0.0,5.21,4.13,0.47,0.38
1997,197,21.97,27.92,16.1,62.28,0.0,4.22,3.37,0.1,0.38
1997,198,22.58,27.73,18.16,65.78,0.0,4.11,3.28,0.11,0.38
1997,199,22.71,27.84,19.17,68.72,0.24,5.87,4.65,0.03,0.38
1997,200,23.12,28.61,18.14,65.8,0.1,4.66,3.72,0.11,0.38
1997,201,22.42,27.33,18.17,65.31,0.0,4.55,3.63,0.12,0.38
1997,202,22.19,27.05,18.28,70.48,0.0,3.01,2.37,0.03,0.38
1997,203,22.26,26.7,19.46,74.71,0.0,4.29,3.43,0.18,0.38
1997,204,22.19,27.83,17.91,69.53,0.0,5.11,4.03,0.12,0.38
1997,205,22.39,28.82,17.23,61.55,0.0,3.91,3.09,0.09,0.38
1997,206,21.93,27.68,17.31,70.01,0.0,2.73,2.2,0.12,0.38
1997,207,22.28,27.69,17.62,69.52,0.0,5.03,4.0,0.13,0.38
1997,208,22.73,28.69,17.68,62.05,0.0,6.1,4.8,0.04,0.38
1997,209,22.26,28.28,17.08,61.02,0.0,4.35,3.46,0.06,0.38
1997,210,22.18,26.92,18.68,64.78,0.0,3.79,3.09,0.06,0.38
1997,211,22.09,27.42,17.99,66.53,0.04,7.18,5.7,0.67,0.38
1997,212,21.9,26.53,18.06,61.75,0.03,7.27,5.79,0.63,0.38
1997,213,22.29,27.75,16.72,56.36,0.74,4.61,3.73,0.36,0.38
1997,214,21.18,24.52,18.11,65.27,2.95,5.07,4.06,0.36,0.38
1997,215,20.67,24.11,17.52,72.8,0.03,3.88,3.04,0.17,0.38
1997,216,21.71,26.07,17.86,70.99,0.0,3.93,3.11,0.44,0.38
1997,217,22.5,28.16,18.09,68.06,0.0,3.1,2.45,0.05,0.38
1997,218,23.08,28.62,18.57,68.93,0.0,2.52,1.95,0.08,0.38
1997,219,23.74,28.57,21.1,70.92,0.21,4.64,3.65,0.73,0.38
1997,220,22.34,26.48,18.93,69.24,0.07,7.25,5.71,0.76,0.38
1997,221,21.53,27.55,16.95,57.76,0.0,8.53,6.73,0.06,0.38
1997,222,21.64,29.3,15.05,55.59,0.0,4.47,3.55,0.06,0.38
1997,223,21.66,27.56,16.53,58.99,0.0,3.93,3.11,0.05,0.38
1997,224,22.35,29.29,16.5,53.48,0.0,4.48,3.51,0.06,0.38
1997,225,22.28,27.82,16.9,58.27,0.0,5.51,4.39,0.08,0.38
1997,226,22.04,27.89,17.3,57.87,0.0,5.28,4.19,0.07,0.38
1997,227,21.72,27.69,16.46,64.01,0.0,6.14,4.92,0.11,0.38
1997,228,22.48,29.21,16.86,62.1,0.0,4.52,3.61,0.1,0.38
1997,229,22.68,28.34,18.41,64.34,0.0,3.8,3.0,0.11,0.37
1997,230,22.39,27.56,18.73,71.81,0.02,2.99,2.44,0.26,0.37
1997,231,21.9,28.7,16.31,64.53,0.0,4.61,3.68,0.12,0.37
1997,232,23.2,30.41,17.94,57.18,0.0,4.07,3.18,0.08,0.37
1997,233,22.77,30.08,17.45,63.65,0.0,3.82,3.01,0.14,0.37
1997,234,22.17,28.0,18.41,68.58,0.0,3.39,2.75,0.1,0.37
1997,235,21.46,26.47,18.31,67.24,0.0,6.13,4.93,0.15,0.37
1997,236,22.42,28.67,16.75,60.92,0.0,8.0,6.35,0.08,0.37
1997,237,24.41,30.52,18.37,56.31,0.0,5.36,4.21,0.3,0.37
1997,238,24.38,30.13,18.98,56.04,0.0,4.46,3.57,0.68,0.37
1997,239,25.54,30.91,19.87,56.26,0.05,4.03,3.19,0.09,0.37
1997,240,25.46,30.97,20.6,58.65,0.04,5.12,4.1,0.26,0.37
1997,241,24.88,30.45,19.41,52.28,0.0,5.91,4.68,0.08,0.37
1997,242,24.28,30.75,18.4,53.05,0.0,4.91,3.85,0.07,0.37
1997,243,23.94,30.29,18.79,52.45,0.0,4.73,3.78,0.09,0.37
1997,244,23.51,29.39,18.63,56.23,0.0,4.41,3.53,0.32,0.37
1997,245,23.74,29.28,19.28,52.78,0.0,4.23,3.38,0.65,0.37
1997,246,23.95,29.69,18.86,56.13,0.0,3.45,2.75,0.15,0.37
1997,247,24.94,31.04,20.13,53.25,0.0,4.59,3.63,0.32,0.37
1997,248,24.86,30.99,19.24,48.96,0.0,6.3,4.98,0.22,0.37
1997,249,24.73,31.12,18.61,52.48,0.0,4.77,3.8,0.1,0.37
1997,250,23.67,30.1,18.36,54.88,0.0,4.84,3.88,0.08,0.37
1997,251,23.73,29.69,18.62,58.61,0.0,3.85,3.09,0.1,0.37
1997,252,23.69,29.78,19.74,63.95,0.0,8.05,6.43,0.21,0.37
1997,253,24.35,30.44,19.47,58.65,0.23,10.3,8.1,0.61,0.37
1997,254,25.13,30.87,19.8,56.04,0.84,6.33,4.95,0.68,0.37
1997,255,24.96,29.59,21.07,56.49,0.79,6.23,4.95,0.98,0.37
1997,256,24.02,30.16,18.76,51.09,0.0,7.73,6.11,0.21,0.37
1997,257,23.81,30.16,17.41,52.55,0.01,6.62,5.26,0.41,0.37
1997,258,23.07,27.81,17.83,54.57,0.0,4.75,3.84,0.43,0.37
1997,259,23.65,27.88,20.51,65.94,0.39,4.41,3.57,0.96,0.37
1997,260,24.15,28.89,21.07,66.89,0.04,3.11,2.55,0.55,0.37
1997,261,23.81,28.78,20.41,73.0,0.24,3.89,3.2,0.57,0.37
1997,262,22.94,26.67,20.48,68.37,0.0,3.57,2.91,0.28,0.37
1997,263,23.96,28.89,20.84,69.09,0.0,3.49,2.86,0.85,0.37
1997,264,24.96,31.13,19.67,59.44,0.0,4.98,4.01,0.29,0.37
1997,265,26.27,32.79,21.2,55.61,0.0,4.54,3.62,0.67,0.37
1997,266,26.85,33.89,21.41,49.74,0.0,3.97,3.09,0.08,0.36
1997,267,27.03,33.92,21.42,49.58,0.0,3.93,3.08,0.34,0.36
1997,268,25.97,30.21,23.26,68.34,0.05,4.9,3.89,1.0,0.36
1997,269,24.17,28.45,20.43,64.81,0.0,7.69,6.2,0.49,0.36
1997,270,24.65,32.3,17.61,50.47,0.0,7.19,5.73,0.02,0.36
1997,271,25.3,31.38,19.23,50.73,0.0,4.5,3.62,0.02,0.36
1997,272,24.79,30.58,19.64,60.0,0.0,4.63,3.76,0.01,0.36
1997,273,25.03,31.65,19.25,62.17,0.01,8.14,6.45,0.02,0.36
1997,274,25.91,32.76,20.16,58.62,0.03,8.52,6.74,0.01,0.36
1997,275,26.13,31.95,20.13,55.28,0.05,9.37,7.39,0.11,0.36
1997,276,26.88,34.01,21.1,52.55,0.0,5.11,4.07,0.23,0.36
1997,277,25.75,32.29,20.43,52.07,0.0,5.25,4.23,0.0,0.36
1997,278,25.36,31.37,20.75,60.76,0.0,3.66,2.97,0.24,0.36
1997,279,25.77,32.23,20.95,64.47,0.0,2.95,2.4,0.32,0.36
1997,280,26.56,33.68,21.04,61.79,0.0,3.46,2.77,0.0,0.36
1997,281,27.11,34.09,22.54,61.45,0.33,3.9,3.1,0.22,0.36
1997,282,27.29,32.65,21.98,62.56,0.08,6.37,5.06,0.06,0.36
1997,283,27.62,32.91,22.08,58.5,0.01,5.67,4.55,1.0,0.36
1997,284,27.75,32.37,24.32,58.12,4.52,4.01,3.14,1.0,0.36
1997,285,26.13,30.62,23.05,69.83,2.04,4.86,3.96,0.57,0.37
1997,286,25.42,30.12,22.16,72.14,0.04,5.0,4.06,0.59,0.37
1997,287,26.15,31.35,22.01,65.99,0.06,6.9,5.58,0.6,0.37
1997,288,25.62,30.72,21.86,68.77,0.15,7.52,6.06,0.59,0.37
1997,289,21.73,26.61,16.93,62.53,0.03,11.65,9.22,0.78,0.37
1997,290,20.7,25.88,16.74,51.8,0.0,10.81,8.58,0.48,0.37
1997,291,20.43,23.7,17.76,66.68,2.42,9.03,7.2,1.0,0.37
1997,292,22.82,27.8,18.54,66.37,2.24,7.5,5.98,0.9,0.37
1997,293,24.86,30.68,18.94,59.93,0.48,4.02,3.26,0.46,0.37
1997,294,25.74,31.06,21.96,64.42,0.04,5.09,4.07,0.65,0.37
1997,295,25.75,30.9,22.93,68.0,0.04,4.41,3.54,0.29,0.37
1997,296,26.04,31.87,23.2,68.05,0.14,4.16,3.36,0.4,0.37
1997,297,25.37,28.95,22.97,66.21,2.05,4.85,3.95,0.99,0.37
1997,298,26.02,31.42,20.69,63.0,0.0,5.41,4.4,0.34,0.37
1997,299,26.54,31.88,22.09,61.1,0.0,3.9,3.18,0.15,0.37
1997,300,26.75,31.54,22.86,63.97,0.01,4.19,3.34,0.32,0.37
1997,301,26.4,31.31,22.27,67.21,0.12,7.5,5.98,0.76,0.37
1997,302,24.79,29.26,20.47,53.2,0.0,10.22,8.05,0.35,0.37
1997,303,24.9,30.13,20.68,52.23,0.17,5.24,4.16,1.0,0.37
1997,304,26.57,33.0,19.11,48.77,0.0,6.23,4.94,0.11,0.37
1997,305,26.64,32.81,20.71,51.87,0.0,5.38,4.31,0.18,0.36
1997,306,27.5,33.72,21.88,53.09,0.0,5.16,4.13,0.6,0.36
1997,307,28.17,34.22,23.47,54.85,0.0,4.67,3.74,0.56,0.36
1997,308,28.24,33.89,23.54,56.0,0.0,5.53,4.42,0.22,0.36
1997,309,27.06,33.42,20.29,53.96,0.0,7.04,5.65,0.01,0.36
1997,310,27.18,33.2,22.85,57.74,0.0,4.3,3.46,0.21,0.36
1997,311,25.92,30.98,22.0,66.39,0.0,4.2,3.41,0.19,0.36
1997,312,25.44,31.7,21.11,61.65,0.0,4.32,3.52,0.03,0.36
1997,313,27.12,34.62,21.44,58.81,0.0,4.38,3.52,0.04,0.36
1997,314,27.23,33.18,22.07,64.3,0.0,4.67,3.73,0.43,0.36
1997,315,28.63,33.67,24.67,59.8,0.09,5.42,4.34,0.79,0.36
1997,316,28.45,33.08,24.75,59.15,0.42,7.35,5.86,0.79,0.36
1997,317,28.09,33.16,22.89,56.17,0.6,5.89,4.72,1.0,0.36
1997,318,28.16,32.49,24.53,57.16,0.12,4.36,3.52,1.0,0.36
1997,319,27.31,32.18,23.69,59.51,0.0,3.45,2.8,0.82,0.36
1997,320,28.0,33.13,24.04,59.97,0.07,2.86,2.33,0.98,0.36
1997,321,29.02,35.37,24.89,62.4,2.43,3.82,3.05,1.0,0.36
1997,322,27.26,29.99,24.64,66.97,8.07,4.32,3.53,1.0,0.37
1997,323,24.53,26.75,22.11,76.62,14.68,5.63,4.54,1.0,0.39
1997,324,23.53,26.94,20.99,63.57,0.12,6.37,5.13,0.75,0.4
1997,325,24.42,29.87,20.48,54.91,0.0,2.65,2.14,0.22,0.39
1997,326,26.31,33.03,20.39,60.31,0.01,6.42,5.03,0.05,0.39
1997,327,26.11,30.38,22.45,73.41,1.83,3.87,3.11,0.77,0.39
1997,328,26.5,29.58,24.24,73.68,2.11,6.06,4.74,0.98,0.39
1997,329,25.9,28.78,23.42,75.71,5.95,6.09,4.79,1.0,0.39
1997,330,25.82,28.57,23.98,78.29,4.77,3.29,2.64,1.0,0.4
1997,331,26.41,30.38,23.33,75.08,1.05,3.06,2.48,0.75,0.4
1997,332,26.15,28.65,24.28,73.29,1.25,3.49,2.85,0.98,0.4
1997,333,26.3,30.83,22.86,71.07,3.39,4.18,3.37,0.74,0.4
1997,334,26.25,30.17,22.94,70.73,1.78,3.65,2.97,0.78,0.4
1997,335,24.49,27.96,20.73,77.71,4.27,4.8,3.88,0.8,0.4
1997,336,24.21,29.74,19.8,68.64,0.0,2.9,2.38,0.18,0.4
1997,337,25.57,31.0,19.88,72.01,0.0,3.5,2.78,0.78,0.4
1997,338,27.07,31.13,23.62,71.03,0.0,4.13,3.31,0.62,0.39
1997,339,28.06,32.85,23.15,63.98,0.0,5.92,4.75,0.44,0.39
1997,340,28.99,33.39,24.55,62.21,0.0,5.1,4.05,0.74,0.39
1997,341,28.26,34.01,24.11,67.59,1.54,4.16,3.34,0.32,0.39
1997,342,26.55,30.4,23.19,66.28,0.08,3.67,2.99,0.69,0.39
1997,343,26.58,30.42,23.79,64.44,6.7,3.48,2.86,1.0,0.39
1997,344,27.27,31.76,22.85,65.15,1.12,6.2,4.99,0.08,0.4
1997,345,27.98,33.56,22.23,58.79,0.0,6.47,5.17,0.17,0.39
1997,346,27.88,33.96,22.22,60.58,0.0,7.53,5.98,0.44,0.39
1997,347,29.71,35.81,22.95,53.63,0.4,6.3,4.87,0.1,0.39
1997,348,29.02,35.0,23.79,55.02,0.0,5.61,4.45,0.06,0.39
1997,349,29.5,35.08,24.27,52.09,0.0,4.68,3.71,0.04,0.38
1997,350,29.74,36.15,24.54,55.78,0.0,4.82,3.81,0.25,0.38
1997,351,29.47,34.78,25.36,63.57,0.01,4.27,3.43,0.38,0.38
1997,352,29.55,33.5,25.81,58.15,0.06,4.4,3.54,0.8,0.38
1997,353,28.11,33.54,23.98,63.18,0.02,8.81,6.95,0.78,0.38
1997,354,29.1,34.47,23.4,58.62,0.03,6.67,5.28,0.38,0.38
1997,355,29.72,36.25,25.91,53.02,0.0,5.45,4.25,0.53,0.38
1997,356,28.61,33.08,24.6,64.57,0.79,4.42,3.57,0.39,0.38
1997,357,28.32,32.7,24.98,68.12,0.56,3.84,3.13,0.4,0.38
1997,358,28.31,32.14,24.27,66.01,0.66,2.89,2.35,0.54,0.38
1997,359,28.93,34.0,25.65,64.6,1.03,3.14,2.53,0.8,0.38
1997,360,28.33,32.78,25.26,70.32,1.45,3.7,2.99,0.8,0.38
1997,361,27.59,31.52,24.45,65.83,1.6,4.39,3.57,0.36,0.38
1997,362,26.89,32.25,22.1,60.38,0.0,5.95,4.82,0.27,0.38
1997,363,27.7,32.52,22.15,55.31,0.0,6.71,5.39,0.2,0.38
1997,364,28.0,33.16,23.22,60.77,2.33,7.48,5.96,0.77,0.38
1997,365,29.18,34.49,23.95,60.76,5.0,3.98,3.14,0.39,0.39
1998,1,28.53,33.6,24.99,67.74,1.87,4.28,3.42,0.57,0.39
1998,2,28.22,32.23,24.41,66.23,2.53,3.84,3.12,0.24,0.39
1998,3,28.53,32.2,25.35,68.38,1.49,4.34,3.39,0.59,0.39
1998,4,28.12,32.88,24.21,66.59,3.38,6.22,4.97,0.57,0.39
1998,5,27.24,31.56,23.83,71.45,4.02,4.06,3.29,0.22,0.39
1998,6,26.97,30.56,24.14,67.18,1.89,3.56,2.86,0.28,0.39
1998,7,27.9,32.13,24.24,69.39,3.56,3.42,2.74,0.26,0.39
1998,8,29.38,33.48,25.26,66.85,1.22,3.49,2.77,0.48,0.39
1998,9,29.92,33.48,27.19,66.51,0.51,2.63,2.1,0.37,0.39
1998,10,29.27,32.58,27.0,71.24,4.36,2.81,2.26,0.42,0.39
1998,11,28.67,31.51,26.27,75.17,3.64,6.06,4.79,0.59,0.4
1998,12,30.1,35.36,25.06,66.16,0.44,5.4,4.34,1.0,0.4
1998,13,30.67,36.37,26.86,62.25,1.51,5.28,4.17,0.42,0.39
1998,14,30.61,35.52,27.27,65.53,2.72,3.45,2.79,0.48,0.39
1998,15,31.37,37.04,27.02,59.81,0.83,4.64,3.7,0.09,0.39
1998,16,30.94,35.99,27.13,61.17,0.83,4.11,3.32,0.18,0.39
1998,17,30.93,36.74,26.05,54.19,0.82,3.89,3.13,0.33,0.39
1998,18,31.19,36.49,27.33,56.88,0.43,4.13,3.31,0.96,0.39
1998,19,31.42,36.88,27.71,54.64,0.05,4.14,3.32,0.8,0.38
1998,20,29.16,31.21,27.1,64.19,1.14,2.86,2.36,0.8,0.38
1998,21,28.43,30.62,26.39,75.89,5.13,5.24,4.18,1.0,0.39
1998,22,28.93,31.75,27.06,79.31,8.33,8.42,6.55,0.99,0.4
1998,23,28.96,32.57,26.04,70.41,0.2,5.33,4.3,0.46,0.4
1998,24,28.04,32.62,24.6,66.15,0.09,3.56,2.86,0.35,0.4
1998,25,28.73,32.64,24.54,63.96,0.17,5.32,4.26,0.29,0.39
1998,26,28.87,32.81,25.81,69.11,4.54,4.32,3.46,0.64,0.39
1998,27,28.11,30.24,26.39,80.69,2.25,3.78,3.09,0.54,0.4
1998,28,29.56,34.27,26.22,74.81,3.4,3.13,2.52,0.14,0.4
1998,29,29.97,33.5,27.27,67.55,8.57,4.05,3.09,0.97,0.41
1998,30,28.8,32.81,26.26,77.55,7.44,3.41,2.72,0.78,0.42
1998,31,28.52,31.7,26.35,79.36,8.35,2.78,2.22,0.78,0.42
1998,32,27.46,31.15,25.64,83.32,36.71,3.16,2.56,1.0,0.45
1998,33,27.16,30.08,25.58,84.66,19.64,3.24,2.62,0.97,0.51
1998,34,27.57,30.73,25.4,82.15,18.87,3.8,3.04,0.76,0.53
1998,35,27.87,31.66,24.85,76.37,7.11,5.27,4.22,0.98,0.53
1998,36,27.84,32.23,24.75,73.67,0.15,7.22,5.7,0.53,0.52
1998,37,28.55,33.74,24.16,72.33,0.41,7.77,6.07,0.99,0.51
1998,38,29.19,33.69,25.41,77.99,9.97,6.97,5.4,1.0,0.5
1998,39,28.22,31.11,26.15,83.94,6.75,5.58,4.38,0.85,0.51
1998,40,28.53,31.47,26.46,81.68,2.28,5.14,4.13,0.46,0.51
1998,41,27.41,30.73,24.94,81.93,2.04,5.56,4.42,0.49,0.5
1998,42,28.41,33.23,24.79,77.8,2.3,4.93,3.84,0.52,0.5
1998,43,28.3,32.95,24.95,76.46,4.71,9.47,7.27,0.54,0.49
1998,44,27.88,32.72,24.36,73.22,1.54,9.73,7.46,0.69,0.49
1998,45,27.36,32.29,23.27,78.31,4.67,5.26,4.05,0.7,0.49
1998,46,27.81,31.33,24.78,82.28,24.18,3.97,3.06,1.0,0.51
1998,47,27.54,29.51,26.09,88.29,25.61,4.17,3.16,1.0,0.55
1998,48,27.36,29.58,25.91,89.96,14.2,6.05,4.67,1.0,0.58
1998,49,28.12,31.54,25.39,83.32,11.28,3.38,2.61,0.65,0.58
1998,50,28.4,32.84,24.9,81.59,6.6,5.42,4.15,0.46,0.57
1998,51,28.35,32.58,25.05,83.0,2.54,5.55,4.27,1.0,0.57
1998,52,28.78,32.44,25.62,80.05,1.47,4.23,3.28,0.94,0.56
1998,53,28.53,31.85,25.75,80.34,1.36,4.39,3.4,0.51,0.56
1998,54,29.21,33.85,24.89,76.97,1.05,3.61,2.83,0.12,0.55
1998,55,29.0,32.8,25.78,72.63,0.94,4.45,3.5,0.92,0.54
1998,56,27.78,32.52,24.57,75.83,0.8,8.04,6.3,0.24,0.53
1998,57,27.37,32.21,23.56,74.07,1.57,7.51,5.9,0.1,0.53
1998,58,28.26,32.99,23.87,72.57,1.02,4.28,3.41,0.09,0.52
1998,59,28.35,32.52,24.51,75.05,1.28,3.61,2.89,0.25,0.51
1998,60,28.79,32.34,26.27,73.61,1.67,2.77,2.24,0.3,0.51
1998,61,28.68,33.41,24.68,68.62,1.51,3.14,2.49,0.09,0.51
1998,62,28.78,33.9,24.24,68.34,2.81,3.68,2.94,0.28,0.5
1998,63,28.85,33.04,25.12,68.52,1.01,3.04,2.46,0.13,0.5
1998,64,29.03,33.82,24.93,65.04,1.13,3.02,2.4,0.16,0.49
1998,65,28.92,33.41,25.45,69.51,3.07,4.36,3.47,0.5,0.49
1998,66,29.32,33.99,25.51,68.92,6.24,3.5,2.78,0.15,0.49
1998,67,29.51,34.18,25.14,66.86,0.15,3.87,3.05,0.0,0.49
1998,68,29.03,33.96,24.6,67.14,0.04,4.23,3.38,0.06,0.48
1998,69,28.92,33.27,24.93,68.94,0.01,3.35,2.73,0.04,0.47
1998,70,28.01,33.58,23.09,66.47,0.06,4.27,3.44,0.03,0.47
1998,71,29.2,34.57,25.21,68.7,0.03,4.54,3.59,0.0,0.46
1998,72,28.97,33.61,26.03,69.26,0.01,3.6,2.88,0.66,0.46
1998,73,28.62,34.03,24.63,68.31,0.04,7.02,5.54,0.62,0.46
1998,74,29.64,35.34,24.8,65.38,0.0,4.05,3.25,0.25,0.45
1998,75,30.0,34.97,26.79,70.5,0.11,3.71,2.95,0.23,0.45
1998,76,29.52,34.21,26.58,71.93,0.31,3.57,2.88,0.04,0.44
1998,77,28.65,32.27,26.42,73.74,0.22,3.72,2.99,0.36,0.44
1998,78,27.88,32.18,24.66,68.71,0.02,7.05,5.6,0.37,0.44
1998,79,27.79,33.11,23.54,67.89,0.2,6.72,5.27,0.19,0.44
1998,80,28.17,32.52,24.14,70.2,0.18,4.13,3.23,0.45,0.43
1998,81,28.45,32.01,25.6,73.04,1.55,3.71,2.9,0.28,0.43
1998,82,27.65,29.66,26.05,79.45,2.82,2.65,2.12,0.66,0.44
1998,83,28.15,32.0,24.65,66.36,0.16,2.8,2.28,0.7,0.44
1998,84,29.02,33.89,25.07,68.36,1.08,3.69,2.96,0.07,0.43
1998,85,30.03,35.19,26.07,65.11,0.56,2.76,2.21,0.13,0.43
1998,86,29.98,35.15,25.51,64.0,0.0,3.44,2.74,0.11,0.43
1998,87,29.61,34.06,26.6,70.61,0.01,3.4,2.74,0.27,0.42
1998,88,28.71,32.68,26.16,71.49,0.0,4.37,3.48,0.48,0.42
1998,89,28.29,33.31,24.06,66.98,0.08,4.53,3.65,0.22,0.42
1998,90,29.61,35.8,24.49,64.66,0.02,3.89,3.09,0.29,0.42
1998,91,29.71,34.95,25.42,66.49,2.88,4.31,3.42,0.38,0.41
1998,92,29.0,33.49,26.33,73.92,4.79,3.5,2.8,0.63,0.42
1998,93,28.99,34.47,24.95,68.82,2.28,6.25,4.92,0.16,0.42
1998,94,28.91,34.11,24.89,71.07,0.93,4.45,3.56,0.31,0.42
1998,95,28.99,34.48,25.36,69.24,0.17,3.86,3.11,0.04,0.42
1998,96,29.64,35.52,24.32,62.05,0.01,4.49,3.54,0.12,0.41
1998,97,30.0,35.98,25.58,64.22,1.4,3.57,2.87,0.02,0.41
1998,98,29.63,35.41,25.14,62.67,0.08,4.33,3.45,0.12,0.41
1998,99,29.47,34.46,25.58,61.51,0.01,3.1,2.49,0.16,0.41
1998,100,28.41,34.22,23.14,65.75,6.76,3.78,3.05,0.11,0.41
1998,101,28.54,33.4,24.54,64.39,0.22,3.91,3.12,0.27,0.42
1998,102,28.73,33.81,24.69,62.6,0.12,2.98,2.38,0.15,0.41
1998,103,28.52,33.58,24.56,64.73,0.02,3.87,3.11,0.23,0.41
1998,104,27.29,30.94,24.97,70.73,1.01,2.74,2.22,0.74,0.41
1998,105,26.29,30.18,23.48,70.59,0.29,5.93,4.75,0.43,0.41
1998,106,24.85,30.13,21.51,67.42,0.22,10.18,7.91,0.28,0.41
1998,107,23.35,28.24,20.15,56.07,0.01,11.47,8.85,0.01,0.41
1998,108,22.74,28.62,18.21,56.61,0.0,9.33,7.29,0.02,0.4
1998,109,22.97,29.07,17.54,60.72,0.0,8.16,6.41,0.03,0.4
1998,110,24.11,30.65,18.56,60.56,0.0,7.78,6.06,0.07,0.4
1998,111,24.93,31.05,19.06,59.79,0.02,5.24,4.08,0.44,0.4
1998,112,25.06,30.84,19.84,65.84,0.0,4.6,3.67,0.09,0.4
1998,113,26.68,32.64,21.11,59.49,0.0,3.83,2.96,0.06,0.4
1998,114,27.11,33.33,21.4,63.82,0.05,4.05,3.21,0.05,0.4
1998,115,27.73,34.06,22.66,64.82,0.0,3.88,3.05,0.14,0.4
1998,116,27.26,32.4,23.45,70.86,0.01,3.46,2.75,0.55,0.4
1998,117,26.79,31.89,23.35,73.18,4.74,2.72,2.14,0.5,0.4
1998,118,25.2,28.34,23.15,78.25,7.24,4.67,3.77,0.63,0.41
1998,119,25.08,29.04,21.38,73.62,0.35,3.64,2.96,0.5,0.41
1998,120,27.31,32.42,23.37,64.1,1.31,5.45,4.16,0.05,0.41
1998,121,27.31,33.14,22.27,65.0,0.06,4.09,3.2,0.09,0.41
1998,122,27.02,32.39,22.64,61.86,0.0,3.47,2.78,0.0,0.41
1998,123,25.91,31.45,21.54,58.07,0.0,3.68,2.92,0.0,0.4
1998,124,25.36,30.81,20.59,61.98,0.0,3.52,2.8,0.0,0.4
1998,125,25.68,30.85,21.71,66.45,0.03,3.71,2.94,0.0,0.4
1998,126,25.84,31.21,21.43,66.86,0.0,3.39,2.72,0.0,0.4
1998,127,26.44,32.54,21.82,61.93,0.0,3.69,2.91,0.0,0.4
1998,128,26.28,31.83,22.17,60.98,0.0,2.89,2.24,0.0,0.4
1998,129,25.83,30.87,21.8,69.28,0.0,4.85,3.78,0.18,0.4
1998,130,26.67,32.3,22.26,68.73,0.0,8.33,6.44,0.0,0.4
1998,131,26.3,29.29,23.98,78.65,9.9,7.31,5.66,0.37,0.4
1998,132,24.64,27.58,21.94,65.66,0.81,4.51,3.51,0.05,0.41
1998,133,23.62,27.42,20.78,63.95,0.38,5.12,3.99,0.18,0.41
1998,134,23.49,26.59,21.54,72.06,0.51,4.49,3.54,0.23,0.41
1998,135,23.06,26.15,20.8,71.58,0.07,2.9,2.36,0.44,0.41
1998,136,22.32,25.05,20.39,69.07,0.31,3.66,2.86,0.09,0.4
1998,137,22.8,26.23,20.26,68.49,0.02,2.86,2.28,0.08,0.4
1998,138,24.16,29.35,19.32,67.04,0.0,2.72,2.12,0.0,0.4
1998,139,25.34,29.92,22.35,66.54,0.2,3.24,2.57,0.17,0.4
1998,140,24.9,29.27,20.89,71.39,0.0,4.41,3.51,0.02,0.4
1998,141,25.75,31.1,20.8,67.05,0.09,4.43,3.56,0.11,0.4
1998,142,24.91,29.3,21.78,70.28,0.03,4.2,3.38,0.0,0.4
1998,143,23.57,28.25,19.94,72.78,0.0,3.4,2.71,0.05,0.4
1998,144,23.46,28.03,20.04,72.68,0.07,4.91,3.95,0.14,0.4
1998,145,21.91,26.41,18.38,75.49,0.01,4.61,3.69,0.2,0.39
1998,146,21.21,25.35,17.4,73.22,0.17,3.93,3.1,0.33,0.39
1998,147,21.84,26.65,17.71,64.64,0.08,4.34,3.44,0.25,0.39
1998,148,24.13,30.48,18.12,62.52,0.0,4.54,3.59,0.01,0.39
1998,149,25.69,31.54,20.88,58.97,0.0,5.03,3.91,0.0,0.39
1998,150,24.57,30.1,20.05,60.72,0.0,3.97,3.14,0.07,0.39
1998,151,25.55,31.07,20.95,61.39,0.02,4.4,3.43,0.04,0.39
1998,152,25.43,30.99,20.55,57.98,0.0,4.71,3.66,0.0,0.39
1998,153,24.0,29.48,19.72,70.47,0.01,4.39,3.48,0.09,0.39
1998,154,23.7,28.25,20.9,71.52,0.14,2.78,2.23,0.01,0.39
1998,155,23.59,28.84,19.18,65.93,0.0,3.04,2.41,0.03,0.39
1998,156,24.03,29.68,19.1,60.94,0.0,4.14,3.28,0.08,0.39
1998,157,23.1,28.16,19.22,65.69,0.0,2.84,2.22,0.11,0.39
1998,158,23.46,27.61,19.93,73.53,0.89,6.52,5.09,0.31,0.39
1998,159,22.75,25.64,19.29,62.01,0.16,6.6,5.24,0.64,0.39
1998,160,20.55,24.62,17.75,59.28,0.0,6.41,5.09,0.38,0.39
1998,161,20.22,25.61,15.71,61.24,0.0,6.26,4.97,0.11,0.39
1998,162,20.75,26.49,15.41,63.83,0.07,6.41,5.12,0.06,0.39
1998,163,22.05,27.73,17.38,69.52,0.13,6.67,5.3,0.26,0.39
1998,164,22.59,28.11,18.45,69.32,4.06,7.64,5.99,0.19,0.39
1998,165,23.02,28.66,18.21,64.66,1.24,5.64,4.38,0.15,0.39
1998,166,22.74,28.2,18.34,69.23,0.09,4.45,3.52,0.13,0.39
1998,167,21.88,27.92,17.48,71.68,0.0,5.29,4.21,0.04,0.39
1998,168,20.44,25.42,16.8,71.69,0.07,6.85,5.42,0.54,0.39
1998,169,19.96,25.72,15.49,64.69,0.02,6.84,5.4,0.07,0.39
1998,170,19.78,25.82,14.49,67.42,0.0,4.0,3.15,0.06,0.39
1998,171,20.38,26.06,15.89,69.73,0.0,4.55,3.57,0.08,0.39
1998,172,21.38,27.78,16.06,64.64,0.06,6.49,5.03,0.07,0.39
1998,173,21.02,27.45,15.36,61.53,0.01,3.86,3.05,0.06,0.39
1998,174,22.26,28.64,16.72,57.98,0.0,3.21,2.49,0.07,0.39
1998,175,22.95,29.12,17.53,61.39,0.0,4.74,3.63,0.06,0.39
1998,176,22.59,28.37,17.16,63.8,0.0,4.15,3.27,0.07,0.39
1998,177,23.61,28.88,18.76,62.34,0.0,5.2,3.99,0.03,0.39
1998,178,22.46,27.76,18.56,71.44,0.0,5.28,4.15,0.17,0.38
1998,179,21.87,25.55,19.31,73.12,0.05,5.35,4.23,0.41,0.38
1998,180,20.15,24.97,16.4,65.83,0.08,8.21,6.49,0.04,0.38
1998,181,20.67,26.49,16.1,63.38,0.0,7.8,6.16,0.03,0.38
1998,182,21.61,27.76,16.25,61.35,0.0,6.35,4.97,0.01,0.38
1998,183,21.55,27.55,16.14,59.29,0.0,4.51,3.59,0.05,0.38
1998,184,21.83,27.41,17.47,59.26,0.0,4.56,3.57,0.04,0.38
1998,185,21.72,27.18,17.16,65.74,0.76,4.04,3.16,0.04,0.38
1998,186,21.96,26.23,18.61,70.08,0.89,3.88,3.1,0.12,0.38
1998,187,21.86,27.76,17.06,65.77,0.0,5.29,4.21,0.01,0.38
1998,188,21.91,28.09,16.77,60.25,0.0,4.19,3.3,0.02,0.38
1998,189,22.45,28.22,18.17,60.62,0.0,4.26,3.36,0.01,0.38
1998,190,22.63,29.07,18.0,59.73,0.0,3.37,2.61,0.01,0.38
1998,191,22.74,28.34,18.25,63.76,0.0,4.45,3.51,0.01,0.38
1998,192,22.06,26.82,18.97,71.7,0.74,8.45,6.66,0.01,0.38
1998,193,20.61,24.8,17.79,69.46,0.26,8.04,6.39,0.03,0.38
1998,194,20.43,25.21,16.8,65.53,0.0,7.33,5.85,0.0,0.38
1998,195,21.91,27.52,16.7,63.4,0.05,7.4,5.85,0.01,0.38
1998,196,22.89,28.5,18.98,61.17,0.46,7.38,5.76,0.31,0.38
1998,197,23.37,29.1,18.13,60.29,0.03,5.47,4.25,0.24,0.38
1998,198,23.0,28.5,17.63,58.41,0.01,4.9,3.89,0.52,0.38
1998,199,22.6,28.19,17.79,54.76,0.01,6.38,5.01,0.29,0.38
1998,200,22.42,28.87,16.76,59.44,0.02,4.91,3.91,0.0,0.38
1998,201,21.84,27.55,17.33,58.42,0.0,4.39,3.49,0.0,0.38
1998,202,21.86,28.36,16.73,57.68,0.0,3.95,3.1,0.02,0.38
1998,203,21.99,28.85,16.8,62.31,0.0,4.87,3.86,0.02,0.38
1998,204,21.85,27.25,17.92,71.54,0.01,7.28,5.77,0.04,0.38
1998,205,20.71,25.52,17.46,63.43,0.01,8.47,6.71,0.05,0.38
1998,206,20.22,26.16,15.06,59.77,0.0,8.49,6.71,0.04,0.38
1998,207,21.0,27.82,14.63,57.4,0.0,4.84,3.87,0.01,0.38
1998,208,21.76,27.52,16.53,55.58,0.0,4.21,3.36,0.01,0.38
1998,209,21.69,27.73,16.58,56.69,0.0,3.84,3.05,0.0,0.38
1998,210,21.71,26.76,17.69,67.94,0.0,4.27,3.39,0.0,0.37
1998,211,21.94,26.68,17.96,73.02,0.1,6.92,5.47,0.09,0.37
1998,212,20.97,25.54,18.24,73.93,0.38,10.28,8.06,0.5,0.37
1998,213,20.12,24.92,17.41,66.72,0.1,11.16,8.73,0.37,0.37
1998,214,21.24,27.37,16.21,60.74,0.01,8.96,7.04,0.25,0.37
1998,215,22.82,28.26,18.17,59.79,0.02,4.94,3.87,0.18,0.37
1998,216,23.21,28.06,19.12,58.66,0.04,4.61,3.69,0.49,0.37
1998,217,23.32,28.3,19.16,56.48,0.0,4.29,3.43,0.04,0.37
1998,218,22.62,27.62,17.4,57.75,0.0,4.22,3.35,0.0,0.37
1998,219,24.14,30.23,19.23,57.38,0.0,5.0,3.94,0.1,0.37
1998,220,22.72,28.12,18.41,59.5,0.0,4.95,3.97,0.06,0.37
1998,221,22.26,28.45,17.03,67.28,0.0,4.86,3.91,0.01,0.37
1998,222,22.8,28.24,18.54,66.1,0.0,5.68,4.5,0.12,0.37
1998,223,23.85,30.09,18.01,61.03,0.0,6.16,4.82,0.01,0.37
1998,224,23.65,30.2,17.54,54.04,0.0,4.95,3.91,0.0,0.37
1998,225,22.71,28.38,17.93,64.0,0.0,4.28,3.44,0.01,0.37
1998,226,22.95,28.12,19.04,75.66,0.01,4.39,3.47,0.13,0.37
1998,227,23.54,28.57,19.94,75.54,0.0,5.19,4.07,0.02,0.37
1998,228,22.25,25.86,18.65,70.56,0.28,6.97,5.57,0.58,0.37
1998,229,20.82,26.24,16.52,58.42,0.0,7.39,5.92,0.13,0.37
1998,230,22.46,29.42,16.07,56.39,0.0,5.87,4.67,0.01,0.37
1998,231,22.3,28.41,17.41,63.83,0.0,4.44,3.56,0.06,0.37
1998,232,22.77,28.89,17.11,64.33,0.0,2.88,2.29,0.05,0.37
1998,233,24.0,30.57,18.17,51.85,0.0,4.03,3.21,0.0,0.37
1998,234,23.06,28.98,17.92,54.93,0.0,4.51,3.6,0.0,0.37
1998,235,23.08,29.59,17.45,58.41,0.0,4.03,3.2,0.03,0.37
1998,236,23.94,30.19,18.94,65.38,0.01,3.81,3.05,0.34,0.37
1998,237,23.71,28.93,20.19,73.76,1.21,4.85,3.92,0.59,0.37
1998,238,22.59,25.53,20.01,70.42,2.38,9.15,7.26,0.97,0.37
1998,239,21.69,27.09,17.77,56.28,0.01,11.01,8.65,0.23,0.37
1998,240,21.45,28.05,16.07,55.36,0.0,9.14,7.21,0.23,0.37
1998,241,23.31,29.46,17.26,56.28,0.06,4.87,3.91,0.17,0.37
1998,242,24.29,29.88,19.39,59.12,0.0,5.04,4.03,0.01,0.37
1998,243,24.7,30.97,19.12,59.52,0.0,4.8,3.78,0.05,0.37
1998,244,24.31,30.15,20.44,70.54,0.0,5.59,4.48,0.28,0.37
1998,245,22.35,25.95,19.45,70.98,0.25,4.43,3.6,0.46,0.37
1998,246,22.9,28.62,17.89,61.84,0.0,5.55,4.45,0.1,0.37
1998,247,23.96,30.97,18.05,61.46,0.0,4.61,3.67,0.07,0.37
1998,248,24.84,31.62,19.27,59.94,0.0,3.74,2.94,0.03,0.37
1998,249,25.98,32.71,20.08,53.01,0.0,4.04,3.17,0.04,0.37
1998,250,24.7,31.39,19.25,56.87,0.0,4.35,3.48,0.07,0.37
1998,251,24.27,29.67,20.49,68.34,0.0,3.51,2.8,0.31,0.37
1998,252,24.72,30.75,19.31,64.03,0.0,5.57,4.45,0.23,0.37
1998,253,24.29,30.02,20.19,66.9,0.0,4.03,3.27,0.09,0.37
1998,254,23.25,27.29,20.14,72.94,0.14,4.12,3.36,0.21,0.37
1998,255,21.95,25.44,19.33,62.97,0.16,9.31,7.42,0.5,0.37
1998,256,22.17,28.79,16.35,51.33,0.0,9.39,7.45,0.08,0.37
1998,257,21.6,27.6,16.28,59.2,0.0,5.54,4.49,0.07,0.37
1998,258,22.63,28.17,17.84,66.4,0.04,5.72,4.63,0.06,0.36
1998,259,24.95,30.96,18.63,56.52,0.96,5.74,4.53,0.05,0.37
1998,260,24.51,30.66,20.0,60.12,0.04,5.02,4.02,0.35,0.37
1998,261,24.42,30.03,20.29,64.26,0.0,3.75,3.0,0.46,0.37
1998,262,22.6,27.1,18.79,69.6,0.06,6.83,5.46,0.11,0.36
1998,263,22.05,29.21,16.23,53.56,0.0,8.71,6.94,0.0,0.36
1998,264,23.89,31.9,16.28,50.41,0.0,6.82,5.35,0.02,0.36
1998,265,23.96,31.13,17.4,48.94,0.0,4.88,3.91,0.03,0.36
1998,266,24.07,30.16,18.45,52.72,0.0,4.53,3.66,0.02,0.36
1998,267,24.41,30.28,19.49,59.57,0.0,4.26,3.44,0.06,0.36
1998,268,25.3,32.45,20.05,62.59,0.0,3.71,2.95,0.05,0.36
1998,269,26.28,33.07,20.92,51.32,0.0,4.81,3.79,0.04,0.36
1998,270,25.21,32.28,19.99,56.77,0.0,3.48,2.78,0.13,0.36
1998,271,25.29,30.49,21.56,69.15,0.0,3.87,3.11,0.62,0.36
1998,272,25.65,31.13,21.53,64.4,0.0,4.91,3.98,0.03,0.36
1998,273,26.07,32.34,20.13,63.06,0.0,6.68,5.37,0.04,0.36
1998,274,27.28,33.76,22.13,54.45,0.0,4.18,3.3,0.0,0.36
1998,275,26.71,33.14,21.5,56.79,0.0,4.34,3.5,0.04,0.36
1998,276,26.46,32.59,22.5,66.26,0.0,4.16,3.33,0.22,0.36
1998,277,26.97,33.25,21.56,61.97,0.0,7.49,5.95,0.26,0.36
1998,278,26.91,33.17,21.88,59.92,0.0,5.76,4.64,0.02,0.36
1998,279,26.28,31.38,22.26,64.17,0.0,4.02,3.24,0.08,0.36
1998,280,26.39,32.45,21.61,64.32,0.0,2.97,2.41,0.11,0.36
1998,281,26.37,32.55,21.75,58.0,0.03,7.86,6.23,0.23,0.36
1998,282,24.3,30.48,19.98,59.93,0.18,11.28,8.9,0.71,0.36
1998,283,25.19,32.46,18.27,50.16,0.0,8.52,6.75,0.19,0.36
1998,284,25.54,32.27,20.11,56.48,0.0,5.93,4.77,0.01,0.36
1998,285,26.06,31.9,22.61,66.68,0.0,4.52,3.67,0.29,0.36
1998,286,26.57,32.58,21.4,62.95,0.0,4.0,3.23,0.05,0.36
1998,287,27.32,32.62,22.25,53.62,0.0,5.58,4.44,0.22,0.36
1998,288,26.82,33.53,21.82,56.8,0.0,4.93,3.94,0.0,0.36
1998,289,26.6,32.38,21.64,65.25,0.01,7.33,5.84,0.19,0.36
1998,290,25.73,30.62,22.62,62.96,0.62,12.94,10.11,0.85,0.36
1998,291,24.65,27.44,22.09,61.6,0.06,9.77,7.7,1.0,0.36
1998,292,27.13,31.96,23.02,53.97,0.12,6.75,5.26,0.58,0.36
1998,293,27.44,31.98,24.43,59.9,0.03,4.94,3.95,0.4,0.36
1998,294,27.45,32.46,23.66,62.59,0.06,4.24,3.43,0.14,0.36
1998,295,26.8,31.55,23.44,63.85,0.08,5.38,4.34,0.06,0.36
1998,296,25.46,30.93,21.56,62.29,0.17,9.13,7.31,0.47,0.36
1998,297,26.47,32.87,19.81,53.74,0.0,9.06,7.15,0.11,0.36
1998,298,27.41,34.07,22.56,59.19,0.0,6.09,4.84,0.15,0.36
1998,299,25.63,29.67,21.81,67.87,0.02,6.07,4.91,0.47,0.36
1998,300,23.76,28.5,19.91,58.12,0.04,7.95,6.44,0.33,0.36
1998,301,25.6,33.03,19.42,58.17,0.44,6.06,4.92,0.04,0.36
1998,302,25.86,30.81,22.37,65.53,0.0,4.64,3.78,0.0,0.36
1998,303,25.9,31.61,22.27,67.46,0.0,3.84,3.15,0.0,0.36
1998,304,26.43,32.03,21.61,60.99,0.0,5.97,4.84,0.0,0.36
1998,305,26.76,32.1,21.39,57.2,0.0,7.18,5.77,0.01,0.36
1998,306,27.28,34.23,21.28,60.2,0.0,5.22,4.24,0.03,0.36
1998,307,26.89,32.09,22.87,64.11,0.0,5.51,4.42,0.05,0.36
1998,308,26.8,33.9,21.4,62.43,0.0,4.1,3.33,0.33,0.36
1998,309,29.1,36.18,23.21,55.97,0.0,4.71,3.75,0.08,0.36
1998,310,28.34,34.23,24.73,62.86,0.0,4.78,3.82,0.18,0.36
1998,311,27.37,31.45,24.39,70.24,0.07,4.89,3.95,0.38,0.36
1998,312,27.92,33.96,22.93,60.6,0.3,8.89,7.07,0.33,0.36
1998,313,27.63,34.06,22.57,57.88,0.03,9.61,7.59,0.02,0.36
1998,314,29.04,35.13,22.94,54.4,0.27,6.25,4.92,0.24,0.36
1998,315,28.63,34.01,25.44,58.54,1.44,4.94,3.97,0.22,0.36
1998,316,29.15,33.74,24.95,58.62,0.97,4.09,3.28,0.37,0.36
1998,317,28.82,33.82,25.53,59.14,0.23,4.34,3.48,0.49,0.36
1998,318,27.69,32.8,24.14,65.16,2.33,4.23,3.46,0.02,0.36
1998,319,27.59,32.04,23.67,64.26,0.84,4.34,3.52,0.38,0.36
1998,320,28.87,33.03,25.23,62.91,0.72,4.32,3.43,0.78,0.36
1998,321,29.44,35.78,25.83,59.31,0.18,4.88,3.87,0.74,0.36
1998,322,29.37,35.32,25.67,57.74,1.32,4.22,3.37,0.56,0.36
1998,323,29.32,34.41,25.63,61.09,1.16,3.97,3.18,0.53,0.36
1998,324,30.45,35.5,26.18,58.47,0.63,3.9,3.17,0.58,0.36
1998,325,30.59,36.7,25.94,50.92,0.44,5.09,4.04,0.2,0.36
1998,326,28.96,34.05,25.43,61.98,1.07,4.07,3.29,0.0,0.36
1998,327,28.41,33.62,23.34,53.54,0.23,5.0,4.04,0.48,0.36
1998,328,28.57,33.92,24.59,58.86,0.27,5.16,4.21,1.0,0.36
1998,329,26.29,28.2,24.45,71.25,13.24,2.61,2.18,1.0,0.37
1998,330,26.98,31.54,23.89,65.5,1.07,3.35,2.76,1.0,0.38
1998,331,27.67,30.81,24.95,70.96,2.25,3.01,2.47,0.41,0.38
1998,332,27.95,30.95,25.28,66.36,1.23,4.0,3.24,0.86,0.38
1998,333,26.58,30.24,24.22,72.63,1.25,3.96,3.27,0.95,0.38
1998,334,28.76,33.49,24.52,65.12,1.45,5.6,4.53,0.71,0.38
1998,335,29.32,34.07,25.97,58.65,0.75,5.45,4.34,0.28,0.38
1998,336,28.44,33.9,25.19,62.89,6.1,3.73,3.05,0.49,0.37
1998,337,25.0,27.12,22.53,80.27,43.9,5.13,4.16,0.99,0.43
1998,338,24.61,29.1,21.77,76.21,15.66,7.39,5.91,1.0,0.47
1998,339,24.67,29.48,21.28,70.88,0.21,10.37,8.14,0.98,0.47
1998,340,24.86,29.64,21.16,68.81,1.58,9.31,7.33,0.5,0.46
1998,341,27.07,32.41,22.04,64.13,0.48,5.26,4.15,0.17,0.45
1998,342,27.19,32.32,23.29,68.48,0.62,5.04,4.02,0.17,0.45
1998,343,26.74,30.51,23.9,73.3,1.14,3.72,3.02,0.25,0.44
1998,344,27.13,31.31,23.78,68.86,0.16,3.31,2.69,0.06,0.44
1998,345,27.23,31.53,24.31,68.24,0.19,3.58,2.89,0.36,0.43
1998,346,26.58,30.55,24.03,74.26,0.87,3.2,2.62,0.53,0.43
1998,347,27.2,32.01,23.59,71.09,0.16,3.45,2.81,0.06,0.43
1998,348,27.17,31.25,23.95,72.27,0.96,3.53,2.87,0.4,0.42
1998,349,26.65,29.08,24.84,76.4,1.19,2.38,1.95,0.96,0.42
1998,350,27.66,31.81,24.77,72.65,1.35,2.59,2.14,0.16,0.42
1998,351,27.33,30.44,25.42,73.7,5.51,1.98,1.63,0.62,0.43
1998,352,27.1,29.7,25.29,80.36,13.49,3.86,3.1,0.98,0.44
1998,353,27.36,31.25,23.9,72.88,3.21,5.63,4.58,0.77,0.45
1998,354,27.07,32.3,23.12,74.28,5.71,4.59,3.74,0.23,0.45
1998,355,26.69,30.12,24.28,77.32,0.72,3.27,2.65,0.34,0.45
1998,356,26.15,29.18,24.6,81.08,11.57,3.25,2.63,0.84,0.46
1998,357,24.99,27.9,21.3,78.91,4.93,3.31,2.76,0.87,0.46
1998,358,25.96,29.28,24.16,82.55,18.38,5.71,4.48,0.99,0.48
1998,359,25.28,27.17,23.74,80.85,13.36,5.94,4.68,1.0,0.5
1998,360,26.28,29.42,24.47,82.48,9.0,4.9,3.88,1.0,0.52
1998,361,26.49,28.73,24.54,82.82,6.88,3.91,3.12,0.81,0.52
1998,362,27.47,31.24,24.04,76.04,1.81,4.53,3.64,0.57,0.52
1998,363,27.84,32.71,24.02,73.55,1.37,5.79,4.61,0.34,0.51
1998,364,27.42,31.33,23.64,74.72,2.78,5.51,4.41,0.42,0.5
1998,365,27.87,32.11,23.72,72.65,5.37,4.06,3.18,0.73,0.5
1999,1,27.29,30.22,25.37,80.09,12.27,4.5,3.62,0.5,0.51
1999,2,26.9,29.46,25.27,83.0,9.65,3.22,2.59,0.47,0.52
1999,3,26.06,28.24,24.75,83.25,24.54,2.4,1.97,1.0,0.55
1999,4,25.11,26.93,23.96,85.63,54.38,7.66,5.99,1.0,0.6
1999,5,27.28,29.57,25.19,86.54,59.69,9.34,7.2,0.87,0.71
1999,6,27.32,29.38,25.43,84.21,9.74,6.06,4.75,0.39,0.71
1999,7,26.87,29.75,24.6,82.42,8.24,4.84,3.81,0.36,0.69
1999,8,27.35,30.45,24.14,79.67,3.5,4.11,3.27,0.4,0.68
1999,9,27.02,31.74,22.49,75.53,2.28,4.38,3.48,0.65,0.67
1999,10,27.75,31.27,24.81,73.65,2.33,3.21,2.54,0.39,0.66
1999,11,27.25,30.14,25.24,75.65,2.32,2.6,2.06,0.72,0.66
1999,12,26.29,29.08,24.41,77.05,4.09,2.87,2.3,0.67,0.65
1999,13,26.74,30.25,23.27,74.3,4.49,2.58,2.03,0.26,0.65
1999,14,26.07,27.94,24.8,84.14,12.15,2.57,2.03,0.97,0.66
1999,15,25.41,26.91,24.42,87.19,21.16,4.69,3.71,1.0,0.68
1999,16,25.64,27.88,23.86,84.03,7.71,6.24,4.91,1.0,0.7
1999,17,26.24,28.82,24.08,85.31,7.48,5.73,4.49,1.0,0.7
1999,18,27.19,29.69,25.17,84.44,1.82,4.99,3.88,0.98,0.7
1999,19,26.86,28.69,25.57,84.49,2.06,2.5,1.94,0.18,0.69
1999,20,27.08,29.81,25.09,81.46,2.16,4.06,3.23,0.41,0.69
1999,21,27.09,30.44,24.15,81.52,1.25,4.97,3.98,0.35,0.68
1999,22,26.97,29.72,24.13,83.67,2.31,4.22,3.38,0.16,0.67
1999,23,26.9,29.0,24.78,82.78,5.02,2.03,1.59,0.51,0.67
1999,24,26.98,29.48,24.65,81.01,5.79,4.05,3.21,0.71,0.67
1999,25,26.43,27.99,24.52,85.28,20.91,3.89,3.05,0.98,0.69
1999,26,26.57,29.12,24.68,84.64,5.66,3.83,3.09,1.0,0.71
1999,27,27.49,30.47,25.14,79.84,1.29,3.23,2.56,0.74,0.7
1999,28,28.64,32.25,25.93,74.44,0.37,4.08,3.17,0.4,0.69
1999,29,28.51,32.78,24.09,71.01,0.04,3.91,3.08,0.04,0.68
1999,30,27.64,31.98,23.79,71.87,0.11,4.19,3.31,0.7,0.66
1999,31,28.02,31.5,24.8,71.64,2.57,2.21,1.73,0.64,0.65
1999,32,27.9,31.56,24.77,69.84,6.56,2.94,2.32,0.31,0.65
1999,33,27.33,31.29,23.69,75.89,7.19,3.17,2.54,0.16,0.65
1999,34,27.15,31.17,23.93,76.82,3.93,3.37,2.68,0.09,0.65
1999,35,28.12,31.42,24.81,78.09,5.34,2.46,1.95,0.05,0.64
1999,36,28.2,31.74,25.0,70.23,0.03,3.4,2.66,0.5,0.64
1999,37,28.27,30.71,25.6,79.92,4.68,3.25,2.57,0.21,0.63
1999,38,28.04,30.95,25.7,78.91,4.34,2.95,2.34,0.56,0.63
1999,39,27.35,29.25,26.17,85.61,7.18,4.39,3.5,1.0,0.63
1999,40,27.19,29.71,24.93,84.88,13.62,4.54,3.61,0.8,0.64
1999,41,26.58,29.68,24.19,84.9,23.39,5.67,4.54,0.98,0.67
1999,42,26.78,29.76,24.92,87.19,11.76,3.54,2.81,0.99,0.68
1999,43,27.11,29.41,25.23,86.32,28.18,3.38,2.7,0.97,0.7
1999,44,27.52,30.15,25.05,83.96,9.36,4.81,3.78,0.85,0.72
1999,45,27.41,30.19,23.24,84.09,7.76,4.69,3.72,0.29,0.71
1999,46,24.58,28.03,22.29,84.33,0.98,8.18,6.41,0.91,0.71
1999,47,27.68,32.1,23.67,78.63,1.47,4.75,3.73,0.25,0.7
1999,48,28.6,32.11,25.5,75.25,1.04,2.47,1.94,0.18,0.69
1999,49,28.37,31.38,25.83,77.88,3.56,2.03,1.6,0.21,0.68
1999,50,28.2,31.83,25.59,76.34,3.56,2.11,1.63,0.29,0.68
1999,51,27.36,29.7,25.76,83.14,5.32,2.3,1.83,0.68,0.67
1999,52,27.41,29.84,25.21,83.76,3.84,4.04,3.23,0.68,0.68
1999,53,27.43,30.04,25.39,83.23,1.2,3.52,2.81,0.09,0.67
1999,54,27.05,29.47,25.24,84.08,2.93,4.84,3.85,0.44,0.67
1999,55,26.72,29.19,24.47,80.26,3.91,4.01,3.17,0.46,0.67
1999,56,26.18,29.17,23.87,82.71,5.21,3.21,2.59,0.99,0.67
1999,57,26.95,30.37,24.81,82.26,8.22,2.74,2.2,1.0,0.67
1999,58,26.74,28.81,25.19,86.96,21.63,4.98,3.95,1.0,0.69
1999,59,27.12,29.0,25.51,87.49,28.53,6.28,4.93,1.0,0.73
1999,60,27.1,29.54,25.25,85.38,10.45,3.17,2.49,0.85,0.74
1999,61,27.5,30.42,25.06,81.64,9.14,2.93,2.34,0.94,0.74
1999,62,26.62,28.76,25.1,87.95,31.18,5.55,4.38,1.0,0.75
1999,63,27.52,29.98,25.38,81.59,5.46,3.01,2.33,0.8,0.77
1999,64,27.59,31.75,24.0,78.02,0.68,4.94,3.88,0.0,0.76
1999,65,26.16,30.31,22.74,79.94,0.04,7.41,5.8,0.06,0.74
1999,66,25.35,29.99,20.99,75.85,0.0,5.98,4.71,0.13,0.73
1999,67,26.2,30.74,21.56,73.84,0.02,3.96,3.12,0.22,0.72
1999,68,27.2,31.37,23.32,76.11,0.27,5.01,3.94,0.24,0.71
1999,69,27.3,31.45,23.59,79.32,0.26,5.33,4.22,0.13,0.7
1999,70,27.14,30.93,23.88,79.46,0.16,5.71,4.5,0.04,0.69
1999,71,27.62,31.16,24.47,77.49,0.42,4.59,3.62,0.25,0.68
1999,72,27.25,31.34,23.48,76.84,0.15,4.56,3.6,0.04,0.67
1999,73,26.91,31.22,23.5,77.88,0.11,6.32,4.98,0.22,0.66
1999,74,27.32,31.86,22.95,78.72,1.63,5.19,4.08,0.04,0.65
1999,75,27.69,31.66,24.5,77.88,2.37,4.28,3.39,0.23,0.65
1999,76,27.07,30.64,23.82,80.34,1.33,3.54,2.8,0.21,0.64
1999,77,27.54,30.43,24.76,80.23,1.08,3.86,3.07,0.11,0.64
1999,78,26.91,30.9,23.73,78.2,0.1,5.92,4.68,0.09,0.63
1999,79,27.36,31.35,23.19,70.83,0.03,3.76,2.95,0.05,0.62
1999,80,28.11,32.09,24.23,70.87,0.96,4.32,3.37,0.08,0.61
1999,81,26.35,30.03,22.5,71.41,2.44,4.08,3.17,0.37,0.6
1999,82,26.12,30.02,22.4,71.28,0.15,3.28,2.57,0.5,0.6
1999,83,26.85,30.33,23.71,73.52,0.55,3.16,2.48,0.01,0.59
1999,84,25.9,29.99,22.55,78.97,0.66,5.99,4.73,0.13,0.59
1999,85,25.91,30.5,22.36,77.76,0.11,8.66,6.73,0.02,0.58
1999,86,26.92,31.69,23.13,78.39,1.93,6.15,4.8,0.08,0.57
1999,87,26.53,30.69,23.37,77.14,0.04,7.18,5.6,0.57,0.57
1999,88,26.57,31.2,22.8,75.87,1.08,6.4,4.98,0.25,0.56
1999,89,25.65,29.16,23.49,78.76,0.79,7.2,5.62,0.94,0.55
1999,90,25.94,30.65,22.81,73.59,1.11,7.54,5.84,0.04,0.55
1999,91,25.44,30.73,21.35,72.84,0.06,7.88,6.1,0.05,0.54
1999,92,24.6,29.6,19.72,68.72,0.01,5.08,3.98,0.15,0.54
1999,93,25.0,29.92,20.6,68.83,0.19,4.1,3.21,0.02,0.53
1999,94,25.8,30.19,21.67,72.7,0.61,3.84,3.0,0.38,0.52
1999,95,26.48,30.79,22.83,71.26,0.34,4.03,3.2,0.11,0.52
1999,96,26.27,30.63,22.07,71.38,0.32,5.1,3.93,0.98,0.52
1999,97,25.33,29.71,22.83,78.17,0.86,3.89,3.11,0.91,0.51
1999,98,24.81,28.15,22.91,84.33,4.39,2.44,1.91,0.96,0.51
1999,99,25.17,27.68,23.49,83.97,1.37,4.42,3.46,0.74,0.52
1999,100,25.48,28.38,23.45,79.98,0.09,3.1,2.45,0.8,0.51
1999,101,24.58,27.13,22.46,81.2,0.33,4.23,3.36,0.43,0.51
1999,102,23.6,28.21,19.9,71.03,0.21,9.4,7.3,0.1,0.51
1999,103,22.81,28.45,18.45,69.12,0.0,8.75,6.81,0.11,0.5
1999,104,23.84,30.12,18.02,67.29,0.0,5.57,4.36,0.06,0.49
1999,105,24.29,29.8,19.59,67.63,0.0,4.14,3.26,0.02,0.49
1999,106,25.07,29.97,20.85,71.11,0.0,2.94,2.27,0.02,0.49
1999,107,25.17,30.6,21.25,74.73,0.0,3.6,2.83,0.02,0.48
1999,108,25.33,30.67,21.31,72.21,0.0,3.65,2.86,0.01,0.48
1999,109,25.64,30.44,21.91,76.74,0.0,2.45,1.92,0.03,0.47
1999,110,26.18,31.92,22.12,73.9,0.0,2.89,2.25,0.04,0.47
1999,111,26.3,32.1,21.77,69.35,0.0,3.56,2.77,0.04,0.47
1999,112,25.83,31.41,21.99,67.07,0.0,5.31,4.17,0.03,0.46
1999,113,24.89,30.23,20.45,67.63,0.0,3.08,2.45,0.03,0.46
1999,114,25.32,30.57,20.88,67.9,0.0,3.88,3.03,0.04,0.46
1999,115,25.51,31.75,20.23,70.87,0.0,4.93,3.87,0.01,0.46
1999,116,25.06,30.77,20.76,69.79,0.03,7.82,6.1,0.0,0.45
1999,117,23.48,28.5,20.44,70.88,0.35,11.56,8.9,0.21,0.45
1999,118,23.13,28.68,19.5,68.74,0.05,10.79,8.33,0.11,0.45
1999,119,22.81,27.19,19.97,73.71,2.63,8.39,6.54,0.1,0.45
1999,120,22.93,28.33,19.27,72.87,0.02,4.33,3.41,0.07,0.45
1999,121,22.03,25.93,19.3,74.18,0.0,2.83,2.26,0.62,0.45
1999,122,22.5,26.28,19.96,71.66,0.0,2.93,2.32,0.85,0.44
1999,123,22.6,27.28,18.68,74.36,0.0,3.86,3.05,0.07,0.44
1999,124,23.37,29.82,17.87,70.28,0.0,4.05,3.21,0.02,0.44
1999,125,23.82,28.6,20.52,78.33,0.0,4.15,3.25,0.08,0.44
1999,126,22.85,26.09,20.57,73.84,0.87,7.22,5.65,0.71,0.44
1999,127,21.02,25.81,16.84,64.25,0.01,7.81,6.16,0.17,0.43
1999,128,21.76,27.82,16.58,63.03,0.0,6.26,4.91,0.01,0.43
1999,129,23.01,28.89,18.65,71.33,0.03,5.73,4.45,0.24,0.43
1999,130,22.7,25.62,20.38,75.7,2.84,4.26,3.3,0.66,0.43
1999,131,22.58,26.36,19.33,72.02,0.01,4.26,3.37,0.08,0.43
1999,132,23.86,30.07,18.62,70.52,0.0,4.0,3.16,0.01,0.43
1999,133,24.05,28.74,20.6,75.17,0.0,3.78,2.95,0.05,0.43
1999,134,24.53,29.25,21.4,75.7,0.0,2.59,2.12,0.11,0.43
1999,135,24.14,28.06,21.5,79.13,0.0,2.76,2.14,0.43,0.42
1999,136,23.47,27.39,20.8,77.01,0.03,4.66,3.71,0.29,0.42
1999,137,20.8,24.65,17.51,69.54,0.04,8.2,6.47,0.2,0.42
1999,138,19.6,24.52,15.77,66.45,0.0,7.31,5.8,0.02,0.42
1999,139,20.91,26.71,15.96,66.49,0.0,6.11,4.85,0.01,0.42
1999,140,22.39,28.22,17.58,71.08,0.0,4.4,3.51,0.01,0.42
1999,141,23.21,29.18,18.36,75.18,0.0,3.88,3.09,0.01,0.41
1999,142,23.63,28.62,20.35,77.92,0.0,3.59,2.8,0.01,0.41
1999,143,23.22,28.13,20.08,78.18,0.0,3.04,2.37,0.01,0.41
1999,144,23.09,27.09,20.25,74.51,0.0,4.53,3.58,0.06,0.41
1999,145,23.52,28.91,19.57,72.29,0.0,5.88,4.57,0.0,0.41
1999,146,23.31,28.77,18.89,67.14,0.0,3.06,2.39,0.06,0.41
1999,147,23.34,28.62,19.04,72.32,0.0,3.2,2.46,0.03,0.41
1999,148,23.68,28.14,20.75,74.56,0.0,3.01,2.4,0.03,0.4
1999,149,22.43,27.18,18.9,76.71,0.23,4.82,3.83,0.03,0.4
1999,150,22.33,27.82,18.04,70.77,0.34,5.42,4.3,0.04,0.4
1999,151,23.81,29.85,18.27,66.75,0.0,3.59,2.82,0.01,0.4
1999,152,23.58,29.82,19.31,61.53,0.0,4.58,3.6,0.01,0.4
1999,153,23.01,28.87,18.19,62.43,0.0,3.6,2.8,0.01,0.4
1999,154,23.49,28.67,18.96,61.66,0.0,5.26,4.09,0.01,0.4
1999,155,23.07,29.12,18.51,59.08,0.0,4.83,3.78,0.05,0.4
1999,156,22.79,27.84,18.49,65.58,0.0,2.97,2.32,0.12,0.4
1999,157,22.66,27.39,19.46,74.84,0.01,4.14,3.33,0.08,0.4
1999,158,21.86,26.84,17.86,74.96,0.02,3.64,2.89,0.01,0.4
1999,159,21.47,25.02,19.49,78.39,4.36,3.42,2.7,0.74,0.4
1999,160,21.47,24.01,18.78,72.75,0.86,5.27,4.16,0.41,0.4
1999,161,21.71,26.96,18.28,68.26,0.22,7.17,5.64,0.07,0.4
1999,162,22.32,28.53,16.7,66.42,0.18,5.1,4.03,0.06,0.4
1999,163,23.03,28.67,18.47,62.29,0.0,4.71,3.73,0.05,0.4
1999,164,22.85,29.25,18.19,61.68,0.0,3.39,2.6,0.03,0.4
1999,165,22.09,28.05,17.56,62.75,0.0,2.91,2.22,0.01,0.4
1999,166,22.59,29.45,17.25,62.45,0.0,3.38,2.61,0.07,0.4
1999,167,22.18,27.68,18.02,63.69,0.0,3.6,2.81,0.13,0.39
1999,168,22.55,28.91,17.66,69.77,0.0,4.26,3.4,0.16,0.39
1999,169,22.23,27.05,18.95,74.39,0.02,3.28,2.62,0.38,0.39
1999,170,20.95,26.64,16.25,70.43,0.27,4.49,3.54,0.02,0.39
1999,171,20.1,24.63,16.17,76.82,0.01,3.2,2.54,0.1,0.39
1999,172,21.3,24.35,19.45,73.52,0.89,4.41,3.45,0.53,0.39
1999,173,21.12,24.08,19.45,73.82,5.0,4.31,3.35,0.75,0.4
1999,174,20.65,23.77,18.08,73.25,0.44,4.08,3.23,0.52,0.4
1999,175,20.27,25.14,16.13,67.96,0.04,4.49,3.53,0.05,0.4
1999,176,20.47,26.18,16.07,63.77,0.0,6.27,4.96,0.01,0.4
1999,177,19.94,24.91,15.75,72.01,0.02,6.1,4.87,0.06,0.4
1999,178,19.99,24.9,16.1,69.51,0.12,7.29,5.75,0.06,0.4
1999,179,20.16,25.37,15.94,67.63,0.05,6.22,4.93,0.06,0.4
1999,180,20.59,26.43,15.56,63.32,0.0,5.42,4.26,0.01,0.39
1999,181,20.95,26.85,15.83,60.12,0.0,4.57,3.6,0.04,0.39
1999,182,20.77,26.82,15.72,57.39,0.0,4.43,3.46,0.29,0.39
1999,183,21.21,26.64,16.35,59.88,0.0,4.09,3.23,0.74,0.39
1999,184,21.16,26.54,16.36,62.63,0.0,5.73,4.53,0.08,0.39
1999,185,21.98,28.31,16.67,62.37,0.04,6.94,5.43,0.15,0.39
1999,186,21.74,28.07,16.35,63.35,0.21,7.3,5.67,0.0,0.39
1999,187,20.64,26.89,15.43,60.11,0.02,7.46,5.86,0.0,0.39
1999,188,20.44,26.67,15.3,62.42,0.22,6.6,5.18,0.03,0.39
1999,189,21.11,27.3,15.94,64.14,0.09,6.07,4.76,0.05,0.39
1999,190,21.53,27.74,16.01,62.36,0.05,4.73,3.75,0.02,0.39
1999,191,21.74,27.47,16.94,65.68,0.01,4.45,3.52,0.08,0.39
1999,192,21.57,25.62,18.79,71.14,0.0,3.65,2.97,0.11,0.39
1999,193,21.06,26.32,17.73,71.1,0.33,8.61,6.76,0.05,0.39
1999,194,21.95,27.76,17.04,62.96,0.02,8.09,6.31,0.04,0.39
1999,195,23.32,28.65,19.12,58.42,0.1,4.89,3.84,0.19,0.39
1999,196,24.2,29.4,20.41,63.48,0.01,4.04,3.21,0.21,0.39
1999,197,23.05,27.47,20.08,74.37,0.01,4.0,3.22,0.03,0.38
1999,198,22.53,28.17,18.36,73.65,0.0,3.66,2.9,0.12,0.38
1999,199,21.64,25.69,18.47,75.88,0.02,3.17,2.55,0.04,0.38
1999,200,20.75,24.7,17.62,70.85,1.97,7.54,5.92,0.64,0.39
1999,201,19.19,24.02,15.69,63.53,0.63,9.4,7.41,0.11,0.39
1999,202,19.36,25.45,14.18,62.86,0.05,7.86,6.24,0.02,0.39
1999,203,20.16,26.43,14.6,59.95,0.0,6.3,4.98,0.02,0.39
1999,204,21.03,27.43,15.89,57.74,0.01,7.01,5.51,0.01,0.39
1999,205,21.37,27.35,16.58,58.82,0.01,5.46,4.34,0.14,0.38
1999,206,21.31,27.51,15.81,57.56,0.0,5.36,4.27,0.01,0.38
1999,207,21.4,27.63,15.36,58.63,0.01,5.03,4.0,0.0,0.38
1999,208,21.83,27.08,17.07,64.62,0.0,4.31,3.44,0.08,0.38
1999,209,22.7,27.95,19.08,61.08,0.0,2.65,2.07,0.08,0.38
1999,210,22.56,27.38,18.86,67.93,0.0,3.22,2.58,0.26,0.38
1999,211,22.67,28.3,18.27,66.19,0.0,3.62,2.86,0.09,0.38
1999,212,22.26,26.99,18.48,69.53,0.0,3.34,2.66,0.01,0.38
1999,213,22.36,27.82,18.36,64.61,0.0,3.7,2.94,0.12,0.38
1999,214,22.03,26.69,18.25,69.88,0.0,3.74,3.04,0.03,0.38
1999,215,22.34,27.98,17.94,68.36,0.0,3.65,2.91,0.04,0.38
1999,216,22.27,27.94,17.76,68.15,0.0,3.67,2.93,0.01,0.38
1999,217,22.08,27.46,17.55,60.89,0.0,4.3,3.42,0.39,0.38
1999,218,21.97,27.18,17.39,63.92,0.0,6.35,5.1,0.15,0.38
1999,219,23.04,29.03,17.87,66.07,0.02,7.04,5.61,0.3,0.38
1999,220,24.07,30.09,19.52,60.29,0.0,3.82,3.04,0.05,0.38
1999,221,22.9,27.82,18.87,65.02,0.0,4.33,3.47,0.06,0.38
1999,222,22.92,28.55,18.9,73.8,0.01,4.51,3.63,0.08,0.38
1999,223,22.58,27.16,19.66,75.76,0.35,6.09,4.86,0.09,0.38
1999,224,23.01,28.08,19.3,67.48,0.06,6.16,4.95,0.22,0.38
1999,225,24.03,29.43,18.91,57.68,0.0,4.02,3.2,0.15,0.38
1999,226,23.92,29.28,19.24,60.23,0.47,4.51,3.6,0.22,0.38
1999,227,24.26,29.94,19.27,53.83,0.0,4.87,3.85,0.0,0.38
1999,228,24.01,29.96,18.9,57.87,0.0,5.3,4.2,0.04,0.38
1999,229,24.2,30.15,19.01,61.39,0.18,6.06,4.81,0.04,0.38
1999,230,23.59,29.63,18.6,60.52,0.0,6.9,5.48,0.04,0.38
1999,231,22.94,29.29,17.45,52.75,0.0,5.08,4.05,0.03,0.37
1999,232,22.59,29.0,17.65,56.61,0.0,4.92,3.94,0.05,0.37
1999,233,22.55,28.59,18.03,61.84,0.0,4.12,3.27,0.03,0.37
1999,234,22.66,28.48,18.13,65.31,0.0,3.73,2.98,0.04,0.37
1999,235,24.18,30.87,19.27,60.03,0.0,3.11,2.43,0.09,0.37
1999,236,24.47,30.38,20.22,68.2,0.0,3.31,2.61,0.04,0.37
1999,237,24.39,30.0,21.02,73.32,0.0,3.74,2.98,0.37,0.37
1999,238,23.68,27.89,20.72,76.81,0.0,3.34,2.72,0.2,0.37
1999,239,23.52,27.41,20.99,73.0,0.19,3.69,3.01,0.3,0.37
1999,240,22.85,26.15,20.45,71.68,0.22,3.63,2.98,0.64,0.37
1999,241,21.98,25.81,19.0,65.52,0.0,3.72,3.03,0.3,0.37
1999,242,22.74,28.75,18.32,67.98,0.0,4.38,3.54,0.02,0.37
1999,243,23.53,29.06,19.91,72.39,0.26,4.29,3.45,0.16,0.37
1999,244,23.56,28.91,19.07,65.52,0.02,6.67,5.36,0.7,0.37
1999,245,23.32,28.94,19.65,67.18,0.44,8.19,6.54,0.34,0.37
1999,246,21.83,27.93,17.58,64.15,0.04,9.99,7.9,0.13,0.37
1999,247,22.1,28.95,16.5,54.18,0.0,8.48,6.73,0.05,0.37
1999,248,21.72,28.7,14.98,50.02,0.0,7.07,5.64,0.04,0.37
1999,249,21.68,27.75,15.81,54.1,0.0,7.51,6.02,0.01,0.37
1999,250,23.01,29.0,16.62,55.08,0.57,5.49,4.37,0.25,0.37
1999,251,23.54,29.35,19.25,58.31,0.45,6.92,5.51,0.39,0.37
1999,252,22.93,28.23,19.01,63.46,0.0,3.62,2.89,0.14,0.37
1999,253,23.46,29.76,18.19,57.29,0.0,3.6,2.82,0.01,0.37
1999,254,24.54,31.5,18.78,61.12,0.0,5.16,4.04,0.12,0.37
1999,255,22.87,25.54,19.41,72.07,3.87,7.0,5.56,0.92,0.38
1999,256,21.97,26.12,18.98,58.99,0.0,7.9,6.3,0.49,0.38
1999,257,23.52,30.38,17.17,55.07,0.0,7.66,6.09,0.14,0.38
1999,258,24.9,31.3,19.57,59.13,0.11,4.89,3.91,0.1,0.37
1999,259,24.96,31.51,19.65,55.65,0.0,4.33,3.47,0.14,0.37
1999,260,24.92,31.21,19.72,56.92,0.0,4.04,3.24,0.2,0.37
1999,261,24.72,29.83,21.38,68.06,0.0,4.77,3.79,0.46,0.37
1999,262,23.39,28.75,19.83,64.44,0.04,9.94,7.9,0.62,0.37
1999,263,24.61,31.65,19.07,62.05,0.0,5.83,4.64,0.13,0.37
1999,264,24.78,30.87,20.85,65.22,0.0,4.65,3.75,0.22,0.37
1999,265,24.26,29.27,20.98,71.53,0.0,4.84,3.95,0.4,0.37
1999,266,24.08,29.88,19.4,69.26,0.0,4.98,4.06,0.0,0.37
1999,267,24.48,29.71,21.07,69.21,0.0,3.21,2.61,0.0,0.37
1999,268,25.18,31.96,19.62,63.69,0.0,3.03,2.41,0.0,0.37
1999,269,26.22,33.34,20.95,63.11,0.0,3.44,2.7,0.0,0.37
1999,270,26.3,33.26,21.51,69.31,0.0,3.65,2.92,0.26,0.37
1999,271,26.23,31.68,22.09,69.02,0.0,3.91,3.14,0.26,0.37
1999,272,24.86,28.52,21.46,71.35,0.14,7.61,6.09,0.66,0.37
1999,273,23.55,28.74,20.02,59.08,0.07,10.54,8.36,0.6,0.37
1999,274,25.28,31.3,20.07,56.88,0.09,5.25,4.21,0.56,0.37
1999,275,25.24,29.0,22.69,69.82,1.56,5.17,4.18,0.66,0.37
1999,276,25.3,31.19,20.91,62.88,0.45,7.37,5.83,0.29,0.37
1999,277,25.43,31.33,19.69,53.68,0.0,8.17,6.46,0.26,0.37
1999,278,25.75,31.94,19.6,50.44,0.0,6.22,4.94,0.01,0.37
1999,279,25.69,31.62,20.29,52.21,0.0,5.55,4.44,0.18,0.37
1999,280,24.34,30.48,19.86,55.25,0.0,7.65,6.11,0.07,0.37
1999,281,21.58,26.83,17.93,55.61,0.05,11.21,8.86,0.41,0.37
1999,282,22.36,29.28,16.68,48.76,0.0,10.02,7.93,0.07,0.36
1999,283,23.65,31.83,16.27,53.25,0.0,5.17,4.14,0.05,0.36
1999,284,24.46,31.22,18.23,50.83,0.0,4.97,4.0,0.03,0.36
1999,285,24.64,30.65,19.67,59.11,0.0,4.33,3.47,0.05,0.36
1999,286,23.54,28.1,19.38,68.66,0.07,8.49,6.79,0.4,0.36
1999,287,22.99,29.83,17.73,52.86,0.02,9.23,7.33,0.14,0.36
1999,288,23.42,31.71,16.23,52.94,0.0,5.4,4.35,0.01,0.36
1999,289,23.89,29.72,19.15,60.56,0.0,5.11,4.11,0.01,0.36
1999,290,24.04,30.74,17.86,58.45,0.0,6.85,5.47,0.01,0.36
1999,291,25.13,32.02,19.09,59.45,0.0,6.34,5.1,0.02,0.36
1999,292,25.69,31.55,19.88,59.09,0.0,5.44,4.41,0.03,0.36
1999,293,27.23,34.32,21.22,58.67,0.0,5.98,4.78,0.38,0.36
1999,294,27.05,33.4,22.88,61.49,0.0,4.62,3.69,0.27,0.36
1999,295,25.71,31.15,22.5,68.41,0.0,5.52,4.45,0.39,0.36
1999,296,25.45,29.46,23.02,69.5,3.99,4.35,3.52,0.57,0.36
1999,297,25.3,30.27,22.17,66.81,0.72,4.21,3.42,0.37,0.37
1999,298,25.56,31.07,20.54,63.79,0.01,7.48,6.0,0.05,0.37
1999,299,26.47,33.36,20.81,58.33,0.0,8.6,6.81,0.34,0.37
1999,300,26.92,32.46,23.06,64.12,0.47,5.31,4.27,0.77,0.36
1999,301,25.56,29.14,22.98,73.55,0.0,4.55,3.73,0.76,0.36
1999,302,25.48,29.06,21.85,67.1,0.06,5.57,4.49,0.71,0.36
1999,303,25.9,30.98,21.87,63.72,1.1,9.76,7.67,0.39,0.36
1999,304,27.81,33.53,22.24,58.59,2.5,5.83,4.51,0.57,0.37
1999,305,26.51,31.36,23.09,61.43,2.15,4.1,3.28,0.96,0.37
1999,306,26.88,32.45,22.88,65.86,0.18,3.97,3.21,0.62,0.37
1999,307,25.77,30.35,22.35,70.64,0.01,3.99,3.27,0.06,0.37
1999,308,25.36,31.1,20.85,65.87,0.0,4.71,3.88,0.04,0.37
1999,309,25.93,32.09,21.07,63.8,0.0,5.11,4.16,0.12,0.37
1999,310,25.45,30.97,20.76,65.42,0.0,6.26,5.08,0.08,0.37
1999,311,26.81,32.89,21.67,64.23,0.03,5.75,4.66,0.07,0.36
1999,312,27.14,32.47,23.19,64.3,0.0,4.2,3.39,0.11,0.36
1999,313,27.18,32.49,22.27,59.84,0.0,4.8,3.83,0.09,0.36
1999,314,27.75,34.14,22.6,60.02,0.0,4.54,3.65,0.02,0.36
1999,315,28.62,33.31,23.87,60.3,0.12,4.91,3.93,0.6,0.36
1999,316,29.23,34.63,25.55,53.07,0.05,3.99,3.18,0.34,0.36
1999,317,28.09,33.36,24.39,51.15,0.05,4.94,3.95,0.53,0.36
1999,318,26.17,28.04,24.84,61.47,0.11,2.68,2.17,0.76,0.36
1999,319,25.51,27.67,23.87,72.03,0.3,3.16,2.61,0.99,0.36
1999,320,25.26,27.21,23.38,71.66,0.14,3.18,2.62,0.99,0.36
1999,321,26.89,31.07,23.56,62.94,0.2,2.92,2.4,0.41,0.36
1999,322,28.46,32.96,23.74,58.03,0.3,3.44,2.8,0.48,0.36
1999,323,29.17,33.57,25.75,56.06,0.24,3.92,3.16,0.55,0.36
1999,324,29.21,34.55,25.47,57.47,1.36,3.72,3.03,0.57,0.36
1999,325,28.86,34.91,24.3,55.69,0.29,5.03,4.05,0.17,0.36
1999,326,29.21,34.99,24.89,58.15,0.01,4.56,3.68,0.39,0.36
1999,327,29.47,34.05,25.87,59.91,0.0,4.54,3.69,0.11,0.36
1999,328,30.49,35.85,26.34,46.78,0.0,4.86,3.9,0.63,0.36
1999,329,30.19,36.17,25.58,46.49,0.0,4.63,3.68,0.1,0.36
1999,330,28.97,34.64,24.56,55.84,0.0,3.68,2.97,0.04,0.36
1999,331,29.17,35.46,24.98,55.23,0.0,4.28,3.45,0.56,0.36
1999,332,29.3,35.36,24.31,51.34,0.0,4.72,3.78,0.01,0.36
1999,333,28.81,34.36,25.04,57.74,0.0,4.85,3.92,0.19,0.36
1999,334,28.75,33.51,25.05,59.08,0.0,7.13,5.72,0.04,0.36
1999,335,29.19,35.3,23.28,53.83,0.0,7.07,5.67,0.19,0.36
1999,336,30.17,35.59,25.3,50.52,0.23,4.94,3.87,0.4,0.36
1999,337,29.01,34.49,25.88,58.66,8.6,5.89,4.67,0.29,0.36
1999,338,28.33,32.99,25.23,65.79,2.53,4.86,3.93,0.51,0.37
1999,339,28.55,33.17,25.42,65.2,0.02,3.55,2.9,0.02,0.37
1999,340,28.47,32.94,25.28,65.23,0.23,4.61,3.76,0.05,0.37
1999,341,28.07,31.84,24.84,65.82,0.64,5.53,4.46,0.65,0.37
1999,342,29.71,34.26,25.2,59.05,1.2,5.77,4.65,0.36,0.37
1999,343,28.54,33.29,25.05,60.96,4.82,3.51,2.85,0.4,0.37
1999,344,27.43,31.49,23.63,64.84,4.49,3.89,3.18,0.24,0.38
1999,345,27.76,32.4,24.45,64.1,3.36,3.87,3.08,0.61,0.38
1999,346,26.51,29.41,24.78,79.03,9.83,4.45,3.6,0.97,0.39
1999,347,25.81,27.74,24.45,78.6,8.03,4.49,3.59,1.0,0.4
1999,348,26.45,30.22,23.14,69.86,3.34,6.12,4.94,0.37,0.41
1999,349,26.46,31.69,21.82,61.04,0.04,7.38,5.93,0.19,0.4
1999,350,26.48,31.9,22.21,66.92,1.49,5.17,4.23,0.84,0.4
1999,351,26.22,29.67,24.01,76.49,3.76,3.06,2.54,1.0,0.4
1999,352,27.02,29.91,24.58,77.26,5.19,5.7,4.52,1.0,0.4
1999,353,27.43,31.09,24.96,73.69,1.17,5.26,4.17,0.7,0.41
1999,354,28.42,33.39,24.13,67.82,0.01,3.67,2.93,0.18,0.4
1999,355,29.14,34.85,24.8,63.78,0.37,4.58,3.65,0.62,0.4
1999,356,29.24,34.14,24.1,59.53,0.0,6.26,4.99,0.0,0.4
1999,357,29.94,35.9,24.57,59.6,0.0,5.71,4.53,0.13,0.39
1999,358,29.27,33.8,25.94,67.03,0.09,4.24,3.38,0.67,0.39
1999,359,28.9,33.56,25.52,67.41,0.03,3.92,3.15,0.74,0.39
1999,360,30.11,35.07,25.31,61.99,0.08,6.39,5.1,0.19,0.38
1999,361,31.06,36.65,26.98,51.55,0.0,6.17,4.89,0.0,0.38
1999,362,30.88,36.44,26.05,55.18,0.92,5.04,4.02,0.42,0.38
1999,363,29.89,35.88,26.03,59.26,5.53,4.84,3.84,0.61,0.38
1999,364,28.37,31.63,26.25,71.48,5.16,4.53,3.63,0.44,0.39
1999,365,28.48,32.62,25.26,71.73,9.68,3.68,2.95,0.59,0.4
2000,1,29.59,34.93,26.14,68.81,1.66,4.77,3.82,0.51,0.41
2000,2,30.53,36.28,25.85,60.22,0.11,4.68,3.72,0.4,0.4
2000,3,30.05,34.11,26.98,66.34,2.4,4.08,3.3,0.24,0.4
2000,4,29.47,34.6,24.1,58.78,0.02,4.92,3.94,0.17,0.4
2000,5,30.84,36.04,26.11,57.25,2.2,4.32,3.46,0.22,0.39
2000,6,31.04,35.94,27.05,57.1,0.11,4.46,3.58,0.6,0.39
2000,7,27.41,28.93,26.02,71.27,12.59,4.77,3.82,0.76,0.4
2000,8,27.44,32.04,24.46,71.6,16.55,3.86,3.15,0.74,0.42
2000,9,28.32,33.57,24.66,69.88,4.47,3.65,2.94,0.6,0.43
2000,10,26.04,27.29,24.57,84.16,33.64,3.29,2.67,1.0,0.47
2000,11,25.31,27.51,23.93,82.78,23.59,7.56,5.91,0.97,0.51
2000,12,26.78,30.53,23.78,80.13,6.18,6.11,4.8,0.84,0.52
2000,13,26.07,28.29,24.5,85.9,24.86,4.28,3.43,0.98,0.53
2000,14,26.0,27.84,24.47,87.08,11.73,6.32,5.02,0.99,0.56
2000,15,27.3,30.17,25.3,81.3,4.44,7.51,5.91,1.0,0.55
2000,16,27.4,30.88,24.71,82.24,10.78,4.34,3.46,0.69,0.55
2000,17,26.97,30.26,24.71,83.61,19.86,4.22,3.35,0.95,0.57
2000,18,26.6,28.82,25.01,83.87,6.49,3.95,3.14,0.92,0.57
2000,19,25.73,27.89,23.5,79.17,4.02,5.39,4.3,0.7,0.57
2000,20,25.84,30.29,22.5,75.29,1.96,6.37,5.06,0.14,0.56
2000,21,26.24,31.09,21.6,72.13,0.27,6.78,5.37,0.33,0.55
2000,22,27.11,31.35,23.53,76.14,1.12,4.93,3.92,0.24,0.54
2000,23,27.81,31.46,24.7,76.81,0.85,3.11,2.46,0.49,0.53
2000,24,28.15,32.26,24.61,72.76,2.37,2.82,2.23,0.91,0.53
2000,25,28.12,31.17,25.29,74.17,1.19,4.01,3.17,0.2,0.52
2000,26,28.02,31.19,25.09,74.81,1.18,2.96,2.39,0.2,0.52
2000,27,28.52,32.01,25.3,71.15,1.82,1.95,1.56,0.39,0.51
2000,28,28.36,31.44,25.06,66.87,1.3,3.62,2.83,0.37,0.51
2000,29,28.46,33.25,24.87,70.38,0.67,4.05,3.24,0.26,0.5
2000,30,27.94,31.15,25.4,76.12,1.39,3.09,2.49,0.07,0.5
2000,31,28.1,31.66,25.38,75.07,0.34,2.82,2.26,0.15,0.49
2000,32,27.57,30.45,25.12,79.05,2.09,3.06,2.48,0.71,0.49
2000,33,27.27,29.77,25.51,79.62,2.4,3.42,2.72,0.68,0.49
2000,34,28.66,33.36,24.63,72.07,4.14,4.62,3.66,0.34,0.49
2000,35,28.59,33.06,24.97,72.99,1.35,3.7,2.93,0.33,0.49
2000,36,28.43,32.13,24.91,64.56,0.23,4.14,3.26,0.48,0.49
2000,37,29.26,33.9,24.96,64.74,0.39,4.09,3.29,0.06,0.48
2000,38,29.75,35.07,24.29,63.79,0.34,3.95,3.15,0.04,0.48
2000,39,29.63,35.15,24.94,65.56,0.12,4.37,3.48,0.31,0.47
2000,40,27.21,28.43,26.17,77.18,2.46,3.06,2.44,0.78,0.47
2000,41,29.21,33.79,25.13,65.94,1.51,3.61,2.9,0.16,0.47
2000,42,28.02,32.06,24.85,71.3,2.28,4.03,3.17,0.71,0.47
2000,43,28.2,32.56,25.28,77.31,5.64,4.11,3.25,1.0,0.47
2000,44,27.53,31.9,24.41,72.72,3.72,4.12,3.31,1.0,0.48
2000,45,28.53,32.9,25.32,71.33,0.99,3.47,2.79,0.25,0.48
2000,46,29.34,33.38,26.2,70.43,1.31,4.13,3.28,0.16,0.47
2000,47,29.39,33.66,26.27,69.52,2.9,3.96,3.16,0.43,0.47
2000,48,29.59,34.87,24.54,61.39,0.27,6.73,5.27,0.33,0.46
2000,49,29.82,35.76,25.12,63.92,0.5,10.2,7.84,0.63,0.46
2000,50,28.04,30.99,25.84,68.88,3.05,9.89,7.61,1.0,0.46
2000,51,27.19,30.49,24.8,76.68,7.31,7.95,6.18,1.0,0.46
2000,52,25.89,28.05,24.21,79.51,9.97,6.36,4.96,1.0,0.48
2000,53,27.83,32.68,23.53,68.22,0.83,4.02,3.21,0.41,0.48
2000,54,28.1,33.26,23.45,65.24,0.38,4.36,3.44,0.14,0.47
2000,55,28.07,33.08,24.86,68.24,2.4,2.97,2.35,0.32,0.46
2000,56,27.65,32.37,24.21,71.21,0.97,3.8,3.01,0.7,0.46
2000,57,28.16,33.1,24.22,67.68,0.81,4.1,3.26,0.53,0.46
2000,58,27.8,33.15,23.45,63.7,0.08,4.14,3.32,0.22,0.45
2000,59,29.17,34.9,23.77,57.47,0.0,3.52,2.81,0.08,0.45
2000,60,28.63,34.28,22.58,58.96,0.03,4.45,3.53,0.1,0.44
2000,61,28.9,34.63,24.01,64.4,1.13,5.02,3.97,0.26,0.44
2000,62,29.11,34.61,24.36,64.3,1.16,4.16,3.32,0.03,0.44
2000,63,29.74,35.31,24.81,60.3,0.68,5.1,3.91,0.77,0.43
2000,64,27.92,31.83,25.44,70.42,2.24,8.25,6.39,1.0,0.43
2000,65,28.16,32.84,24.97,77.91,7.2,5.09,4.02,1.0,0.44
2000,66,27.07,30.07,25.27,78.97,5.4,4.44,3.51,0.95,0.44
2000,67,26.9,30.4,24.06,75.71,1.72,5.0,3.91,0.79,0.45
2000,68,26.82,30.89,23.87,71.61,0.41,4.19,3.34,0.55,0.45
2000,69,28.49,34.18,24.17,65.35,0.09,3.04,2.41,0.07,0.44
2000,70,28.58,34.18,23.64,62.8,0.01,4.11,3.24,0.2,0.44
2000,71,28.86,34.04,24.78,63.33,0.06,3.47,2.76,0.12,0.43
2000,72,29.48,34.86,25.11,62.14,0.03,3.09,2.44,0.05,0.43
2000,73,29.52,34.4,26.05,64.51,0.02,3.39,2.7,0.32,0.43
2000,74,28.25,32.0,24.77,63.99,0.0,4.06,3.23,0.26,0.42
2000,75,29.12,33.68,25.97,66.09,0.04,3.47,2.75,0.75,0.42
2000,76,29.22,34.22,25.05,62.55,0.01,3.53,2.83,0.46,0.42
2000,77,28.94,33.91,25.24,64.0,0.35,3.57,2.86,0.28,0.41
2000,78,28.78,33.84,24.56,63.82,3.92,3.33,2.61,0.63,0.41
2000,79,29.36,35.03,24.86,63.03,1.04,3.79,3.03,0.05,0.42
2000,80,29.08,32.64,26.42,67.44,3.06,3.54,2.81,0.42,0.42
2000,81,28.39,32.33,25.78,70.08,1.5,2.68,2.15,0.32,0.42
2000,82,28.08,32.1,25.32,64.0,0.0,3.5,2.81,0.07,0.42
2000,83,28.93,34.47,24.32,66.32,0.09,2.95,2.36,0.29,0.41
2000,84,29.96,35.49,25.84,57.35,0.51,3.11,2.46,0.62,0.41
2000,85,28.19,31.63,25.28,61.96,1.01,4.3,3.43,0.5,0.41
2000,86,26.88,29.56,24.9,73.47,2.4,3.68,2.93,1.0,0.41
2000,87,27.44,31.92,24.5,71.03,0.56,3.34,2.68,0.86,0.41
2000,88,28.39,33.93,24.26,63.57,0.04,3.86,3.05,0.02,0.41
2000,89,27.92,32.49,24.08,69.88,0.02,4.18,3.36,0.06,0.41
2000,90,28.4,33.08,24.69,67.81,0.11,5.66,4.55,0.06,0.41
2000,91,28.44,33.8,24.8,69.02,0.13,5.29,4.23,0.08,0.41
2000,92,30.02,35.71,24.77,62.51,0.11,4.58,3.65,0.11,0.4
2000,93,29.29,35.64,23.59,54.6,0.0,4.29,3.38,0.06,0.4
2000,94,28.74,35.06,23.53,57.51,0.0,4.37,3.47,0.04,0.4
2000,95,28.24,33.82,23.49,60.92,0.0,5.11,4.05,0.03,0.4
2000,96,29.73,35.33,25.8,58.54,0.13,2.9,2.31,0.46,0.4
2000,97,28.5,32.83,25.04,59.06,0.01,4.11,3.26,0.66,0.4
2000,98,28.31,32.95,25.18,63.89,0.0,4.2,3.37,0.31,0.4
2000,99,28.42,33.2,25.2,68.83,0.01,3.52,2.84,0.4,0.4
2000,100,28.91,33.15,26.0,61.8,0.04,3.74,3.0,0.87,0.39
2000,101,28.82,33.53,25.08,62.37,0.01,4.22,3.43,0.28,0.39
2000,102,29.36,34.28,26.02,56.72,0.0,3.11,2.52,0.18,0.39
2000,103,29.18,33.75,26.2,58.89,0.0,3.58,2.89,0.26,0.39
2000,104,28.6,33.43,25.23,65.37,0.02,3.39,2.73,0.46,0.39
2000,105,28.53,33.53,25.26,64.18,0.03,3.54,2.87,0.33,0.39
2000,106,27.93,31.97,25.13,68.61,0.02,4.42,3.5,0.22,0.39
2000,107,27.88,32.42,24.96,69.47,0.11,3.61,2.9,0.16,0.39
2000,108,27.05,30.0,24.94,74.46,0.28,3.97,3.17,0.74,0.39
2000,109,26.48,30.0,24.19,71.49,0.23,3.63,2.92,0.39,0.39
2000,110,26.6,31.89,22.33,66.52,0.01,6.11,4.88,0.07,0.39
2000,111,27.53,33.64,22.42,63.4,0.0,6.49,5.13,0.03,0.39
2000,112,28.75,34.04,24.21,57.08,0.01,6.47,5.03,0.13,0.39
2000,113,28.29,32.74,24.75,59.74,0.17,4.09,3.22,0.62,0.39
2000,114,27.96,32.36,25.46,66.25,0.22,4.29,3.4,0.2,0.39
2000,115,26.7,30.13,24.55,73.16,0.24,3.6,2.92,0.07,0.39
2000,116,26.63,31.72,23.24,69.15,0.13,3.83,3.09,0.05,0.39
2000,117,26.02,31.07,22.26,71.92,3.7,3.64,2.94,0.18,0.39
2000,118,26.05,31.33,22.53,72.28,0.01,3.78,3.03,0.01,0.39
2000,119,25.03,29.28,22.06,72.53,2.75,7.08,5.58,0.11,0.39
2000,120,23.78,28.36,20.94,63.49,0.13,9.61,7.49,0.72,0.39
2000,121,23.85,29.19,19.58,57.74,0.01,8.6,6.71,0.04,0.39
2000,122,24.62,30.17,18.98,57.49,0.0,6.41,5.02,0.03,0.39
2000,123,25.08,30.87,20.47,58.89,0.0,4.54,3.57,0.07,0.39
2000,124,25.59,30.57,21.81,64.68,0.01,3.8,2.98,0.05,0.39
2000,125,25.54,30.4,22.24,68.08,0.04,3.67,2.9,0.14,0.39
2000,126,25.57,30.94,21.39,64.83,0.0,3.45,2.78,0.19,0.39
2000,127,25.74,31.23,21.96,63.62,0.01,3.91,3.07,0.99,0.39
2000,128,25.28,28.47,22.64,67.48,0.06,4.02,3.18,1.0,0.39
2000,129,25.16,28.67,22.56,65.11,0.06,3.91,3.12,0.96,0.39
2000,130,25.56,30.21,22.76,72.55,0.13,5.78,4.58,0.83,0.39
2000,131,25.39,30.74,20.79,67.74,0.1,5.28,4.2,0.09,0.39
2000,132,25.26,29.33,22.25,72.91,1.07,5.01,4.01,0.18,0.39
2000,133,23.61,25.95,21.25,80.79,2.48,5.81,4.63,1.0,0.39
2000,134,23.02,26.86,20.72,75.2,0.1,3.3,2.65,0.96,0.39
2000,135,23.57,26.89,21.11,72.25,0.4,4.27,3.41,0.63,0.39
2000,136,23.75,26.08,22.08,73.18,0.81,6.06,4.76,0.48,0.39
2000,137,23.9,27.97,20.71,70.08,0.13,5.39,4.27,0.27,0.39
2000,138,24.91,30.27,20.37,67.46,0.0,5.58,4.43,0.03,0.39
2000,139,24.3,28.5,21.27,71.83,0.24,5.04,4.06,0.31,0.39
2000,140,24.08,28.4,20.69,68.21,0.04,6.38,5.08,0.01,0.39
2000,141,24.29,29.68,19.85,67.59,0.01,5.89,4.7,0.04,0.39
2000,142,23.39,27.97,19.92,70.55,0.01,6.05,4.83,0.25,0.39
2000,143,23.06,28.44,18.0,67.34,0.0,5.34,4.24,0.03,0.38
2000,144,23.83,30.14,18.37,65.78,0.0,4.39,3.48,0.01,0.38
2000,145,24.6,29.28,21.4,68.37,0.0,3.01,2.39,0.51,0.38
2000,146,24.03,28.12,21.43,73.73,0.02,2.71,2.16,0.78,0.38
2000,147,23.43,27.89,20.88,74.16,0.04,2.82,2.28,0.5,0.38
2000,148,23.02,26.77,20.81,72.65,0.14,2.35,1.92,0.17,0.38
2000,149,22.85,27.78,19.57,74.57,0.1,2.97,2.35,0.09,0.38
2000,150,22.11,26.02,19.55,71.61,0.14,4.23,3.37,0.47,0.38
2000,151,22.8,28.96,17.86,61.88,0.0,4.32,3.44,0.02,0.38
2000,152,23.26,28.14,19.2,62.14,0.0,3.73,2.88,0.04,0.38
2000,153,23.76,29.28,19.28,65.91,0.08,6.64,5.23,0.02,0.38
2000,154,23.85,29.91,18.92,63.14,0.18,5.5,4.29,0.02,0.38
2000,155,24.15,30.35,19.28,60.14,0.0,3.89,3.05,0.01,0.38
2000,156,23.91,29.49,19.38,63.28,0.01,4.06,3.21,0.29,0.38
2000,157,24.54,30.04,20.29,64.35,0.08,5.82,4.53,0.15,0.38
2000,158,24.36,30.0,19.56,63.12,0.02,7.19,5.61,0.04,0.38
2000,159,23.91,29.99,18.59,57.77,0.0,6.25,4.82,0.01,0.38
2000,160,22.91,28.19,18.15,57.95,0.0,4.82,3.83,0.07,0.38
2000,161,22.83,27.03,20.03,63.18,0.0,3.72,2.93,0.4,0.38
2000,162,23.14,27.44,19.03,65.02,0.06,2.78,2.21,0.03,0.38
2000,163,24.63,29.77,20.98,58.58,0.82,3.26,2.59,0.12,0.38
2000,164,24.01,29.07,19.66,59.71,0.0,3.97,3.14,0.06,0.38
2000,165,23.46,28.88,18.72,58.25,0.0,4.18,3.31,0.02,0.38
2000,166,23.41,28.69,19.08,63.57,0.0,4.46,3.55,0.02,0.38
2000,167,22.91,28.43,18.19,66.13,0.0,5.08,4.05,0.02,0.38
2000,168,23.56,30.09,18.46,59.54,0.01,3.54,2.76,0.03,0.38
2000,169,23.59,29.28,19.24,63.15,0.0,3.74,2.95,0.03,0.38
2000,170,23.53,29.34,19.17,62.23,0.0,5.91,4.68,0.54,0.38
2000,171,23.36,29.53,18.47,67.07,0.04,8.42,6.61,0.97,0.38
2000,172,24.22,29.87,19.6,66.21,0.0,4.35,3.47,0.09,0.37
2000,173,24.03,28.9,20.21,66.43,0.0,4.45,3.55,0.16,0.37
2000,174,24.3,29.83,20.22,66.52,0.13,3.24,2.55,0.09,0.37
2000,175,23.52,27.96,20.89,74.27,0.0,3.09,2.52,0.03,0.37
2000,176,23.04,27.89,19.32,72.13,0.0,5.01,4.0,0.02,0.37
2000,177,23.42,29.01,18.88,65.55,0.15,5.32,4.24,0.16,0.37
2000,178,22.62,28.2,18.06,68.85,0.0,6.45,5.13,0.02,0.37
2000,179,22.02,26.96,18.83,67.09,0.03,7.62,6.04,0.01,0.37
2000,180,20.47,25.42,17.08,60.62,0.01,9.53,7.49,0.01,0.37
2000,181,20.24,26.49,15.21,59.47,0.0,8.18,6.46,0.06,0.37
2000,182,20.73,27.22,15.49,60.7,0.02,8.07,6.35,0.06,0.37
2000,183,20.52,26.38,15.71,58.97,0.01,8.6,6.76,0.26,0.37
2000,184,20.44,26.31,15.74,61.82,0.15,8.0,6.33,0.25,0.37
2000,185,20.0,25.51,15.42,57.38,0.01,8.87,6.97,0.01,0.37
2000,186,20.25,26.21,15.3,66.86,2.7,8.51,6.71,0.1,0.37
2000,187,20.37,24.1,17.45,77.57,2.29,6.98,5.53,1.0,0.38
2000,188,21.82,26.98,17.81,73.32,0.43,7.12,5.63,0.41,0.38
2000,189,21.29,24.13,19.36,77.66,1.1,8.69,6.81,0.87,0.38
2000,190,21.94,26.98,18.84,76.73,1.86,9.6,7.45,0.39,0.38
2000,191,23.43,29.52,19.55,68.62,1.8,6.65,5.12,0.38,0.39
2000,192,22.97,28.52,18.4,65.21,1.13,4.74,3.73,0.14,0.39
2000,193,22.65,27.67,18.52,62.17,0.0,5.13,4.06,0.02,0.39
2000,194,22.73,28.51,18.07,62.02,0.08,6.42,5.02,0.02,0.38
2000,195,22.35,27.77,17.67,65.11,0.09,4.84,3.86,0.14,0.38
2000,196,22.73,27.39,18.35,64.72,0.16,3.19,2.54,0.16,0.38
2000,197,23.51,28.38,19.39,63.64,0.0,3.23,2.58,0.29,0.38
2000,198,23.48,29.01,19.69,68.68,0.04,3.67,2.89,0.06,0.38
2000,199,21.17,24.1,17.85,65.09,0.71,6.62,5.3,0.36,0.38
2000,200,20.13,25.6,15.84,58.49,0.0,5.92,4.72,0.05,0.38
2000,201,20.38,26.24,15.0,61.17,0.0,3.81,3.02,0.04,0.38
2000,202,21.28,27.44,16.07,65.82,0.0,4.34,3.37,0.04,0.38
2000,203,22.28,26.24,19.35,68.31,0.26,4.36,3.48,0.2,0.38
2000,204,21.1,25.73,17.48,66.31,0.01,7.47,5.96,0.16,0.38
2000,205,20.65,25.77,16.58,60.77,0.0,7.58,6.03,0.09,0.38
2000,206,20.64,26.84,16.02,66.6,0.03,6.18,4.95,0.09,0.38
2000,207,21.48,27.33,16.55,66.22,0.0,5.16,4.13,0.07,0.38
2000,208,20.29,24.44,17.08,74.33,0.01,4.76,3.83,0.25,0.38
2000,209,20.51,24.96,16.23,66.63,0.02,4.88,3.91,0.28,0.37
2000,210,21.9,28.69,16.63,69.29,0.03,4.48,3.54,0.16,0.37
2000,211,21.29,26.14,17.64,68.37,0.04,4.74,3.75,0.09,0.37
2000,212,21.75,26.12,18.46,68.69,0.25,2.74,2.19,0.36,0.37
2000,213,21.73,26.77,18.18,70.62,0.0,3.2,2.61,0.29,0.37
2000,214,21.95,27.27,17.64,70.46,0.04,7.05,5.6,0.05,0.37
2000,215,23.12,28.33,19.07,64.14,0.09,9.31,7.28,0.47,0.37
2000,216,24.12,30.21,19.01,59.24,0.03,5.0,3.95,0.3,0.37
2000,217,23.59,29.37,19.01,64.63,0.01,4.41,3.53,0.1,0.37
2000,218,22.88,28.03,18.77,71.24,0.01,6.26,4.98,0.07,0.37
2000,219,22.35,27.2,19.04,69.52,0.01,8.4,6.65,0.14,0.37
2000,220,21.83,27.04,18.12,67.34,0.01,9.12,7.22,0.35,0.37
2000,221,21.97,27.15,17.81,64.9,0.0,8.02,6.36,0.29,0.37
2000,222,22.34,28.01,17.28,57.82,0.0,6.94,5.49,0.05,0.37
2000,223,22.65,28.02,17.27,56.62,0.0,4.59,3.66,0.37,0.37
2000,224,22.28,28.06,17.65,62.72,0.0,4.53,3.6,0.0,0.37
2000,225,21.55,25.94,18.19,71.67,0.0,3.61,2.88,0.43,0.37
2000,226,22.2,28.36,17.44,70.38,0.04,6.06,4.82,0.14,0.37
2000,227,22.31,27.33,18.91,69.17,0.3,8.23,6.54,0.23,0.37
2000,228,21.66,27.31,17.68,66.68,0.23,9.21,7.28,0.0,0.37
2000,229,23.09,29.56,16.67,59.95,0.03,6.29,4.94,0.04,0.37
2000,230,23.94,28.87,19.8,58.59,0.0,5.02,4.03,0.01,0.37
2000,231,22.84,27.81,19.63,64.64,0.0,4.18,3.37,0.02,0.37
2000,232,22.14,26.77,18.99,68.37,0.61,6.18,4.98,0.27,0.37
2000,233,21.69,27.46,17.36,63.05,0.01,8.25,6.55,0.01,0.37
2000,234,22.93,28.97,16.62,56.45,0.01,5.87,4.62,0.16,0.37
2000,235,23.68,29.36,19.57,56.93,0.21,5.02,4.0,0.35,0.37
2000,236,23.89,29.46,18.95,59.54,0.04,3.75,3.0,0.28,0.37
2000,237,24.11,29.13,20.35,58.69,0.08,3.96,3.19,0.38,0.37
2000,238,23.9,28.71,20.66,58.31,0.05,4.38,3.56,0.36,0.37
2000,239,24.27,28.93,21.19,57.93,0.03,3.5,2.84,0.33,0.37
2000,240,24.0,28.31,20.73,60.82,0.14,3.21,2.61,0.28,0.37
2000,241,23.35,28.66,19.35,62.66,0.12,4.17,3.35,0.19,0.37
2000,242,23.41,28.01,19.69,64.66,0.34,3.61,2.93,0.17,0.37
2000,243,24.84,30.12,20.09,57.09,0.04,2.5,2.0,0.28,0.37
2000,244,24.86,30.15,21.5,60.76,0.01,3.29,2.57,0.17,0.37
2000,245,24.18,29.86,20.36,69.44,0.0,3.65,2.9,0.05,0.37
2000,246,25.15,31.74,19.3,56.02,0.0,3.52,2.68,0.04,0.37
2000,247,25.35,31.85,19.74,57.96,0.0,5.0,3.96,0.16,0.36
2000,248,25.26,30.67,21.43,68.42,0.0,4.39,3.52,0.63,0.36
2000,249,25.47,30.86,20.73,65.38,0.0,4.31,3.42,0.46,0.36
2000,250,24.86,30.57,20.67,60.59,0.0,4.17,3.35,0.16,0.36
2000,251,24.02,30.21,19.4,67.99,0.0,4.13,3.32,0.14,0.36
2000,252,22.01,25.83,18.48,70.55,0.11,7.85,6.23,0.62,0.36
2000,253,22.42,30.42,15.85,47.98,0.0,8.35,6.58,0.05,0.36
2000,254,23.71,30.79,17.58,62.53,0.01,6.31,5.04,0.1,0.36
2000,255,23.52,27.6,20.26,71.38,0.0,5.87,4.68,0.35,0.36
2000,256,23.28,29.32,18.49,60.88,0.11,9.22,7.29,0.15,0.36
2000,257,24.48,31.22,20.01,61.5,0.0,5.22,4.15,0.04,0.36
2000,258,24.8,31.14,20.67,65.9,0.0,3.38,2.66,0.03,0.36
2000,259,23.71,29.53,19.02,65.91,0.03,7.29,5.76,0.04,0.36
2000,260,24.35,30.42,18.69,57.62,0.01,7.08,5.57,0.31,0.36
2000,261,25.29,32.69,20.28,61.33,0.0,5.68,4.48,0.04,0.36
2000,262,25.15,32.12,19.66,58.03,0.0,5.1,4.05,0.02,0.36
2000,263,24.6,30.9,19.35,59.32,0.0,4.63,3.74,0.04,0.36
2000,264,25.57,32.52,19.37,51.89,0.0,4.35,3.45,0.01,0.36
2000,265,24.96,31.72,19.93,57.21,0.0,5.55,4.43,0.01,0.36
2000,266,24.73,30.75,19.18,55.57,0.04,5.11,4.14,0.46,0.36
2000,267,25.79,31.53,20.22,51.57,0.0,6.72,5.33,0.19,0.36
2000,268,25.95,33.01,20.69,52.29,0.04,5.01,3.99,0.04,0.36
2000,269,25.07,31.86,20.01,60.27,1.44,6.51,5.18,0.56,0.36
2000,270,25.45,31.25,21.85,60.38,0.77,4.58,3.7,0.43,0.36
2000,271,24.01,28.88,20.57,72.45,1.44,5.79,4.69,0.25,0.36
2000,272,24.13,30.11,18.95,60.06,0.0,6.88,5.56,0.0,0.36
2000,273,25.83,33.09,20.69,57.42,0.0,4.65,3.71,0.0,0.36
2000,274,25.25,30.77,21.62,66.28,0.0,4.36,3.51,0.27,0.36
2000,275,25.8,32.18,20.93,60.63,0.0,3.71,3.0,0.1,0.36
2000,276,26.1,32.95,21.51,57.02,0.0,4.74,3.74,0.09,0.36
2000,277,26.24,31.93,21.93,58.3,0.01,3.55,2.85,0.1,0.36
2000,278,25.79,31.86,21.83,61.96,0.03,4.55,3.63,0.26,0.36
2000,279,25.75,30.76,22.1,68.2,0.14,3.32,2.72,0.57,0.36
2000,280,26.61,32.68,23.1,61.44,0.0,3.85,3.13,0.6,0.36
2000,281,26.79,32.31,21.79,60.15,0.0,5.71,4.57,0.38,0.36
2000,282,27.28,33.43,21.53,56.54,0.0,6.45,5.15,0.29,0.36
2000,283,27.1,34.22,22.43,56.77,0.0,4.5,3.57,0.02,0.36
2000,284,26.33,32.76,21.54,61.95,0.0,3.24,2.57,0.02,0.36
2000,285,25.72,31.5,20.92,63.64,0.0,5.79,4.66,0.24,0.36
2000,286,25.77,31.56,21.53,64.97,0.12,10.06,7.96,0.62,0.36
2000,287,26.03,32.99,19.75,51.36,0.08,10.2,7.99,0.05,0.36
2000,288,25.04,32.53,17.69,46.59,0.0,6.14,4.92,0.01,0.36
2000,289,25.32,31.52,19.23,48.25,0.0,5.79,4.65,0.01,0.36
2000,290,26.06,33.46,19.29,48.96,0.0,8.02,6.33,0.05,0.36
2000,291,26.3,32.98,20.16,51.99,0.0,7.02,5.59,0.05,0.36
2000,292,26.9,33.41,20.9,52.58,0.0,5.09,4.06,0.02,0.36
2000,293,26.24,32.03,22.56,64.16,0.0,4.17,3.37,0.1,0.36
2000,294,25.58,30.9,21.0,65.15,0.0,3.49,2.79,0.17,0.36
2000,295,25.11,29.86,20.99,62.67,0.02,5.7,4.64,0.32,0.36
2000,296,25.19,30.36,21.66,62.62,0.03,8.77,7.03,0.13,0.36
2000,297,25.3,31.6,20.55,60.75,0.01,7.75,6.25,0.23,0.36
2000,298,25.12,29.92,21.4,64.07,0.0,4.87,3.93,0.1,0.36
2000,299,25.53,31.36,22.02,65.52,0.0,3.37,2.77,0.0,0.36
2000,300,26.76,34.41,21.63,64.59,0.0,4.65,3.71,0.0,0.36
2000,301,25.87,31.49,20.94,66.17,0.02,5.43,4.39,0.18,0.36
2000,302,24.74,29.64,21.73,66.82,0.92,8.14,6.53,0.98,0.36
2000,303,24.74,30.22,20.89,62.62,0.66,8.39,6.73,0.6,0.36
2000,304,23.14,28.31,19.34,65.1,0.0,6.62,5.39,0.3,0.36
2000,305,24.28,30.04,19.37,64.91,0.04,5.96,4.84,0.18,0.36
2000,306,25.44,30.22,21.7,74.0,7.92,4.81,3.91,0.58,0.37
2000,307,25.79,29.68,23.25,73.84,0.73,3.92,3.21,0.74,0.37
2000,308,26.79,31.88,22.72,68.02,0.23,3.4,2.77,0.48,0.37
2000,309,27.58,32.59,24.63,65.76,0.76,4.02,3.19,0.82,0.37
2000,310,27.46,31.8,24.76,62.91,1.36,3.05,2.43,0.98,0.37
2000,311,27.36,32.2,23.93,61.1,0.15,4.98,4.0,0.49,0.37
2000,312,27.19,31.66,22.89,59.37,0.0,4.64,3.77,0.37,0.37
2000,313,28.4,33.94,23.88,53.9,0.78,4.0,3.21,0.1,0.36
2000,314,27.19,32.38,23.66,62.71,0.03,4.8,3.88,0.09,0.36
2000,315,26.76,31.86,22.44,66.9,0.31,3.72,3.04,0.12,0.36
2000,316,27.66,33.44,23.64,62.29,0.69,3.42,2.78,0.79,0.36
2000,317,26.3,30.46,23.25,64.74,0.91,2.92,2.41,0.98,0.36
2000,318,26.57,31.21,23.21,68.04,2.87,4.16,3.41,0.49,0.37
2000,319,26.84,30.9,23.92,67.83,5.96,2.52,2.08,0.71,0.37
2000,320,26.8,31.68,24.31,64.32,1.89,4.44,3.6,0.6,0.38
2000,321,24.49,25.95,23.15,75.93,3.58,2.93,2.42,0.98,0.38
2000,322,25.14,28.21,23.01,76.62,11.53,2.38,1.94,1.0,0.39
2000,323,25.43,28.94,22.32,72.98,11.31,3.56,2.91,0.92,0.41
2000,324,26.72,31.75,21.92,68.07,9.29,4.86,3.88,0.6,0.41
2000,325,26.8,32.41,23.62,72.35,31.93,6.63,5.2,1.0,0.44
2000,326,25.65,28.51,23.68,80.11,18.03,5.22,4.16,1.0,0.48
2000,327,26.23,28.9,24.07,75.38,3.01,1.69,1.39,0.75,0.5
2000,328,26.68,30.27,23.61,73.59,2.87,2.94,2.36,0.51,0.49
2000,329,26.97,31.41,23.25,73.16,3.22,3.05,2.48,0.28,0.48
2000,330,26.9,30.48,23.79,72.94,1.53,4.75,3.83,0.19,0.48
2000,331,28.09,33.58,22.48,69.16,2.11,4.24,3.4,0.17,0.47
2000,332,28.95,33.61,24.98,68.1,0.76,4.11,3.29,0.31,0.47
2000,333,28.16,33.4,23.44,67.29,0.28,4.9,4.0,0.15,0.46
2000,334,27.47,31.38,24.85,73.54,0.81,4.54,3.69,0.64,0.46
2000,335,26.84,30.68,24.34,72.57,0.35,4.17,3.41,0.3,0.45
2000,336,26.44,30.41,22.68,70.02,0.74,6.84,5.51,0.97,0.45
2000,337,27.3,33.44,21.0,64.26,0.94,6.09,4.86,0.04,0.44
2000,338,28.53,34.02,23.89,65.61,2.26,3.93,3.12,0.46,0.44
2000,339,27.2,30.72,25.0,74.09,5.65,2.74,2.25,0.73,0.45
2000,340,27.64,31.79,24.19,66.85,1.09,4.24,3.43,0.46,0.45
2000,341,28.06,32.78,24.0,62.55,1.35,5.47,4.42,0.54,0.44
2000,342,28.76,34.4,23.53,63.35,0.87,4.67,3.77,0.0,0.44
2000,343,28.8,33.7,25.07,66.62,0.32,4.12,3.31,0.12,0.43
2000,344,27.94,32.76,24.22,63.14,0.0,4.15,3.37,0.0,0.43
2000,345,26.95,31.9,22.45,65.39,0.0,5.06,4.12,0.0,0.42
2000,346,27.46,32.41,23.6,66.45,0.03,4.46,3.64,0.12,0.42
2000,347,27.47,31.15,24.11,71.34,0.88,5.97,4.74,0.73,0.42
2000,348,27.47,31.05,23.79,75.91,13.36,7.24,5.74,0.87,0.43
2000,349,27.01,32.13,23.24,73.89,5.93,7.11,5.68,0.65,0.44
2000,350,26.49,31.2,22.46,69.19,1.82,9.22,7.28,0.81,0.44
2000,351,27.06,33.25,21.31,65.11,1.12,7.6,5.99,0.28,0.44
2000,352,28.74,34.74,24.49,67.82,0.03,4.41,3.47,0.14,0.43
2000,353,28.54,32.69,25.4,73.22,0.05,3.63,2.91,0.36,0.43
2000,354,28.64,33.34,25.02,72.52,0.05,3.43,2.77,0.68,0.42
2000,355,28.08,32.16,25.03,71.9,0.12,4.12,3.29,0.72,0.42
2000,356,28.69,33.53,25.36,67.21,0.08,3.26,2.66,0.3,0.42
2000,357,26.94,30.18,24.65,74.71,4.19,2.86,2.32,0.61,0.42
2000,358,26.09,28.75,23.57,72.57,1.8,2.92,2.36,1.0,0.42
2000,359,25.28,27.18,23.98,79.14,5.94,2.19,1.81,1.0,0.43
2000,360,26.33,30.73,23.54,77.0,10.97,3.41,2.77,1.0,0.44
2000,361,26.42,29.14,24.14,75.53,7.3,5.03,4.04,0.69,0.45
2000,362,26.68,32.25,22.61,65.43,0.15,8.77,6.91,0.34,0.45
2000,363,28.06,33.59,22.04,65.94,1.06,4.45,3.56,0.37,0.44
2000,364,28.37,33.34,24.78,65.6,2.45,4.31,3.45,0.47,0.44
2000,365,28.7,33.22,25.21,68.47,2.14,2.75,2.23,0.15,0.44
2000,366,29.3,34.61,25.47,67.48,2.33,3.58,2.89,0.51,0.43
2001,1,28.8,33.13,25.58,71.27,4.52,5.17,4.19,58.84,0.43
2001,2,29.02,33.76,25.44,70.89,3.72,5.35,4.31,48.91,0.44
2001,3,28.44,32.79,26.03,74.14,1.83,4.27,3.48,87.47,0.44
2001,4,27.27,30.11,25.1,75.79,1.59,4.7,3.83,74.45,0.43
2001,5,27.31,31.52,24.4,68.16,0.04,3.73,3.05,35.44,0.43
2001,6,28.56,32.78,24.72,67.5,3.08,2.79,2.29,67.35,0.43
2001,7,29.14,33.06,25.91,71.7,3.42,2.8,2.27,53.35,0.43
2001,8,29.64,34.92,25.16,65.72,1.59,6.1,4.84,46.62,0.43
2001,9,29.29,34.24,24.77,65.33,0.91,5.96,4.8,22.98,0.42
2001,10,29.5,34.72,24.48,63.27,0.86,5.86,4.72,28.01,0.42
2001,11,29.43,34.59,24.52,60.87,1.39,6.62,5.3,44.34,0.42
2001,12,28.99,35.3,23.48,56.02,0.04,8.47,6.66,13.17,0.41
2001,13,28.55,34.35,23.53,58.26,0.37,5.73,4.61,14.8,0.41
2001,14,28.53,33.51,24.88,66.73,5.09,3.39,2.75,42.27,0.41
2001,15,29.75,34.96,25.03,65.75,3.11,2.74,2.21,22.6,0.42
2001,16,29.62,34.78,24.8,63.4,4.32,3.47,2.76,16.51,0.42
2001,17,29.48,34.28,25.28,64.14,10.32,3.39,2.69,35.52,0.42
2001,18,29.37,33.23,25.66,68.95,13.02,4.99,3.92,66.6,0.44
2001,19,28.56,33.11,24.29,72.54,17.5,4.8,3.74,55.58,0.45
2001,20,28.05,32.33,24.3,75.2,26.59,5.58,4.37,74.03,0.48
2001,21,26.45,28.1,24.55,84.94,19.62,6.35,4.96,87.27,0.52
2001,22,27.73,31.38,25.02,75.39,5.92,4.4,3.48,49.23,0.53
2001,23,28.45,32.93,23.63,69.61,1.42,4.6,3.61,25.19,0.51
2001,24,28.63,33.53,23.4,71.17,1.18,4.12,3.3,35.48,0.5
2001,25,28.52,32.17,25.52,72.65,0.86,5.43,4.22,57.16,0.49
2001,26,27.8,31.53,25.04,74.51,9.52,4.54,3.57,86.09,0.49
2001,27,27.74,31.32,24.66,72.35,1.83,4.75,3.76,81.79,0.5
2001,28,27.82,31.94,24.02,70.23,2.47,3.67,2.95,93.13,0.5
2001,29,27.0,30.59,24.02,74.67,10.63,3.48,2.81,38.61,0.5
2001,30,27.78,31.97,24.05,69.88,6.97,3.36,2.7,15.21,0.51
2001,31,27.95,31.86,24.53,71.51,1.56,3.82,3.07,35.06,0.5
2001,32,28.12,32.08,24.48,71.22,2.36,2.96,2.4,37.54,0.5
2001,33,27.93,31.87,25.11,79.64,5.76,3.55,2.84,55.22,0.5
2001,34,28.22,31.76,26.05,78.35,7.16,3.69,2.93,49.39,0.5
2001,35,29.21,33.99,25.23,70.52,0.48,3.8,3.05,40.16,0.5
2001,36,29.32,33.67,25.61,68.67,0.25,3.25,2.62,27.44,0.49
2001,37,29.26,32.83,26.15,68.73,1.09,2.87,2.3,28.64,0.48
2001,38,29.22,33.58,25.59,69.07,3.47,3.44,2.79,28.49,0.48
2001,39,28.47,32.51,25.47,76.34,6.3,5.04,4.02,25.39,0.48
2001,40,28.51,32.23,25.97,74.78,5.41,4.01,3.21,21.9,0.49
2001,41,28.9,32.87,25.33,71.12,1.81,4.35,3.5,38.35,0.48
2001,42,28.99,33.31,25.42,72.33,3.61,5.07,4.03,65.0,0.48
2001,43,28.26,32.19,26.04,77.08,4.74,3.88,3.12,90.9,0.48
2001,44,27.66,30.73,25.73,77.39,4.97,2.53,2.02,88.14,0.49
2001,45,27.13,29.58,25.56,79.76,3.26,2.85,2.28,81.46,0.49
2001,46,27.56,31.03,24.94,74.56,0.63,3.22,2.63,81.89,0.49
2001,47,28.92,33.57,25.07,69.54,0.18,3.88,3.1,55.22,0.49
2001,48,27.42,29.43,25.99,78.17,0.39,3.46,2.77,66.6,0.48
2001,49,29.3,33.35,25.46,68.43,0.4,2.83,2.32,42.31,0.48
2001,50,30.12,35.09,25.29,61.76,0.2,3.49,2.76,30.5,0.47
2001,51,29.9,35.24,24.95,63.85,2.17,3.38,2.71,31.68,0.46
2001,52,29.77,35.11,25.21,64.27,0.75,3.62,2.89,32.31,0.46
2001,53,29.2,33.75,25.79,66.09,0.87,3.45,2.78,60.35,0.46
2001,54,28.51,32.0,26.0,72.11,3.06,3.03,2.43,47.72,0.46
2001,55,28.2,31.84,26.0,76.44,6.91,2.6,2.07,46.27,0.46
2001,56,27.98,31.96,25.12,75.29,4.24,3.33,2.68,36.79,0.47
2001,57,27.7,31.78,24.2,70.21,0.41,5.36,4.33,32.78,0.46
2001,58,27.25,31.64,24.0,73.2,0.26,4.04,3.22,54.72,0.46
2001,59,28.43,33.26,24.29,70.67,1.89,2.83,2.27,40.92,0.45
2001,60,28.29,31.2,26.38,76.47,4.17,2.68,2.16,70.39,0.46
2001,61,28.14,31.19,26.08,78.29,4.69,2.92,2.33,90.11,0.46
2001,62,28.51,32.27,25.71,76.06,4.04,2.34,1.88,89.9,0.47
2001,63,28.58,32.25,26.03,76.1,2.71,3.29,2.65,68.91,0.46
2001,64,28.83,32.08,26.21,76.39,5.11,3.69,2.96,46.56,0.47
2001,65,28.88,32.92,25.75,73.38,4.02,2.47,2.02,55.04,0.47
2001,66,28.25,32.06,25.52,75.08,6.28,3.96,3.13,63.69,0.47
2001,67,27.11,29.63,25.2,79.58,9.99,3.16,2.53,88.78,0.48
2001,68,27.26,30.57,24.81,77.75,5.26,4.95,3.92,99.44,0.49
2001,69,26.56,28.84,24.89,79.75,12.64,11.21,8.58,99.28,0.51
2001,70,27.33,29.33,26.13,82.95,6.08,9.13,7.03,86.17,0.51
2001,71,27.61,31.08,24.72,77.61,0.88,4.77,3.79,56.5,0.51
2001,72,27.43,30.64,24.64,76.08,2.96,5.37,4.2,77.37,0.5
2001,73,27.52,31.88,24.49,70.56,0.38,5.83,4.57,56.73,0.5
2001,74,27.36,33.25,21.41,65.29,0.0,4.68,3.65,24.51,0.49
2001,75,27.48,33.3,21.75,62.38,0.01,3.49,2.81,29.32,0.48
2001,76,27.5,32.53,23.59,64.05,0.0,3.43,2.73,33.12,0.48
2001,77,27.71,32.02,23.98,66.32,0.35,3.19,2.52,26.37,0.47
2001,78,26.98,30.76,24.34,72.03,0.04,3.55,2.85,21.08,0.47
2001,79,27.29,32.7,22.81,69.7,0.15,5.29,4.24,23.69,0.46
2001,80,27.02,32.04,22.92,71.59,0.31,5.18,4.15,24.07,0.46
2001,81,26.71,31.55,23.13,69.24,1.92,7.36,5.82,23.8,0.46
2001,82,26.8,32.89,21.91,70.63,1.69,7.99,6.25,18.74,0.46
2001,83,28.23,33.63,23.96,65.46,0.23,7.61,5.84,26.39,0.45
2001,84,26.89,32.98,21.42,64.42,0.29,4.8,3.78,25.78,0.45
2001,85,27.29,32.62,22.69,68.47,2.53,3.9,3.09,22.88,0.45
2001,86,27.2,30.76,24.74,73.8,3.12,2.91,2.35,51.69,0.45
2001,87,26.26,28.27,25.0,79.59,2.23,1.75,1.38,94.63,0.45
2001,88,26.77,30.55,24.01,76.05,8.6,4.0,3.15,61.76,0.46
2001,89,27.82,31.92,24.47,73.68,5.61,2.42,1.96,43.27,0.47
2001,90,27.75,32.18,24.39,72.7,1.98,2.21,1.72,16.07,0.47
2001,91,27.99,32.71,24.31,72.56,0.12,3.7,2.94,14.36,0.46
2001,92,27.65,32.97,23.97,72.65,0.02,5.44,4.35,20.15,0.46
2001,93,27.22,32.59,23.02,72.84,0.0,5.14,4.11,13.09,0.45
2001,94,27.6,33.2,22.77,69.84,0.01,5.92,4.71,29.94,0.45
2001,95,27.77,32.84,23.95,68.17,0.02,6.95,5.48,24.63,0.45
2001,96,25.63,30.06,21.29,71.0,2.65,8.27,6.47,27.92,0.44
2001,97,24.34,29.45,20.45,69.08,0.12,7.19,5.7,20.0,0.44
2001,98,23.63,27.89,20.17,73.72,0.3,5.44,4.34,46.09,0.44
2001,99,24.4,28.72,21.2,69.23,0.13,6.31,5.02,70.31,0.44
2001,100,26.07,31.82,21.26,67.39,0.59,5.61,4.34,21.32,0.44
2001,101,26.29,31.4,23.39,67.53,3.12,6.01,4.67,43.07,0.43
2001,102,27.09,33.04,21.86,63.78,0.73,4.5,3.54,62.73,0.44
2001,103,26.07,30.22,22.6,67.77,1.36,4.54,3.5,68.38,0.43
2001,104,25.61,28.44,23.31,78.67,12.39,4.2,3.23,83.82,0.45
2001,105,25.77,29.33,23.08,78.01,7.51,3.34,2.7,26.22,0.47
2001,106,25.36,30.12,21.78,73.65,0.03,6.59,5.23,19.87,0.46
2001,107,25.72,31.09,21.58,71.0,0.03,6.09,4.83,25.8,0.46
2001,108,26.17,31.82,21.46,71.3,0.16,5.69,4.5,46.8,0.45
2001,109,27.18,32.72,22.86,68.26,0.04,4.16,3.24,26.05,0.45
2001,110,26.23,30.94,22.35,71.17,0.01,4.32,3.44,21.59,0.44
2001,111,25.87,30.81,22.04,71.64,0.0,4.84,3.89,28.89,0.44
2001,112,25.76,30.7,22.17,72.2,0.0,3.03,2.43,66.94,0.44
2001,113,25.42,28.11,23.43,76.02,0.0,2.55,2.03,69.77,0.44
2001,114,25.35,30.26,21.5,72.6,0.0,3.43,2.72,13.47,0.43
2001,115,25.97,31.4,21.67,75.21,0.0,3.46,2.73,14.16,0.43
2001,116,26.58,32.34,22.39,72.49,0.0,3.55,2.78,16.15,0.43
2001,117,26.42,32.42,22.27,69.22,0.0,3.09,2.41,13.66,0.43
2001,118,25.42,30.32,22.56,75.65,0.0,2.92,2.29,37.24,0.42
2001,119,25.29,29.0,23.04,76.78,0.01,2.96,2.36,23.98,0.42
2001,120,25.23,28.94,22.68,72.05,0.02,5.04,4.04,25.0,0.42
2001,121,24.77,29.27,21.72,75.25,0.82,6.02,4.81,57.78,0.42
2001,122,23.11,26.47,21.22,75.45,0.8,5.34,4.29,76.15,0.42
2001,123,23.6,26.25,21.3,69.86,1.12,4.74,3.74,54.44,0.42
2001,124,23.45,26.62,21.52,74.15,1.76,3.37,2.68,29.44,0.42
2001,125,23.86,27.73,21.09,67.56,0.01,2.28,1.82,18.27,0.42
2001,126,24.57,29.26,19.74,71.49,0.23,5.33,4.16,33.56,0.42
2001,127,24.46,27.89,21.1,73.33,1.56,4.3,3.44,38.73,0.42
2001,128,23.31,28.47,19.02,66.54,0.0,5.51,4.37,18.82,0.42
2001,129,25.32,31.75,19.71,64.84,0.13,4.95,3.89,25.09,0.41
2001,130,26.27,31.48,22.36,65.96,0.41,4.95,3.9,43.96,0.41
2001,131,25.79,31.68,21.53,66.56,1.31,6.35,5.01,21.64,0.41
2001,132,24.25,29.48,20.64,63.55,0.03,9.37,7.3,17.51,0.41
2001,133,24.06,30.19,18.33,61.4,0.0,7.31,5.71,16.1,0.41
2001,134,24.43,30.23,18.97,61.47,0.07,5.45,4.25,15.77,0.41
2001,135,24.85,30.46,19.25,62.56,0.55,4.31,3.4,13.42,0.41
2001,136,25.2,30.61,20.1,61.75,1.1,4.44,3.49,13.86,0.41
2001,137,25.1,30.9,19.82,60.09,0.01,5.1,3.98,18.07,0.41
2001,138,25.08,30.97,19.63,60.99,0.01,4.34,3.43,16.19,0.4
2001,139,25.23,31.47,19.9,62.93,0.01,4.02,3.15,16.47,0.4
2001,140,24.8,30.92,20.26,60.14,0.0,3.99,3.12,21.96,0.4
2001,141,24.87,30.83,20.3,62.43,0.03,3.6,2.84,54.75,0.4
2001,142,24.73,29.07,21.76,64.69,0.05,2.36,1.78,64.72,0.4
2001,143,23.95,29.14,19.35,69.02,0.0,3.95,3.12,20.47,0.4
2001,144,23.93,29.14,20.42,68.75,0.04,7.46,5.89,23.05,0.4
2001,145,24.2,30.34,19.01,66.11,0.09,6.38,4.97,14.12,0.4
2001,146,24.97,31.63,20.22,65.96,0.0,4.34,3.39,18.67,0.4
2001,147,23.96,29.45,20.07,70.6,0.0,3.96,3.12,27.03,0.4
2001,148,23.24,28.46,19.73,72.86,0.42,7.99,6.25,34.8,0.4
2001,149,22.75,28.01,19.02,69.37,0.52,8.2,6.42,20.2,0.4
2001,150,23.23,29.16,18.53,64.43,0.04,4.43,3.47,14.9,0.4
2001,151,22.77,28.0,18.65,69.2,0.0,3.32,2.6,20.52,0.39
2001,152,22.23,27.25,19.02,72.24,0.0,2.81,2.27,21.22,0.39
2001,153,22.39,28.1,17.58,67.7,0.0,2.69,2.11,23.5,0.39
2001,154,23.01,28.84,18.76,74.1,0.0,3.27,2.54,18.74,0.39
2001,155,23.66,29.84,19.17,66.56,0.0,2.62,2.01,21.41,0.39
2001,156,23.24,29.25,18.44,62.45,0.0,4.77,3.71,19.11,0.39
2001,157,22.58,28.85,17.16,64.09,0.01,7.6,5.94,20.1,0.39
2001,158,21.74,27.04,17.9,64.72,0.19,9.24,7.2,13.51,0.39
2001,159,20.87,27.56,15.5,61.14,0.01,7.07,5.54,21.35,0.39
2001,160,20.75,27.19,15.22,61.48,0.0,5.91,4.64,21.76,0.39
2001,161,20.59,26.78,14.87,63.24,0.0,5.28,4.17,22.35,0.39
2001,162,20.66,26.26,16.04,60.39,0.0,6.56,5.19,22.41,0.39
2001,163,20.4,26.42,15.24,58.12,0.0,5.12,4.04,22.02,0.39
2001,164,20.97,26.68,16.04,62.2,0.0,6.52,5.14,22.33,0.39
2001,165,20.81,27.43,15.02,59.36,0.0,4.68,3.66,22.68,0.39
2001,166,21.0,26.93,16.02,63.39,0.0,5.55,4.39,24.5,0.39
2001,167,21.33,27.45,16.08,66.0,0.0,6.1,4.79,24.2,0.39
2001,168,20.99,26.65,16.37,70.67,0.0,4.16,3.31,24.33,0.39
2001,169,20.36,24.67,16.42,70.92,0.0,4.83,3.85,29.37,0.39
2001,170,21.41,27.67,15.99,62.2,0.0,4.42,3.51,25.88,0.39
2001,171,22.05,27.57,18.11,68.76,0.71,4.19,3.33,27.35,0.39
2001,172,21.36,25.69,18.27,73.78,0.27,3.59,2.84,23.12,0.39
2001,173,21.27,25.53,18.62,74.55,0.0,2.71,2.14,27.78,0.39
2001,174,21.46,25.88,18.31,72.73,0.05,2.61,2.1,28.18,0.39
2001,175,21.69,27.58,16.81,69.28,0.0,7.55,5.94,33.33,0.39
2001,176,23.13,29.6,18.39,61.42,0.07,6.57,5.1,23.91,0.38
2001,177,22.96,28.67,18.89,59.38,0.05,5.06,4.0,40.71,0.38
2001,178,23.43,28.33,19.4,57.07,0.04,3.62,2.9,47.08,0.38
2001,179,22.87,27.53,19.29,62.47,0.05,4.09,3.28,39.46,0.38
2001,180,22.72,27.47,19.09,61.94,0.0,3.15,2.51,33.93,0.38
2001,181,22.56,27.1,19.46,71.29,0.0,2.4,1.98,28.68,0.38
2001,182,22.76,27.37,19.02,72.32,0.05,4.85,3.82,17.29,0.38
2001,183,22.47,28.23,17.51,61.73,0.03,5.66,4.48,16.32,0.38
2001,184,22.68,28.65,17.33,57.69,0.01,4.49,3.55,21.57,0.38
2001,185,23.08,28.57,18.29,62.82,0.0,3.95,3.15,19.74,0.38
2001,186,22.87,28.48,18.23,63.43,0.0,3.1,2.43,23.71,0.38
2001,187,23.62,29.11,18.68,61.53,0.0,4.17,3.28,62.33,0.38
2001,188,23.08,28.39,18.55,60.62,0.0,6.13,4.83,31.12,0.38
2001,189,21.53,26.97,17.07,60.51,0.01,6.54,5.17,19.53,0.38
2001,190,21.19,27.23,15.85,64.42,0.0,4.7,3.75,18.67,0.38
2001,191,20.91,26.09,16.8,69.5,0.0,4.78,3.8,21.83,0.38
2001,192,20.4,24.03,17.89,73.33,0.0,4.69,3.76,24.36,0.38
2001,193,20.25,24.72,16.69,66.34,0.0,6.46,5.15,24.21,0.38
2001,194,19.58,24.44,15.37,62.25,0.0,6.93,5.51,21.31,0.38
2001,195,19.67,24.9,15.37,61.77,0.01,7.13,5.66,26.76,0.38
2001,196,19.57,25.35,14.43,58.39,0.0,6.75,5.36,23.72,0.38
2001,197,20.2,26.9,14.35,57.94,0.0,4.5,3.55,24.44,0.38
2001,198,21.18,26.72,17.28,67.51,0.0,3.85,2.96,27.87,0.38
2001,199,21.54,26.18,17.85,68.4,0.0,2.23,1.78,26.05,0.38
2001,200,21.5,26.53,17.1,70.28,0.0,4.31,3.32,26.39,0.38
2001,201,21.62,26.77,17.4,69.5,0.0,3.5,2.69,28.65,0.38
2001,202,21.8,27.98,16.72,63.92,0.0,2.98,2.28,24.99,0.38
2001,203,21.6,27.91,17.14,61.87,0.0,3.33,2.57,26.94,0.38
2001,204,21.61,26.24,18.73,77.35,0.0,3.26,2.57,33.47,0.38
2001,205,21.3,25.03,19.29,74.79,0.0,2.94,2.37,32.98,0.38
2001,206,20.62,23.64,18.46,70.56,0.76,3.48,2.8,70.64,0.38
2001,207,21.23,26.46,17.13,72.6,1.22,5.32,4.24,48.21,0.38
2001,208,21.03,26.65,16.14,71.57,0.13,2.94,2.32,20.94,0.38
2001,209,23.06,28.72,17.85,66.05,0.01,2.82,2.19,20.42,0.38
2001,210,23.31,28.68,18.42,65.15,0.0,5.02,3.98,17.17,0.38
2001,211,22.84,28.48,19.01,70.05,0.03,8.95,7.0,18.94,0.38
2001,212,20.83,26.23,17.16,63.95,0.04,11.46,8.93,18.4,0.38
2001,213,19.8,25.97,14.89,58.73,0.0,8.56,6.75,19.07,0.38
2001,214,19.76,26.73,13.81,59.79,0.0,6.66,5.28,19.46,0.38
2001,215,21.14,27.73,15.29,60.32,0.0,5.81,4.56,22.7,0.38
2001,216,21.29,26.87,16.4,65.22,0.0,5.09,4.07,18.28,0.37
2001,217,22.7,27.62,18.19,60.63,0.02,3.59,2.84,60.67,0.37
2001,218,20.75,25.01,18.29,72.03,1.55,8.81,6.97,40.89,0.38
2001,219,21.69,27.34,17.22,69.5,0.27,8.27,6.51,19.04,0.38
2001,220,22.6,28.83,16.74,63.06,0.0,4.96,3.92,20.51,0.38
2001,221,23.73,30.0,17.85,62.81,0.0,4.45,3.47,17.77,0.38
2001,222,24.36,29.9,21.08,68.52,0.11,4.24,3.33,43.2,0.38
2001,223,23.14,28.04,20.46,79.96,2.17,4.22,3.32,77.09,0.38
2001,224,21.07,24.11,18.75,78.74,4.66,4.65,3.7,53.18,0.39
2001,225,20.04,23.16,18.09,70.55,0.28,4.15,3.27,34.68,0.39
2001,226,20.92,25.59,17.71,68.48,0.01,3.09,2.51,21.82,0.38
2001,227,20.83,27.32,15.91,68.16,0.0,2.99,2.34,24.5,0.38
2001,228,20.85,26.47,16.66,70.24,0.0,2.45,1.95,25.79,0.38
2001,229,22.2,29.64,16.75,56.88,0.0,3.17,2.43,21.05,0.38
2001,230,22.88,30.65,17.75,62.15,0.0,2.86,2.21,19.95,0.38
2001,231,23.67,30.63,17.84,57.25,0.0,3.8,2.95,24.95,0.38
2001,232,22.32,28.61,16.23,70.21,0.0,4.04,3.21,26.5,0.38
2001,233,23.4,30.58,18.31,69.43,0.0,2.59,2.0,16.29,0.38
2001,234,22.4,28.12,17.5,72.27,0.0,3.54,2.81,23.3,0.38
2001,235,23.33,29.94,18.25,65.58,0.0,2.64,2.05,14.76,0.38
2001,236,23.77,31.07,18.49,63.62,0.0,3.23,2.51,22.37,0.37
2001,237,23.62,30.04,18.9,68.69,0.0,2.9,2.3,16.53,0.37
2001,238,23.8,30.55,18.59,65.81,0.0,3.61,2.89,19.31,0.37
2001,239,24.2,30.41,19.02,56.3,0.0,5.13,4.06,21.9,0.37
2001,240,24.07,31.19,18.59,54.34,0.0,3.77,2.98,21.58,0.37
2001,241,24.25,31.17,19.02,61.07,0.0,5.23,4.13,18.23,0.37
2001,242,24.17,30.4,18.99,57.67,0.0,4.1,3.27,17.44,0.37
2001,243,24.26,30.95,19.26,59.54,0.0,3.44,2.71,16.32,0.37
2001,244,24.06,29.66,19.55,62.91,0.0,4.23,3.38,19.85,0.37
2001,245,23.91,30.28,19.06,60.94,0.0,4.08,3.26,17.55,0.37
2001,246,23.93,30.21,19.0,58.9,0.0,3.86,3.08,18.62,0.37
2001,247,23.57,29.47,19.18,60.93,0.0,3.45,2.74,22.17,0.37
2001,248,24.67,31.69,19.17,58.81,0.0,3.12,2.46,18.06,0.37
2001,249,24.57,30.72,20.08,61.31,0.0,4.18,3.31,24.29,0.37
2001,250,23.06,26.85,20.34,74.21,0.0,4.56,3.66,31.12,0.37
2001,251,23.01,27.94,19.04,61.74,0.14,5.86,4.73,31.04,0.37
2001,252,24.04,31.46,18.44,64.23,0.0,4.87,3.91,15.49,0.37
2001,253,23.93,30.07,19.48,70.54,0.0,4.11,3.29,15.45,0.37
2001,254,24.99,32.23,19.31,62.65,0.01,3.23,2.52,19.44,0.37
2001,255,25.26,31.02,20.64,66.03,0.13,2.9,2.32,27.08,0.37
2001,256,25.39,30.47,21.32,70.99,0.19,3.04,2.46,53.24,0.37
2001,257,24.06,28.52,19.83,72.14,0.31,6.44,5.17,41.69,0.37
2001,258,20.78,25.42,17.72,55.14,0.05,11.13,8.82,40.48,0.37
2001,259,22.46,29.62,16.18,48.78,0.0,7.8,6.18,42.61,0.37
2001,260,23.0,28.57,17.86,57.68,0.0,5.05,4.08,15.76,0.37
2001,261,23.2,29.55,18.2,59.29,0.0,7.34,5.89,12.96,0.37
2001,262,22.17,28.51,16.8,62.19,0.0,7.1,5.74,19.33,0.37
2001,263,22.61,29.29,17.15,57.53,0.0,7.91,6.36,14.97,0.37
2001,264,24.06,31.49,17.72,54.38,0.0,6.53,5.23,16.28,0.37
2001,265,24.38,31.07,19.44,60.63,0.0,4.38,3.49,15.76,0.37
2001,266,23.19,28.86,19.12,70.85,0.0,4.73,3.75,19.68,0.36
2001,267,23.47,29.32,19.34,69.65,0.0,3.96,3.17,23.69,0.36
2001,268,24.24,31.36,18.86,68.03,0.0,3.74,3.0,17.57,0.36
2001,269,24.46,30.59,19.39,67.86,0.0,4.24,3.43,21.26,0.36
2001,270,26.17,33.8,19.95,58.21,0.0,4.71,3.74,22.29,0.36
2001,271,25.32,31.69,21.42,65.36,0.01,5.14,4.13,38.77,0.36
2001,272,23.38,27.36,20.56,69.65,0.1,7.32,5.92,30.37,0.36
2001,273,24.07,30.09,18.7,58.55,0.01,8.02,6.44,15.5,0.36
2001,274,25.94,32.34,21.13,63.23,0.01,4.61,3.71,31.63,0.36
2001,275,26.23,31.5,22.94,66.52,0.29,3.89,3.16,40.4,0.36
2001,276,26.73,32.38,21.62,61.83,0.0,5.5,4.39,31.68,0.36
2001,277,26.92,33.79,21.26,51.81,0.0,5.21,4.12,15.37,0.36
2001,278,26.41,34.3,21.01,55.51,0.0,4.14,3.27,17.36,0.36
2001,279,25.94,32.5,21.79,66.66,0.0,3.91,3.12,23.17,0.36
2001,280,26.18,32.8,21.69,62.9,0.0,3.36,2.68,24.52,0.36
2001,281,25.69,31.43,21.88,66.97,0.04,4.16,3.41,38.64,0.36
2001,282,26.89,33.08,21.79,58.43,0.47,3.99,3.19,24.97,0.36
2001,283,25.77,30.22,22.97,64.33,5.21,5.32,4.29,53.19,0.36
2001,284,24.78,28.45,22.37,72.31,9.54,3.46,2.77,81.72,0.38
2001,285,24.7,28.92,21.54,67.5,2.98,3.71,2.99,16.69,0.39
2001,286,24.09,27.9,20.99,71.77,0.15,3.81,3.11,15.18,0.39
2001,287,22.89,27.66,19.14,71.47,0.39,6.71,5.41,49.48,0.38
2001,288,22.86,28.87,17.58,59.3,0.0,7.69,6.19,18.14,0.38
2001,289,24.66,30.77,19.73,60.91,0.0,5.08,4.1,12.4,0.38
2001,290,24.91,30.05,20.33,65.85,0.0,3.48,2.82,25.03,0.38
2001,291,26.99,33.38,21.8,66.45,0.36,3.82,3.02,27.99,0.37
2001,292,27.4,32.84,23.98,63.87,0.28,3.96,3.13,30.82,0.37
2001,293,28.92,35.16,23.7,52.56,0.0,5.26,4.15,22.7,0.37
2001,294,27.7,32.99,24.16,59.96,0.09,4.75,3.8,44.47,0.37
2001,295,26.4,31.27,23.29,65.36,0.03,3.19,2.64,72.61,0.37
2001,296,25.92,30.39,22.63,71.27,1.74,3.63,2.98,36.04,0.37
2001,297,25.2,29.67,22.47,67.77,0.84,3.3,2.73,23.22,0.37
2001,298,25.44,30.63,21.48,64.2,0.19,4.26,3.5,22.96,0.37
2001,299,24.39,29.18,21.35,67.4,0.04,3.95,3.25,41.91,0.37
2001,300,24.57,29.61,20.95,68.03,0.42,5.91,4.79,26.05,0.37
2001,301,23.54,29.02,19.26,55.45,0.03,9.63,7.68,36.03,0.37
2001,302,24.66,31.58,18.26,48.7,0.02,8.36,6.65,13.24,0.37
2001,303,24.8,30.79,18.21,52.92,0.01,4.85,3.94,38.28,0.37
2001,304,26.25,30.33,23.36,63.68,4.39,2.96,2.43,45.69,0.37
2001,305,25.6,29.31,22.6,68.94,5.9,3.98,3.26,68.43,0.38
2001,306,26.17,30.73,22.6,68.0,5.88,3.49,2.8,43.59,0.39
2001,307,26.45,31.54,22.34,68.4,1.99,4.53,3.66,22.29,0.39
2001,308,27.02,31.7,23.48,70.44,1.15,3.52,2.88,23.9,0.39
2001,309,28.2,33.24,24.45,62.18,1.27,4.17,3.33,26.92,0.39
2001,310,29.28,35.79,24.86,52.69,0.01,4.58,3.6,38.61,0.38
2001,311,27.99,35.05,22.45,57.51,0.0,4.54,3.61,9.39,0.38
2001,312,27.43,33.71,21.52,61.52,0.0,5.79,4.64,9.91,0.38
2001,313,28.5,35.63,21.67,58.24,0.0,6.42,5.14,19.01,0.38
2001,314,29.29,36.0,24.52,54.42,0.0,5.23,4.17,18.83,0.38
2001,315,28.41,34.2,24.3,58.83,0.0,4.92,3.98,15.21,0.37
2001,316,27.89,33.15,24.42,64.08,0.02,4.42,3.61,23.12,0.37
2001,317,27.66,32.81,24.13,67.61,4.0,3.33,2.74,52.28,0.37
2001,318,26.93,30.83,24.15,73.02,7.69,3.56,2.9,73.92,0.39
2001,319,26.71,30.85,24.0,71.83,2.95,3.53,2.91,42.17,0.39
2001,320,26.71,31.17,23.3,68.11,2.3,5.16,4.19,80.81,0.39
2001,321,27.05,32.34,22.94,68.46,2.43,6.34,5.07,94.01,0.39
2001,322,27.66,31.23,24.76,67.43,1.65,3.68,2.95,77.07,0.39
2001,323,28.4,33.11,25.39,65.88,1.22,3.47,2.8,42.24,0.39
2001,324,29.05,33.13,25.44,64.1,2.0,2.3,1.86,73.89,0.39
2001,325,28.69,33.1,25.82,69.27,2.57,3.35,2.73,47.47,0.39
2001,326,27.75,30.89,25.36,73.01,0.25,4.11,3.32,53.45,0.39
2001,327,29.49,35.07,24.33,58.01,0.04,6.56,5.24,17.9,0.39
2001,328,30.34,36.23,24.86,56.41,0.1,4.78,3.86,32.87,0.39
2001,329,29.81,34.39,26.43,60.45,0.02,3.59,2.92,33.4,0.38
2001,330,29.44,34.06,25.63,59.38,0.01,3.78,3.08,14.0,0.38
2001,331,29.1,34.59,25.6,61.69,0.19,4.58,3.68,11.02,0.38
2001,332,29.19,34.91,24.08,56.77,0.27,7.34,5.86,16.96,0.38
2001,333,28.93,35.45,23.8,61.08,4.23,6.38,5.08,17.84,0.38
2001,334,27.34,31.04,24.62,70.63,1.01,4.15,3.4,36.73,0.39
2001,335,26.7,30.44,24.37,68.29,0.32,3.21,2.66,72.66,0.39
2001,336,27.58,32.21,24.0,63.71,0.0,3.6,2.96,17.75,0.39
2001,337,28.68,33.21,24.7,67.97,1.43,4.76,3.83,55.61,0.38
2001,338,28.63,32.38,26.35,69.08,2.28,3.48,2.87,39.24,0.39
2001,339,28.37,32.98,25.54,67.43,0.21,4.09,3.35,18.45,0.39
2001,340,27.55,32.01,24.32,66.91,0.01,5.08,4.16,17.08,0.38
2001,341,26.86,31.37,23.77,65.29,0.0,5.79,4.71,26.43,0.38
2001,342,27.54,32.55,23.7,61.29,0.0,6.82,5.48,29.76,0.38
2001,343,29.87,36.25,23.54,58.5,0.23,4.79,3.84,16.06,0.38
2001,344,30.02,35.63,26.45,63.13,0.2,4.94,3.94,21.84,0.38
2001,345,29.09,33.84,25.97,67.94,0.23,3.82,3.12,22.55,0.38
2001,346,28.71,32.71,26.02,66.64,2.32,4.13,3.35,43.15,0.38
2001,347,29.45,34.46,25.15,58.86,2.08,6.61,5.29,20.64,0.38
2001,348,30.08,35.38,25.75,58.71,1.15,4.12,3.3,49.76,0.38
2001,349,27.65,29.67,25.54,72.72,7.36,2.34,1.88,71.53,0.39
2001,350,26.28,29.29,24.33,76.37,5.92,6.21,4.92,97.94,0.4
2001,351,26.71,30.27,24.0,74.62,14.5,6.5,5.18,85.53,0.41
2001,352,26.52,29.67,24.35,81.2,8.23,6.21,4.95,77.98,0.43
2001,353,26.59,30.15,23.77,73.63,1.69,5.51,4.42,41.17,0.43
2001,354,26.79,30.7,22.8,75.32,3.28,6.56,5.21,59.11,0.43
2001,355,26.65,29.38,24.0,76.95,6.09,7.29,5.75,97.04,0.43
2001,356,26.21,30.74,22.88,66.56,0.39,4.07,3.31,54.05,0.43
2001,357,27.3,32.18,22.81,66.72,7.12,4.87,3.93,26.63,0.43
2001,358,27.54,32.3,23.65,70.93,6.28,3.76,3.06,33.77,0.43
2001,359,28.23,32.58,24.95,72.28,14.77,3.05,2.46,39.55,0.45
2001,360,27.62,31.03,25.86,75.34,33.29,2.92,2.36,62.81,0.48
2001,361,27.3,30.42,25.22,75.19,6.23,3.44,2.77,81.89,0.51
2001,362,26.59,28.71,24.95,80.36,5.29,4.81,3.87,83.93,0.5
2001,363,27.19,29.91,24.94,79.24,5.04,4.21,3.4,69.44,0.5
2001,364,26.19,27.6,24.88,79.4,12.64,3.18,2.55,65.51,0.51
2001,365,26.26,29.06,24.48,79.82,35.46,3.61,2.86,98.51,0.55
2002,1,25.39,28.49,23.36,82.36,51.39,6.6,5.2,98.8,0.6
2002,2,26.23,28.44,23.86,83.86,38.45,10.13,7.83,99.38,0.67
2002,3,26.39,29.44,23.79,83.64,42.92,9.83,7.63,65.41,0.71
2002,4,25.07,29.28,22.0,78.37,1.0,9.89,7.67,17.77,0.71
2002,5,24.1,28.45,20.9,77.55,6.17,8.41,6.58,17.64,0.68
2002,6,23.66,28.03,19.77,76.95,0.02,5.74,4.6,13.74,0.67
2002,7,24.37,29.04,20.11,74.38,0.0,3.74,2.96,13.74,0.65
2002,8,25.47,29.4,20.98,78.63,0.0,4.45,3.52,15.14,0.64
2002,9,27.37,31.57,23.63,78.39,0.11,5.76,4.47,14.68,0.63
2002,10,27.66,32.0,23.75,73.88,0.06,4.53,3.44,18.56,0.62
2002,11,26.93,31.36,22.55,72.15,0.07,3.94,3.09,19.75,0.6
2002,12,27.14,31.69,23.0,75.16,2.66,3.29,2.56,19.05,0.6
2002,13,27.36,31.6,23.62,74.3,0.8,3.46,2.73,20.29,0.59
2002,14,26.64,30.53,22.65,73.41,0.01,4.14,3.31,17.45,0.58
2002,15,25.35,29.51,20.87,75.81,0.53,4.36,3.48,20.36,0.57
2002,16,26.16,30.9,21.81,72.24,0.01,6.12,4.89,13.85,0.56
2002,17,27.18,32.8,21.76,72.84,0.14,4.73,3.71,20.87,0.55
2002,18,28.27,33.3,23.82,73.9,0.06,4.08,3.21,43.73,0.54
2002,19,28.55,32.32,25.88,73.84,0.11,3.24,2.54,25.82,0.54
2002,20,29.06,33.67,24.83,72.26,1.3,3.32,2.6,16.26,0.53
2002,21,28.72,33.61,24.09,70.61,0.3,4.06,3.22,18.92,0.52
2002,22,28.36,33.27,23.73,69.82,0.32,3.75,2.99,20.03,0.52
2002,23,28.35,33.08,23.52,67.53,0.05,3.55,2.84,17.49,0.51
2002,24,28.17,33.05,23.77,70.03,0.25,4.95,3.95,38.83,0.5
2002,25,27.4,31.98,23.53,71.36,0.14,5.86,4.7,26.51,0.5
2002,26,27.16,32.48,22.57,70.89,6.8,6.53,5.17,16.18,0.49
2002,27,26.82,32.0,22.33,71.71,3.17,6.58,5.21,13.56,0.5
2002,28,27.25,31.96,23.09,75.1,14.88,4.43,3.52,17.04,0.51
2002,29,27.46,31.73,23.78,77.66,7.21,3.56,2.85,19.01,0.52
2002,30,27.37,31.52,24.28,76.9,2.55,4.05,3.22,26.4,0.52
2002,31,27.61,31.39,24.54,75.24,3.63,3.52,2.8,38.83,0.51
2002,32,27.73,31.07,25.25,75.56,3.35,2.83,2.28,53.3,0.51
2002,33,27.48,30.04,25.4,79.09,3.31,3.29,2.65,60.23,0.51
2002,34,26.79,29.06,24.38,79.53,7.81,3.43,2.81,57.54,0.51
2002,35,25.22,26.98,23.53,81.0,9.57,2.18,1.78,81.88,0.53
2002,36,26.56,29.54,24.08,79.08,9.59,2.3,1.84,98.23,0.54
2002,37,27.42,30.15,24.77,79.89,8.31,3.54,2.83,97.85,0.54
2002,38,27.73,31.36,24.62,77.67,10.29,2.92,2.3,88.15,0.54
2002,39,27.34,30.36,25.12,84.31,10.35,4.16,3.31,50.78,0.55
2002,40,26.61,28.49,25.09,86.78,9.73,3.0,2.4,63.34,0.56
2002,41,27.28,30.37,25.15,80.57,2.78,3.52,2.81,63.33,0.56
2002,42,27.04,30.31,24.88,72.73,0.03,3.45,2.75,21.2,0.55
2002,43,26.99,30.94,23.32,71.67,0.23,5.01,3.99,19.49,0.54
2002,44,28.69,32.8,24.56,72.67,0.28,3.25,2.56,21.92,0.53
2002,45,29.2,33.95,24.19,69.01,0.4,3.94,3.1,20.72,0.52
2002,46,29.38,34.18,24.76,67.02,0.14,3.56,2.8,19.01,0.51
2002,47,28.59,33.0,24.04,67.61,0.16,3.91,3.13,17.77,0.51
2002,48,28.24,32.21,25.08,73.06,0.01,3.97,3.17,38.62,0.5
2002,49,26.92,30.93,23.85,73.78,0.61,7.13,5.64,70.71,0.49
2002,50,25.95,30.27,22.19,69.22,0.07,7.08,5.59,40.57,0.49
2002,51,26.49,31.1,23.01,77.39,18.3,5.09,4.03,62.43,0.5
2002,52,27.66,31.8,24.72,77.08,11.42,3.81,2.94,20.71,0.53
2002,53,26.58,30.02,23.64,80.07,25.14,4.41,3.4,56.59,0.54
2002,54,26.31,29.75,24.21,85.51,33.74,4.3,3.38,61.32,0.6
2002,55,25.39,28.8,22.36,82.35,12.39,3.44,2.74,25.98,0.61
2002,56,25.42,28.62,22.85,79.94,1.51,2.47,1.97,26.22,0.6
2002,57,25.68,29.45,22.55,77.7,0.23,4.27,3.4,20.04,0.59
2002,58,26.03,30.29,22.05,76.95,0.34,4.62,3.71,17.04,0.58
2002,59,27.35,31.48,23.3,76.93,0.37,3.11,2.45,32.47,0.57
2002,60,27.92,31.89,24.58,77.23,0.81,2.98,2.35,39.63,0.55
2002,61,28.32,32.44,24.89,71.6,0.32,3.56,2.83,34.5,0.55
2002,62,28.16,32.9,23.82,68.71,0.25,3.79,2.99,16.06,0.54
2002,63,28.45,32.44,24.29,69.31,0.39,3.42,2.69,25.23,0.53
2002,64,28.5,32.94,24.06,70.59,0.8,3.93,3.04,43.54,0.52
2002,65,28.25,32.69,23.93,69.98,0.61,3.72,2.96,19.11,0.52
2002,66,28.44,32.47,25.03,71.25,1.7,3.89,3.11,19.49,0.51
2002,67,28.22,31.79,25.18,72.39,0.89,4.26,3.4,34.33,0.51
2002,68,28.16,32.7,24.37,73.98,2.0,6.21,4.95,18.21,0.51
2002,69,28.5,33.38,24.69,74.31,2.2,6.15,4.81,23.81,0.5
2002,70,29.12,33.72,25.04,72.31,0.18,4.19,3.26,24.07,0.5
2002,71,28.13,32.51,24.85,74.05,0.27,4.31,3.45,25.55,0.49
2002,72,27.07,30.78,24.25,75.7,0.29,3.52,2.84,23.88,0.49
2002,73,26.72,30.03,24.09,74.47,0.27,3.13,2.54,31.95,0.48
2002,74,26.93,29.92,24.74,74.16,0.66,2.86,2.29,81.31,0.48
2002,75,27.54,32.43,23.54,71.48,2.08,5.99,4.69,16.36,0.48
2002,76,27.77,32.93,23.77,71.93,1.76,5.29,4.13,19.54,0.47
2002,77,28.28,32.83,24.95,73.29,1.95,4.85,3.82,23.97,0.47
2002,78,27.71,30.6,25.92,81.61,3.69,2.83,2.27,17.61,0.47
2002,79,27.33,30.87,25.07,79.69,5.36,3.32,2.64,24.74,0.48
2002,80,27.78,32.23,24.17,72.48,0.89,4.64,3.72,19.55,0.48
2002,81,27.84,33.1,23.81,73.06,1.03,4.51,3.6,25.26,0.47
2002,82,28.09,32.96,24.4,70.27,1.46,4.73,3.8,24.19,0.47
2002,83,26.49,31.91,22.34,70.75,0.07,7.46,5.88,15.21,0.46
2002,84,25.82,31.04,22.02,69.19,0.11,7.83,6.15,24.49,0.46
2002,85,27.39,33.05,22.8,67.04,0.83,6.42,4.91,29.42,0.46
2002,86,27.66,33.2,22.52,68.88,1.19,4.51,3.52,60.75,0.45
2002,87,27.99,33.06,23.75,68.23,0.73,4.04,3.18,16.99,0.45
2002,88,27.54,31.87,24.47,71.91,2.5,4.68,3.69,25.48,0.45
2002,89,25.56,30.32,21.24,66.21,0.29,7.9,6.23,28.87,0.45
2002,90,24.68,30.52,19.51,63.84,0.0,6.48,5.15,13.4,0.45
2002,91,25.93,31.9,20.47,64.03,0.06,6.27,4.89,11.55,0.44
2002,92,26.89,32.39,21.45,61.88,0.15,4.17,3.27,13.5,0.44
2002,93,26.41,31.58,21.83,66.35,1.72,5.88,4.53,12.59,0.43
2002,94,26.89,32.2,22.73,66.91,1.86,6.25,4.79,27.4,0.43
2002,95,26.55,31.55,23.0,67.79,2.58,4.25,3.35,18.35,0.43
2002,96,27.4,32.31,23.44,65.87,0.14,3.44,2.73,13.55,0.43
2002,97,26.45,30.24,23.47,71.55,1.56,3.86,3.07,35.62,0.43
2002,98,26.33,31.29,22.76,70.32,0.64,5.93,4.7,22.99,0.43
2002,99,27.04,33.03,21.67,67.04,0.0,5.07,3.99,13.57,0.43
2002,100,27.1,33.02,21.7,60.11,0.0,4.28,3.36,11.74,0.42
2002,101,26.54,32.63,20.68,70.16,0.69,4.28,3.4,17.51,0.42
2002,102,27.29,32.22,24.12,69.19,0.3,4.18,3.3,58.88,0.42
2002,103,26.68,31.41,23.18,71.77,0.03,3.39,2.66,40.27,0.42
2002,104,24.61,27.25,22.38,75.93,1.13,2.3,1.86,85.67,0.42
2002,105,24.91,28.83,22.11,72.8,0.37,3.68,2.98,58.73,0.42
2002,106,23.79,26.66,21.39,71.55,0.21,5.48,4.4,88.1,0.42
2002,107,22.5,25.48,20.27,69.74,0.0,5.65,4.5,61.91,0.42
2002,108,22.74,28.12,17.91,65.36,0.0,5.43,4.34,19.18,0.42
2002,109,23.69,29.96,18.45,67.59,0.0,4.58,3.65,21.61,0.41
2002,110,24.3,28.71,20.71,74.08,0.36,2.99,2.46,41.97,0.41
2002,111,25.15,29.49,22.0,70.84,0.65,3.71,2.97,28.0,0.41
2002,112,25.76,31.31,20.98,68.03,0.01,6.19,4.89,21.64,0.41
2002,113,25.91,31.76,21.03,65.68,0.0,6.21,4.86,13.19,0.41
2002,114,25.23,30.99,20.21,63.74,0.0,5.83,4.6,17.99,0.41
2002,115,25.27,31.04,19.85,60.8,0.0,5.36,4.16,14.26,0.4
2002,116,25.19,31.13,19.92,62.03,0.0,4.04,3.2,15.25,0.4
2002,117,24.85,30.02,20.58,68.86,0.0,3.73,2.94,21.89,0.4
2002,118,24.72,29.92,20.43,69.59,0.0,2.91,2.34,21.02,0.4
2002,119,25.45,30.83,20.74,66.68,0.0,2.9,2.29,18.42,0.4
2002,120,26.01,30.71,22.23,63.83,0.04,3.87,3.07,17.13,0.4
2002,121,25.68,30.96,21.13,61.79,0.0,5.45,4.33,13.53,0.4
2002,122,25.19,30.91,20.42,63.87,0.0,5.99,4.76,18.99,0.4
2002,123,25.14,31.18,19.77,62.9,0.0,5.42,4.32,15.04,0.4
2002,124,25.35,31.04,20.15,64.61,0.08,5.51,4.4,17.15,0.4
2002,125,26.19,32.11,21.22,56.57,0.0,4.37,3.45,20.03,0.4
2002,126,26.62,32.28,22.19,61.61,0.02,4.73,3.69,19.49,0.39
2002,127,26.04,30.96,22.29,65.16,0.21,4.32,3.4,35.06,0.39
2002,128,24.43,28.12,22.08,74.97,1.76,5.79,4.6,34.75,0.39
2002,129,24.0,28.3,20.45,62.69,0.02,7.07,5.61,29.02,0.4
2002,130,23.82,29.03,20.02,66.53,0.03,8.49,6.66,48.39,0.4
2002,131,22.74,27.31,19.97,70.84,2.03,9.77,7.61,22.2,0.4
2002,132,24.64,30.45,20.12,71.41,0.36,7.33,5.72,17.76,0.4
2002,133,24.64,30.04,21.07,76.28,0.41,6.84,5.4,21.58,0.4
2002,134,25.07,30.4,21.37,74.12,0.13,6.35,4.96,32.93,0.4
2002,135,23.13,27.24,19.37,72.42,4.76,7.44,5.84,31.2,0.4
2002,136,22.13,27.94,17.96,69.12,0.09,7.11,5.59,14.46,0.4
2002,137,22.56,28.65,18.04,68.23,0.0,6.08,4.81,18.07,0.4
2002,138,22.72,29.2,17.33,66.4,0.0,5.92,4.61,18.66,0.4
2002,139,22.52,28.34,17.24,65.39,0.0,6.73,5.24,13.38,0.4
2002,140,22.68,29.56,17.02,63.34,0.0,5.23,4.02,17.78,0.4
2002,141,22.5,29.31,17.32,65.1,0.0,4.28,3.34,12.7,0.39
2002,142,22.42,28.41,17.87,65.72,0.0,3.08,2.39,16.82,0.39
2002,143,23.15,29.1,18.04,62.09,0.0,2.19,1.67,21.25,0.39
2002,144,23.57,28.41,19.25,62.29,0.0,2.66,2.04,21.24,0.39
2002,145,23.59,29.41,19.4,64.57,0.0,2.8,2.1,17.17,0.39
2002,146,23.85,30.26,19.12,66.69,0.0,3.2,2.44,19.33,0.39
2002,147,23.42,28.0,19.99,77.02,0.01,4.74,3.74,19.42,0.39
2002,148,23.67,29.54,18.9,69.46,0.02,4.39,3.45,21.19,0.39
2002,149,23.83,29.74,19.23,67.1,0.0,3.15,2.48,23.28,0.39
2002,150,23.57,29.96,18.65,61.74,0.0,3.24,2.49,18.09,0.39
2002,151,23.91,29.45,20.49,68.49,0.0,3.5,2.74,26.15,0.39
2002,152,23.7,29.15,19.51,66.92,0.0,3.52,2.78,23.88,0.39
2002,153,23.57,28.81,20.98,71.94,0.0,3.29,2.61,65.53,0.39
2002,154,21.59,24.43,19.0,76.48,0.79,6.47,5.11,69.12,0.39
2002,155,20.09,24.35,17.33,64.18,0.0,7.39,5.86,34.13,0.39
2002,156,20.0,24.9,15.98,65.27,0.0,6.67,5.27,36.55,0.39
2002,157,20.44,27.07,14.87,61.08,0.0,7.51,5.89,25.87,0.39
2002,158,21.22,27.43,16.1,58.86,0.0,4.34,3.4,23.13,0.39
2002,159,21.28,27.08,16.64,60.9,0.0,3.94,3.1,26.19,0.39
2002,160,20.9,26.23,16.39,67.16,0.0,3.48,2.72,24.91,0.38
2002,161,21.77,27.4,17.05,72.61,0.0,5.98,4.73,22.66,0.38
2002,162,23.38,29.32,18.15,64.99,0.01,5.01,3.86,15.88,0.38
2002,163,22.9,29.32,17.57,61.49,0.02,6.32,4.88,13.25,0.38
2002,164,21.95,28.88,15.91,61.3,0.01,5.96,4.63,24.33,0.38
2002,165,21.76,28.2,16.1,62.21,0.01,4.09,3.26,20.08,0.38
2002,166,21.96,28.13,17.23,63.34,0.0,4.06,3.2,24.5,0.38
2002,167,21.95,27.41,17.62,64.22,0.0,3.95,3.11,28.4,0.38
2002,168,22.35,28.41,17.93,65.36,0.0,6.1,4.82,20.63,0.38
2002,169,23.1,29.2,18.56,67.25,0.01,4.26,3.36,17.31,0.38
2002,170,22.49,28.34,18.42,69.14,0.0,3.68,2.89,26.93,0.38
2002,171,21.78,26.49,18.57,74.15,0.13,7.22,5.66,21.82,0.38
2002,172,19.36,22.81,16.43,65.43,0.09,9.23,7.26,37.03,0.38
2002,173,19.1,24.97,14.54,61.73,0.01,8.23,6.47,27.44,0.38
2002,174,18.43,24.45,12.92,61.1,0.0,3.89,3.07,26.24,0.38
2002,175,20.39,26.77,15.52,60.88,0.0,3.93,3.07,24.97,0.38
2002,176,20.57,25.68,16.11,68.6,0.0,4.03,3.18,47.36,0.38
2002,177,21.29,27.52,16.3,62.92,0.0,4.74,3.73,23.58,0.38
2002,178,22.21,27.46,17.31,65.24,0.0,3.38,2.65,45.09,0.38
2002,179,22.66,27.77,18.7,71.44,0.0,3.01,2.32,76.68,0.38
2002,180,22.79,26.34,20.29,73.33,0.04,4.05,3.21,83.55,0.38
2002,181,22.0,26.13,19.21,73.0,0.42,5.77,4.6,27.51,0.38
2002,182,21.24,25.76,18.53,72.38,0.32,7.21,5.7,36.71,0.38
2002,183,20.82,26.46,16.61,67.88,0.01,7.83,6.18,19.11,0.38
2002,184,21.82,27.72,16.49,66.67,0.04,6.11,4.86,18.39,0.38
2002,185,23.21,28.7,18.27,64.05,0.06,3.08,2.4,24.67,0.38
2002,186,22.68,26.65,20.56,74.21,0.0,3.55,2.82,63.89,0.38
2002,187,22.68,26.74,19.73,69.53,0.0,4.01,3.17,20.08,0.38
2002,188,22.65,28.58,18.25,67.64,0.0,3.21,2.56,52.84,0.38
2002,189,21.42,24.97,19.04,78.8,0.0,4.44,3.51,24.73,0.38
2002,190,20.66,24.26,17.78,75.73,0.0,3.93,3.06,41.88,0.38
2002,191,21.25,27.05,15.84,70.15,0.53,5.99,4.63,41.78,0.38
2002,192,21.13,23.5,18.5,73.52,4.71,5.58,4.4,48.66,0.39
2002,193,19.75,22.89,17.66,63.34,0.06,3.63,2.83,44.92,0.39
2002,194,20.19,25.81,14.94,67.59,0.0,5.64,4.49,26.71,0.38
2002,195,21.22,27.5,16.73,71.44,0.0,5.15,4.06,38.33,0.38
2002,196,21.05,26.69,16.34,73.18,0.0,3.56,2.8,27.99,0.38
2002,197,21.82,27.57,17.23,72.15,0.0,3.73,2.92,18.92,0.38
2002,198,21.57,26.34,17.94,75.79,0.0,3.07,2.4,21.14,0.38
2002,199,22.29,28.34,17.37,70.69,0.01,3.75,2.91,23.77,0.38
2002,200,22.7,28.73,18.77,69.49,0.01,3.42,2.67,26.93,0.38
2002,201,21.74,26.18,18.78,83.38,0.02,2.96,2.3,25.98,0.38
2002,202,22.8,28.53,18.69,66.42,0.01,4.14,3.23,23.59,0.38
2002,203,22.33,27.65,17.79,62.59,0.03,3.66,2.88,57.31,0.38
2002,204,22.66,27.12,19.8,69.52,0.49,3.21,2.49,52.45,0.38
2002,205,22.79,28.88,18.41,68.33,0.0,3.08,2.34,13.55,0.38
2002,206,22.45,28.09,18.43,67.43,0.0,2.89,2.19,28.73,0.38
2002,207,22.66,28.67,17.52,66.74,0.0,3.19,2.48,30.12,0.38
2002,208,23.16,29.94,18.25,63.49,0.0,3.88,3.03,17.57,0.38
2002,209,23.29,29.43,18.89,66.57,0.0,3.51,2.71,17.24,0.38
2002,210,23.39,29.76,18.32,62.74,0.0,2.96,2.3,17.39,0.38
2002,211,22.78,28.44,18.1,64.68,0.0,3.2,2.52,18.66,0.38
2002,212,23.07,28.04,18.75,70.63,0.0,6.32,4.99,21.2,0.38
2002,213,23.1,28.6,18.54,64.21,0.04,7.65,6.03,18.42,0.38
2002,214,23.11,29.66,17.12,57.56,0.0,4.75,3.79,15.61,0.37
2002,215,23.17,28.83,18.44,55.95,0.0,4.96,3.97,27.24,0.37
2002,216,23.41,28.06,19.08,58.92,0.01,4.11,3.28,21.53,0.37
2002,217,23.25,28.26,19.02,61.14,0.0,4.21,3.36,18.66,0.37
2002,218,23.43,29.05,18.59,56.81,0.0,4.11,3.27,22.34,0.37
2002,219,23.33,28.67,18.36,54.48,0.0,5.0,3.95,19.32,0.37
2002,220,22.98,28.74,17.9,53.17,0.0,6.4,5.06,12.97,0.37
2002,221,22.22,27.75,17.0,55.96,0.0,6.86,5.43,15.8,0.37
2002,222,22.29,28.92,16.32,56.49,0.01,7.43,5.8,13.65,0.37
2002,223,22.67,29.48,16.68,57.18,0.01,5.0,3.92,18.53,0.37
2002,224,23.51,30.14,18.42,61.42,0.0,4.64,3.7,20.49,0.37
2002,225,24.63,30.03,20.19,63.17,0.06,3.34,2.65,40.0,0.37
2002,226,25.55,30.53,20.99,60.52,5.23,3.22,2.53,52.31,0.37
2002,227,24.91,30.67,20.1,55.6,0.15,3.97,3.12,74.91,0.38
2002,228,24.61,30.62,19.45,61.28,0.01,4.28,3.39,14.24,0.38
2002,229,23.82,29.76,18.82,56.82,0.01,4.34,3.49,14.74,0.38
2002,230,23.68,29.4,19.08,60.29,0.0,3.45,2.75,18.91,0.38
2002,231,23.5,29.37,18.85,58.9,0.0,3.85,3.07,21.65,0.37
2002,232,23.28,28.33,18.92,64.84,0.0,3.17,2.54,26.01,0.37
2002,233,24.21,29.7,18.61,57.25,0.24,4.0,3.2,27.16,0.37
2002,234,24.3,30.43,19.68,58.05,0.09,4.83,3.86,31.83,0.37
2002,235,24.82,30.66,20.24,61.14,0.13,3.46,2.78,23.02,0.37
2002,236,25.95,31.85,21.14,58.67,0.02,2.99,2.36,20.51,0.37
2002,237,26.45,32.32,21.83,50.69,0.02,3.89,3.03,19.09,0.37
2002,238,25.37,31.69,20.15,54.78,0.0,4.07,3.22,19.45,0.37
2002,239,24.8,30.78,20.12,57.8,0.0,4.02,3.2,15.66,0.37
2002,240,24.87,30.86,19.68,56.41,0.01,4.01,3.21,21.74,0.37
2002,241,24.97,30.44,20.08,54.88,0.0,4.82,3.87,14.86,0.37
2002,242,25.5,31.09,20.75,55.88,0.01,4.99,3.98,24.27,0.37
2002,243,24.72,30.31,20.55,59.13,0.01,4.98,4.01,20.04,0.37
2002,244,24.27,29.48,20.35,61.94,0.0,3.89,3.12,34.08,0.37
2002,245,23.49,29.08,19.02,63.83,0.0,3.57,2.87,20.24,0.37
2002,246,23.88,29.26,19.93,65.14,0.0,3.19,2.57,18.97,0.37
2002,247,24.64,30.56,19.89,59.82,0.0,4.16,3.36,23.24,0.37
2002,248,25.5,31.47,21.36,59.47,0.14,4.57,3.65,30.71,0.37
2002,249,24.63,29.65,21.46,63.03,0.03,5.42,4.42,22.56,0.37
2002,250,23.87,29.46,19.76,67.73,0.0,4.99,4.07,18.53,0.37
2002,251,23.08,27.51,19.28,70.74,0.01,4.14,3.4,57.73,0.37
2002,252,23.62,29.55,19.64,68.79,0.0,3.31,2.68,18.51,0.37
2002,253,25.0,31.15,19.75,63.44,0.0,4.37,3.47,18.76,0.37
2002,254,26.09,30.78,22.73,68.34,11.84,6.52,5.09,77.4,0.37
2002,255,22.1,24.67,19.7,74.31,16.95,4.39,3.5,59.03,0.42
2002,256,22.07,24.95,19.75,72.96,0.46,6.59,5.26,26.45,0.42
2002,257,20.64,25.37,17.28,59.31,0.08,10.89,8.59,31.46,0.41
2002,258,20.73,27.35,15.6,51.49,0.0,9.37,7.41,16.81,0.41
2002,259,21.54,28.67,15.02,55.59,0.0,6.86,5.44,16.89,0.4
2002,260,22.78,29.09,16.64,57.23,0.0,5.51,4.4,10.72,0.4
2002,261,23.27,28.59,18.11,56.11,0.08,5.33,4.27,19.34,0.4
2002,262,23.93,29.84,18.23,58.58,0.02,5.04,4.04,10.5,0.39
2002,263,24.1,29.49,19.48,61.13,0.0,4.53,3.64,12.64,0.39
2002,264,24.27,30.3,19.39,60.37,0.0,3.62,2.87,22.81,0.39
2002,265,23.15,28.67,18.97,63.93,0.01,5.17,4.17,77.29,0.39
2002,266,22.5,28.09,18.2,67.71,0.0,4.94,4.03,82.54,0.38
2002,267,23.91,30.55,18.28,61.78,0.0,4.89,3.94,25.69,0.38
2002,268,25.23,32.93,18.96,56.24,0.0,4.45,3.5,19.89,0.38
2002,269,27.05,34.96,19.97,51.95,0.0,4.6,3.52,25.05,0.38
2002,270,26.15,33.21,20.96,60.18,0.0,5.06,4.02,24.42,0.38
2002,271,25.72,31.21,21.9,70.3,0.0,3.22,2.59,55.03,0.38
2002,272,26.28,32.84,21.56,66.81,0.0,3.39,2.74,31.94,0.38
2002,273,24.85,29.57,21.67,72.84,0.0,5.16,4.16,38.46,0.38
2002,274,24.3,29.46,20.87,68.6,0.0,4.31,3.53,16.59,0.38
2002,275,25.02,31.68,19.29,58.9,0.0,6.07,4.86,22.69,0.38
2002,276,26.44,34.12,20.55,64.16,0.0,4.48,3.59,16.11,0.38
2002,277,25.94,31.09,22.25,66.11,0.0,5.7,4.53,35.36,0.37
2002,278,26.13,32.43,20.54,56.59,0.0,7.71,6.15,35.45,0.37
2002,279,26.36,31.77,22.24,59.59,0.0,5.2,4.19,59.1,0.37
2002,280,25.48,31.17,21.42,66.41,0.0,4.24,3.46,41.46,0.37
2002,281,24.76,28.83,22.05,70.79,0.36,4.89,3.99,65.33,0.37
2002,282,22.77,26.3,19.76,62.25,0.49,8.59,6.91,59.47,0.37
2002,283,23.15,30.05,17.56,48.83,0.0,8.73,6.98,20.75,0.37
2002,284,24.63,31.38,18.3,49.22,0.0,8.47,6.72,17.44,0.37
2002,285,25.65,32.69,18.5,47.84,0.0,7.61,5.95,11.44,0.37
2002,286,25.76,32.97,18.92,48.17,0.0,6.71,5.24,11.11,0.37
2002,287,24.96,31.4,19.54,56.56,0.0,4.95,3.98,10.11,0.37
2002,288,25.39,31.85,20.35,59.31,0.0,4.12,3.32,14.8,0.37
2002,289,25.73,32.18,20.68,56.29,0.0,4.65,3.75,15.72,0.37
2002,290,25.96,31.95,21.36,62.99,0.0,3.36,2.69,16.23,0.37
2002,291,26.1,32.09,21.83,60.99,0.11,3.79,3.08,34.1,0.37
2002,292,26.37,31.43,22.74,60.93,0.29,4.98,4.04,20.79,0.37
2002,293,26.46,31.56,22.71,61.34,0.06,5.36,4.32,17.33,0.37
2002,294,27.76,35.01,22.11,58.9,0.0,5.75,4.6,17.61,0.37
2002,295,27.77,33.3,23.98,62.35,0.0,4.04,3.25,40.65,0.37
2002,296,28.14,34.4,23.32,62.9,0.06,2.95,2.38,31.65,0.37
2002,297,27.87,33.25,24.1,63.57,0.05,3.84,3.07,36.6,0.37
2002,298,26.02,30.6,23.06,68.88,0.45,4.16,3.37,28.47,0.37
2002,299,25.7,30.67,22.03,62.81,2.12,6.57,5.36,46.79,0.37
2002,300,26.6,31.43,22.77,60.9,2.92,5.07,4.12,28.9,0.37
2002,301,27.4,33.1,22.7,61.69,0.0,3.02,2.49,16.89,0.37
2002,302,28.3,34.39,24.32,56.59,0.16,4.47,3.56,48.88,0.37
2002,303,28.52,33.68,25.02,58.51,0.28,6.01,4.83,78.06,0.37
2002,304,28.29,34.91,24.31,63.79,0.98,4.64,3.76,52.74,0.37
2002,305,27.16,29.5,25.03,68.46,3.32,2.02,1.65,85.93,0.38
2002,306,27.06,30.95,24.12,68.83,2.72,3.77,3.05,39.06,0.38
2002,307,25.89,30.39,23.29,75.48,0.0,3.22,2.64,63.62,0.38
2002,308,27.4,32.79,23.67,67.09,0.01,3.95,3.21,29.64,0.38
2002,309,28.17,34.0,23.77,65.66,0.18,4.21,3.38,42.09,0.38
2002,310,28.36,33.0,23.67,60.13,0.75,6.09,4.81,38.12,0.38
2002,311,25.53,30.77,21.1,61.87,2.37,10.6,8.36,65.93,0.38
2002,312,24.44,29.05,20.63,65.81,0.66,8.03,6.46,60.07,0.38
2002,313,23.67,29.6,18.55,64.17,0.0,6.53,5.33,14.92,0.38
2002,314,25.21,30.21,20.51,67.83,0.03,7.09,5.72,15.2,0.38
2002,315,25.51,31.52,20.23,58.12,0.08,9.23,7.34,22.18,0.37
2002,316,27.03,34.15,20.57,59.83,1.36,9.39,7.35,13.4,0.37
2002,317,28.12,34.67,23.5,58.04,3.63,5.03,3.98,13.25,0.38
2002,318,27.35,32.63,24.05,68.71,6.92,5.24,4.17,12.9,0.38
2002,319,25.79,29.88,22.99,75.74,3.69,4.12,3.37,33.38,0.39
2002,320,25.23,30.28,21.37,61.72,0.14,6.92,5.6,14.5,0.39
2002,321,25.72,32.42,19.92,62.41,0.0,6.04,4.87,10.28,0.39
2002,322,27.71,33.68,21.98,62.78,0.73,6.91,5.52,14.89,0.38
2002,323,29.61,35.07,25.02,57.87,0.6,4.45,3.42,18.26,0.38
2002,324,28.62,34.19,24.94,57.4,0.32,5.29,4.17,11.39,0.38
2002,325,28.65,34.04,24.31,58.49,0.02,4.26,3.4,7.68,0.38
2002,326,29.24,34.81,24.12,53.85,0.13,4.48,3.56,13.3,0.38
2002,327,28.87,35.32,25.09,56.96,0.62,5.45,4.31,20.51,0.38
2002,328,27.6,32.51,23.49,63.58,0.5,4.66,3.78,15.65,0.38
2002,329,24.04,26.78,21.94,68.05,3.67,6.08,4.92,54.32,0.38
2002,330,23.46,26.09,21.24,66.97,2.5,7.73,6.19,72.43,0.38
2002,331,24.07,28.24,20.09,61.9,0.29,7.73,6.22,39.96,0.39
2002,332,24.36,30.9,17.76,56.3,0.0,6.73,5.45,9.38,0.38
2002,333,25.14,30.57,21.11,63.94,0.0,4.62,3.75,28.75,0.38
2002,334,24.59,29.4,21.03,65.54,0.01,6.6,5.34,61.47,0.38
2002,335,24.65,30.56,19.14,57.65,0.0,8.55,6.83,18.1,0.38
2002,336,27.33,34.4,20.8,57.44,0.14,5.63,4.49,12.01,0.38
2002,337,27.64,33.73,24.28,67.71,10.28,5.04,3.99,47.71,0.38
2002,338,27.31,32.4,23.81,69.89,5.06,3.58,2.88,58.74,0.4
2002,339,28.14,32.83,24.15,63.78,0.55,3.25,2.56,51.6,0.39
2002,340,27.14,31.12,23.95,67.22,10.53,3.8,3.03,25.98,0.4
2002,341,27.5,32.48,22.62,66.65,0.39,4.02,3.22,29.19,0.4
2002,342,27.7,33.31,23.72,64.72,1.68,4.39,3.48,48.03,0.4
2002,343,27.43,31.97,24.62,70.52,5.71,5.03,4.01,38.43,0.4
2002,344,26.32,29.95,23.64,73.57,4.91,3.73,3.03,19.3,0.41
2002,345,26.5,31.03,23.06,72.09,2.31,3.24,2.63,76.22,0.41
2002,346,27.12,31.57,24.4,71.97,4.67,3.73,3.06,53.12,0.41
2002,347,26.85,30.82,24.18,74.43,12.99,3.72,3.0,33.89,0.42
2002,348,26.92,31.21,24.18,73.31,1.93,2.82,2.31,62.06,0.42
2002,349,26.94,30.78,24.32,70.32,0.47,3.72,3.02,58.68,0.42
2002,350,27.37,31.37,24.44,68.14,2.1,3.71,3.01,27.95,0.42
2002,351,27.62,32.28,24.24,69.61,0.3,3.77,3.06,23.75,0.41
2002,352,27.65,31.42,25.02,76.77,1.34,4.46,3.59,54.82,0.41
2002,353,29.16,33.95,25.71,67.62,0.72,4.63,3.65,46.98,0.41
2002,354,27.17,30.03,24.48,69.03,6.74,4.82,3.83,48.26,0.41
2002,355,28.57,33.46,23.84,64.02,3.4,3.84,3.09,17.01,0.42
2002,356,28.98,33.84,25.18,66.8,2.81,4.74,3.77,13.49,0.42
2002,357,28.15,32.1,24.62,70.5,1.17,3.81,3.08,22.3,0.41
2002,358,27.73,31.2,25.15,73.44,2.95,4.27,3.44,40.07,0.41
2002,359,27.12,30.88,24.59,71.7,3.07,4.06,3.34,40.42,0.41
2002,360,26.87,31.29,23.32,66.46,0.16,5.24,4.22,23.27,0.41
2002,361,26.89,32.15,22.19,63.19,0.01,7.24,5.8,14.64,0.41
2002,362,27.04,33.06,22.27,63.86,0.09,7.93,6.31,13.67,0.4
2002,363,28.54,34.43,22.33,62.27,1.14,6.21,4.9,15.25,0.4
2002,364,29.47,34.9,25.58,61.26,4.17,4.79,3.73,56.92,0.4
2002,365,30.23,35.66,26.36,59.99,0.23,3.23,2.48,58.53,0.41
2003,1,30.63,37.08,25.69,62.05,2.32,4.58,3.52,46.48,0.4
2003,2,28.3,30.51,26.2,70.18,5.97,4.52,3.5,45.9,0.41
2003,3,28.28,33.46,24.88,65.62,2.59,3.67,2.94,29.95,0.41
2003,4,27.88,32.53,24.7,69.65,4.82,4.14,3.32,35.02,0.41
2003,5,28.38,32.91,24.08,67.17,0.56,6.01,4.82,52.25,0.41
2003,6,28.45,32.53,25.39,67.35,1.54,3.53,2.8,88.21,0.41
2003,7,27.29,30.41,25.49,75.84,7.92,2.6,2.09,98.39,0.41
2003,8,28.22,33.53,24.56,74.61,3.48,3.67,2.84,95.35,0.43
2003,9,28.29,32.66,25.33,76.1,1.72,4.04,3.19,62.49,0.42
2003,10,27.78,31.6,25.08,75.45,1.22,3.41,2.72,36.04,0.42
2003,11,27.36,30.34,24.69,76.86,2.67,4.04,3.24,47.83,0.42
2003,12,26.13,28.98,24.29,79.82,2.59,5.04,4.07,77.97,0.42
2003,13,26.37,30.27,23.61,72.03,0.3,3.97,3.24,34.96,0.42
2003,14,26.93,31.76,23.19,67.43,0.19,5.0,4.04,17.72,0.41
2003,15,28.32,33.91,22.82,59.56,0.09,5.99,4.81,17.32,0.41
2003,16,28.78,34.48,24.4,64.34,3.56,4.74,3.79,11.18,0.41
2003,17,28.39,32.68,25.31,67.16,5.13,3.72,2.99,61.54,0.41
2003,18,28.96,33.31,25.33,66.61,0.86,3.28,2.68,85.32,0.41
2003,19,27.8,30.53,25.97,77.14,18.34,3.32,2.72,66.6,0.43
2003,20,27.54,31.21,25.48,79.83,14.92,3.66,2.95,72.2,0.46
2003,21,28.68,32.79,25.78,71.44,2.43,3.32,2.67,22.54,0.46
2003,22,28.53,32.57,24.47,69.6,1.05,3.69,2.91,23.79,0.45
2003,23,29.19,33.79,25.42,67.61,2.67,3.76,3.0,20.39,0.45
2003,24,28.88,32.76,26.03,71.61,6.85,3.08,2.49,25.3,0.45
2003,25,28.73,33.51,24.94,71.88,3.01,3.44,2.79,16.6,0.45
2003,26,28.51,32.23,26.0,73.99,5.65,4.06,3.28,22.29,0.45
2003,27,28.98,33.91,25.07,69.48,3.8,6.13,4.88,36.74,0.45
2003,28,29.74,35.0,24.99,68.93,3.78,6.02,4.71,50.02,0.45
2003,29,29.03,33.59,25.62,73.17,14.98,6.37,4.88,92.43,0.45
2003,30,27.44,29.82,25.83,85.29,33.81,9.09,7.03,99.33,0.5
2003,31,27.52,29.34,26.13,85.74,12.4,7.7,5.96,99.39,0.54
2003,32,27.54,30.12,25.72,81.69,3.74,3.46,2.78,86.67,0.53
2003,33,27.08,28.9,25.53,83.26,4.06,2.1,1.69,63.87,0.52
2003,34,28.92,33.35,25.26,72.74,2.13,3.1,2.47,54.99,0.52
2003,35,29.37,34.44,25.14,67.03,0.15,3.02,2.36,25.23,0.51
2003,36,28.84,33.7,24.54,67.72,0.07,3.98,3.16,18.94,0.49
2003,37,29.05,33.59,25.48,70.03,2.18,3.61,2.85,42.32,0.49
2003,38,27.61,31.91,25.19,77.95,4.4,5.61,4.36,57.5,0.49
2003,39,27.82,31.07,24.46,67.2,0.74,4.54,3.53,39.72,0.49
2003,40,28.41,32.23,24.95,67.53,0.39,3.31,2.62,43.23,0.48
2003,41,29.98,35.24,25.29,65.88,0.05,3.7,2.95,19.66,0.48
2003,42,30.67,35.53,25.56,62.76,0.13,3.59,2.82,15.53,0.47
2003,43,29.57,35.14,24.32,59.62,0.01,4.33,3.47,13.74,0.46
2003,44,29.68,34.58,25.04,60.16,0.04,4.71,3.76,13.41,0.46
2003,45,28.66,34.41,23.28,62.14,0.05,6.2,4.95,20.1,0.45
2003,46,28.26,33.66,23.71,66.91,1.28,4.1,3.3,24.67,0.45
2003,47,29.44,34.56,25.22,64.06,0.6,2.91,2.3,24.46,0.45
2003,48,30.06,35.3,24.76,62.2,0.66,3.85,3.07,27.8,0.44
2003,49,30.0,35.28,25.13,60.46,0.45,4.3,3.43,24.5,0.44
2003,50,28.83,33.95,23.84,60.23,0.11,3.67,2.95,34.25,0.43
2003,51,28.78,33.94,24.03,64.54,2.78,4.07,3.27,21.07,0.43
2003,52,28.64,32.89,25.3,73.09,3.01,4.14,3.35,46.52,0.43
2003,53,27.53,31.47,25.91,79.34,11.78,4.88,3.9,86.8,0.44
2003,54,27.59,31.47,24.93,79.68,8.07,4.62,3.68,97.28,0.46
2003,55,28.52,33.5,25.15,76.6,6.16,6.49,5.01,68.6,0.46
2003,56,27.62,30.29,25.71,79.83,7.45,5.47,4.28,90.3,0.47
2003,57,27.55,32.11,24.72,77.85,3.02,3.97,3.16,99.36,0.47
2003,58,27.9,31.52,25.28,81.56,7.28,3.89,2.96,83.73,0.47
2003,59,27.91,31.23,25.55,80.48,1.7,3.84,2.99,92.77,0.48
2003,60,28.67,32.85,25.72,74.41,0.84,3.26,2.59,82.98,0.47
2003,61,26.65,27.99,25.42,78.99,4.21,1.81,1.47,94.39,0.47
2003,62,26.38,28.64,25.02,81.54,4.54,2.13,1.7,69.74,0.48
2003,63,26.89,30.6,24.36,80.27,3.12,2.74,2.18,33.64,0.48
2003,64,27.04,31.16,24.06,77.63,1.96,2.95,2.33,20.24,0.48
2003,65,27.54,31.65,24.66,76.29,2.21,3.49,2.76,21.97,0.47
2003,66,26.9,29.58,25.11,79.19,2.65,2.78,2.2,75.36,0.47
2003,67,26.58,29.87,24.48,76.54,1.93,3.18,2.56,40.4,0.48
2003,68,25.65,28.58,23.59,75.13,3.8,3.49,2.84,80.23,0.48
2003,69,26.98,31.57,23.33,66.33,0.62,5.85,4.64,33.86,0.47
2003,70,26.6,32.17,22.07,71.95,1.95,7.42,5.83,14.99,0.47
2003,71,28.13,33.3,24.07,70.68,1.23,6.79,5.29,42.1,0.46
2003,72,28.87,34.1,24.59,69.81,1.19,3.9,3.09,51.68,0.46
2003,73,28.61,33.11,25.25,71.43,1.33,3.7,2.91,51.19,0.46
2003,74,28.37,32.67,25.63,72.63,2.09,2.54,2.03,15.2,0.46
2003,75,28.27,32.6,24.84,70.72,0.88,4.24,3.37,14.35,0.45
2003,76,28.6,34.08,24.07,69.61,0.18,6.3,4.93,18.66,0.45
2003,77,29.46,35.32,24.25,67.96,0.49,3.86,2.99,33.91,0.44
2003,78,29.27,33.1,26.46,69.57,0.48,3.43,2.69,52.43,0.44
2003,79,28.98,32.42,26.1,67.76,0.7,2.48,1.96,51.53,0.44
2003,80,28.66,32.67,25.45,70.35,3.17,3.8,2.96,85.67,0.44
2003,81,28.07,33.03,24.79,74.1,2.11,4.5,3.54,80.39,0.44
2003,82,28.87,32.81,25.37,71.38,3.28,2.75,2.16,28.43,0.44
2003,83,28.82,33.72,24.97,69.5,1.02,3.71,2.98,32.42,0.44
2003,84,29.53,34.78,25.19,66.04,0.35,3.25,2.57,18.17,0.44
2003,85,29.51,34.82,25.53,67.46,0.28,4.02,3.19,18.44,0.43
2003,86,29.51,34.51,25.47,66.96,0.64,3.85,3.07,13.94,0.43
2003,87,28.66,33.86,24.52,62.85,0.02,4.88,3.92,11.28,0.43
2003,88,28.23,34.21,22.82,58.74,0.0,4.12,3.26,16.41,0.42
2003,89,28.57,34.45,23.58,61.96,0.58,3.82,3.04,13.07,0.42
2003,90,28.58,34.2,23.62,61.41,0.16,3.95,3.17,13.14,0.42
2003,91,29.63,34.92,24.94,62.11,0.12,3.49,2.79,18.27,0.41
2003,92,29.59,34.81,25.18,59.52,0.04,3.91,3.13,24.65,0.41
2003,93,29.63,35.12,25.13,59.46,0.09,3.74,3.03,54.01,0.41
2003,94,29.11,33.91,25.4,59.78,0.23,4.42,3.52,21.73,0.41
2003,95,27.67,32.28,22.96,65.19,0.65,3.82,3.09,16.76,0.41
2003,96,26.76,30.75,23.97,67.85,5.05,4.02,3.22,26.97,0.41
2003,97,25.79,29.47,23.36,74.51,3.88,6.38,5.0,74.8,0.42
2003,98,26.11,30.53,23.12,76.21,3.93,6.95,5.44,77.2,0.42
2003,99,25.31,27.93,23.4,80.15,5.25,7.11,5.56,90.79,0.43
2003,100,25.45,28.55,23.24,81.04,9.26,6.93,5.41,72.27,0.44
2003,101,25.28,29.41,21.83,70.97,2.15,7.21,5.68,23.4,0.44
2003,102,25.32,31.59,20.68,68.14,0.33,8.36,6.51,18.07,0.44
2003,103,24.8,30.68,20.54,63.5,0.02,9.23,7.16,17.95,0.43
2003,104,24.15,29.77,19.6,67.3,0.2,7.84,6.14,15.45,0.43
2003,105,23.67,27.93,19.98,79.77,3.8,4.53,3.63,37.32,0.43
2003,106,23.84,27.59,21.7,78.24,1.57,3.12,2.53,61.03,0.43
2003,107,23.95,27.86,21.09,74.64,0.02,3.29,2.65,31.66,0.43
2003,108,24.26,28.98,20.36,73.57,0.02,4.33,3.48,22.14,0.43
2003,109,23.84,28.21,20.61,74.02,0.07,5.67,4.53,20.95,0.42
2003,110,23.4,27.4,19.76,75.59,0.09,4.52,3.6,23.66,0.42
2003,111,24.87,30.02,20.52,68.89,0.03,5.41,4.27,13.75,0.42
2003,112,25.45,31.18,20.87,69.31,0.58,3.86,3.04,26.92,0.42
2003,113,24.99,28.87,22.43,76.58,0.29,4.36,3.43,28.21,0.41
2003,114,25.05,29.5,21.88,73.98,0.03,3.57,2.87,18.87,0.41
2003,115,25.68,30.95,21.93,70.29,0.03,6.88,5.42,19.59,0.41
2003,116,24.81,30.16,21.06,67.49,0.03,8.26,6.46,19.04,0.41
2003,117,24.35,30.23,20.14,63.69,0.0,7.62,5.95,19.56,0.41
2003,118,23.59,29.39,18.46,66.45,0.1,7.85,6.14,19.82,0.41
2003,119,23.94,29.97,18.84,64.46,0.02,7.56,5.89,15.51,0.4
2003,120,25.13,31.92,19.48,65.9,0.13,4.25,3.32,12.36,0.4
2003,121,25.18,31.29,20.46,66.68,0.0,4.29,3.38,16.04,0.4
2003,122,24.22,29.72,20.43,70.07,0.0,3.99,3.12,16.37,0.4
2003,123,24.2,29.47,20.28,71.33,0.23,6.25,4.94,18.77,0.4
2003,124,24.66,30.87,19.61,65.03,0.0,4.37,3.47,12.73,0.4
2003,125,24.16,29.28,20.14,71.19,0.0,3.24,2.53,19.18,0.4
2003,126,24.73,30.7,19.66,64.96,0.0,5.38,4.23,11.73,0.4
2003,127,24.94,30.68,19.63,64.18,0.01,7.74,6.03,17.01,0.4
2003,128,26.17,31.56,22.3,66.32,0.21,6.9,5.36,31.64,0.39
2003,129,27.59,33.81,23.66,73.36,3.11,5.15,3.94,66.92,0.4
2003,130,26.77,31.19,24.08,79.62,4.91,4.42,3.46,80.49,0.4
2003,131,25.93,30.15,23.53,78.61,0.8,2.4,1.91,39.33,0.41
2003,132,26.08,31.63,22.26,70.67,0.0,2.73,2.16,19.47,0.4
2003,133,25.47,29.59,23.05,77.07,0.17,3.12,2.52,18.48,0.4
2003,134,25.43,30.28,22.37,69.29,0.28,7.09,5.61,16.15,0.4
2003,135,23.17,27.77,19.93,71.71,0.36,9.96,7.76,39.89,0.4
2003,136,21.27,24.3,19.42,70.72,0.36,10.37,8.04,28.17,0.4
2003,137,23.13,29.21,18.49,64.56,0.12,6.42,5.02,16.22,0.4
2003,138,24.55,29.73,21.2,64.11,0.29,5.12,4.01,21.21,0.4
2003,139,23.27,27.53,20.02,72.69,0.02,2.77,2.2,29.02,0.4
2003,140,24.21,30.12,19.07,68.06,0.01,2.98,2.32,15.36,0.4
2003,141,25.25,31.45,20.66,65.8,0.0,3.63,2.85,20.16,0.4
2003,142,24.89,30.33,21.22,67.74,0.0,3.03,2.38,24.71,0.39
2003,143,23.86,28.47,21.09,76.62,0.06,2.74,2.21,29.82,0.39
2003,144,22.68,26.26,20.29,78.29,0.21,3.62,2.85,26.65,0.39
2003,145,21.82,25.39,19.82,77.18,0.87,2.46,1.98,25.88,0.39
2003,146,22.78,27.72,19.03,67.68,0.0,2.47,1.97,21.26,0.39
2003,147,23.53,30.2,18.11,62.69,0.0,3.0,2.31,21.55,0.39
2003,148,23.0,27.06,19.33,73.25,0.33,3.1,2.42,41.63,0.39
2003,149,22.74,26.95,20.09,71.67,0.1,4.37,3.47,34.38,0.39
2003,150,22.76,28.17,18.3,69.89,0.0,6.61,5.24,20.46,0.39
2003,151,24.05,29.96,19.38,67.29,0.13,7.0,5.49,16.44,0.39
2003,152,23.99,29.77,19.05,68.21,0.51,5.82,4.58,15.68,0.39
2003,153,23.64,29.45,19.07,68.12,0.11,4.58,3.6,19.18,0.39
2003,154,23.03,28.31,19.31,70.78,0.0,2.7,2.13,23.85,0.39
2003,155,23.21,28.62,19.05,72.5,0.0,3.93,3.11,33.72,0.39
2003,156,22.91,28.18,19.02,74.26,0.0,4.05,3.24,13.96,0.39
2003,157,22.77,27.75,19.38,73.71,0.0,3.9,3.1,27.06,0.39
2003,158,22.23,27.59,18.35,70.97,0.0,3.14,2.47,29.13,0.39
2003,159,21.96,26.95,18.55,77.0,0.12,3.22,2.58,35.87,0.39
2003,160,21.63,26.58,18.14,70.59,0.04,3.97,3.17,23.89,0.39
2003,161,19.99,23.51,17.06,72.42,0.09,6.35,5.02,74.95,0.39
2003,162,20.33,24.15,17.72,62.23,0.02,6.75,5.36,59.26,0.39
2003,163,20.57,25.63,16.43,67.17,0.01,6.43,5.11,33.87,0.39
2003,164,21.21,27.98,15.72,62.78,0.0,4.66,3.68,21.25,0.39
2003,165,22.11,28.55,16.53,59.93,0.0,3.46,2.7,24.66,0.39
2003,166,22.78,28.18,18.4,65.27,0.0,4.5,3.54,26.01,0.39
2003,167,22.74,28.38,17.83,65.75,0.01,6.48,5.1,22.47,0.38
2003,168,22.7,28.65,17.82,63.69,0.0,4.26,3.37,17.7,0.38
2003,169,22.97,27.59,18.92,64.93,0.03,3.24,2.56,25.48,0.38
2003,170,23.88,28.89,20.24,57.05,0.0,3.77,2.97,23.15,0.38
2003,171,23.72,29.01,19.41,61.93,0.58,6.64,5.18,16.59,0.38
2003,172,23.79,29.29,19.6,63.83,0.93,7.76,6.01,34.4,0.38
2003,173,23.49,30.05,18.6,63.27,1.38,6.07,4.71,77.38,0.39
2003,174,23.29,28.59,18.3,60.55,0.0,4.14,3.31,30.03,0.39
2003,175,23.12,28.12,19.28,61.89,0.0,4.63,3.69,63.85,0.39
2003,176,23.04,28.3,18.26,62.3,0.66,3.1,2.43,40.2,0.39
2003,177,23.04,29.12,17.7,56.76,0.0,5.03,3.97,17.15,0.39
2003,178,23.22,28.99,18.34,62.43,0.93,5.81,4.59,15.56,0.38
2003,179,22.86,28.45,18.24,68.2,1.47,7.68,6.04,16.14,0.39
2003,180,23.0,28.8,18.54,64.52,0.1,7.58,5.93,20.78,0.39
2003,181,22.46,28.47,17.12,62.99,0.0,6.06,4.77,16.86,0.39
2003,182,22.86,28.72,18.21,66.53,0.26,5.19,4.12,35.51,0.39
2003,183,22.39,26.4,19.74,75.83,0.59,5.01,3.98,31.69,0.39
2003,184,21.49,25.35,18.9,76.01,0.12,4.6,3.66,35.98,0.39
2003,185,19.29,22.88,16.56,68.59,0.01,6.06,4.87,43.14,0.39
2003,186,19.44,22.52,16.84,67.11,3.13,6.69,5.28,60.93,0.39
2003,187,17.61,21.35,14.63,61.36,0.27,8.92,7.05,40.16,0.39
2003,188,17.97,23.9,12.97,65.23,0.01,8.97,7.08,24.11,0.39
2003,189,19.11,25.29,13.8,63.78,0.0,7.55,5.99,20.34,0.39
2003,190,19.32,25.91,13.47,61.25,0.0,6.62,5.24,21.57,0.39
2003,191,20.33,27.08,14.37,58.61,0.0,5.98,4.68,22.32,0.39
2003,192,21.05,27.48,15.62,61.1,0.0,6.56,5.11,19.68,0.38
2003,193,21.68,27.07,17.39,63.89,0.0,5.29,4.21,21.26,0.38
2003,194,20.86,26.04,16.92,70.65,0.04,4.0,3.17,40.86,0.38
2003,195,20.7,25.1,17.63,74.47,0.6,6.59,5.25,39.06,0.38
2003,196,20.3,26.06,16.19,65.34,0.07,7.08,5.61,17.61,0.38
2003,197,21.05,27.93,14.7,64.18,0.05,4.98,3.94,16.22,0.38
2003,198,22.2,28.6,16.58,63.32,0.02,4.18,3.3,12.22,0.38
2003,199,21.78,27.86,16.91,62.01,0.0,4.41,3.48,17.64,0.38
2003,200,21.08,26.77,16.73,64.27,0.0,3.54,2.77,20.62,0.38
2003,201,21.14,26.97,16.46,66.86,0.0,4.46,3.5,21.71,0.38
2003,202,21.12,26.07,17.9,70.45,0.13,7.42,5.87,36.1,0.38
2003,203,21.11,27.01,16.45,67.02,0.0,6.84,5.46,18.25,0.38
2003,204,21.26,26.83,16.65,68.78,0.03,6.12,4.89,21.9,0.38
2003,205,22.62,28.45,16.81,61.96,0.01,5.36,4.21,16.29,0.38
2003,206,22.79,28.73,19.05,62.79,0.0,5.06,3.98,19.04,0.38
2003,207,22.23,26.78,18.25,65.87,0.0,3.41,2.71,19.72,0.38
2003,208,21.85,27.55,17.26,62.46,0.0,4.53,3.61,17.64,0.38
2003,209,21.55,27.6,16.44,63.0,0.0,3.68,2.93,18.37,0.38
2003,210,20.92,25.92,16.93,67.96,0.0,4.52,3.62,25.9,0.38
2003,211,21.15,26.74,17.24,65.71,0.13,7.65,6.06,29.83,0.38
2003,212,18.71,23.68,14.54,61.52,0.0,9.29,7.35,26.56,0.38
2003,213,18.63,24.59,14.38,60.12,0.01,9.82,7.73,21.36,0.38
2003,214,19.27,26.22,13.14,55.43,0.0,5.34,4.24,21.75,0.38
2003,215,18.97,24.13,14.23,63.06,0.0,4.24,3.38,26.05,0.37
2003,216,19.71,25.41,14.88,64.58,0.0,3.17,2.49,27.57,0.37
2003,217,20.07,25.59,15.17,68.86,0.0,4.12,3.28,25.21,0.37
2003,218,21.27,27.55,15.66,64.22,0.0,6.13,4.87,25.91,0.37
2003,219,22.37,27.74,17.08,59.02,0.0,7.36,5.76,11.34,0.37
2003,220,22.56,28.17,18.43,59.04,2.1,8.69,6.74,48.32,0.37
2003,221,21.63,26.4,18.35,59.5,0.26,7.61,5.97,44.58,0.38
2003,222,21.8,27.8,16.76,59.7,0.03,4.7,3.77,27.45,0.38
2003,223,22.1,27.52,17.52,58.37,0.0,3.23,2.55,25.99,0.38
2003,224,22.22,28.59,17.41,60.55,0.0,4.03,3.18,21.37,0.38
2003,225,22.7,29.24,17.52,56.67,0.0,4.56,3.57,27.63,0.37
2003,226,22.96,30.31,17.04,61.24,0.0,3.78,2.97,23.99,0.37
2003,227,22.01,25.79,19.2,77.03,0.0,4.1,3.27,34.66,0.37
2003,228,21.41,25.38,18.57,66.02,0.02,5.72,4.62,32.53,0.37
2003,229,21.86,28.19,16.49,62.33,0.0,6.32,5.07,18.03,0.37
2003,230,23.44,30.38,17.34,55.57,0.0,4.04,3.12,18.79,0.37
2003,231,23.61,29.99,18.57,63.01,0.0,4.04,3.23,18.22,0.37
2003,232,23.88,30.44,18.79,66.05,0.0,4.02,3.14,15.1,0.37
2003,233,23.46,28.79,20.27,73.65,2.42,5.45,4.3,39.42,0.37
2003,234,20.98,24.81,17.26,60.88,0.03,8.24,6.61,36.25,0.38
2003,235,19.7,25.48,14.7,59.58,0.0,8.09,6.49,22.16,0.38
2003,236,21.01,27.93,14.79,57.61,0.0,6.8,5.42,19.35,0.37
2003,237,21.95,27.99,17.24,67.29,0.0,6.39,5.1,24.58,0.37
2003,238,22.27,26.93,19.16,72.21,0.0,4.81,3.83,30.34,0.37
2003,239,20.73,23.85,16.76,62.63,0.06,7.99,6.39,37.7,0.37
2003,240,20.45,26.51,15.25,60.89,0.0,6.87,5.51,28.42,0.37
2003,241,21.58,29.03,15.89,63.87,0.0,5.51,4.43,15.73,0.37
2003,242,22.8,28.31,18.38,66.95,0.0,2.71,2.26,16.79,0.37
2003,243,24.06,30.19,18.81,61.65,0.02,3.36,2.67,22.59,0.37
2003,244,24.9,30.08,20.58,54.35,0.0,4.29,3.43,22.9,0.37
2003,245,24.65,31.02,19.67,53.17,0.0,4.65,3.69,14.14,0.37
2003,246,24.01,30.66,18.59,56.42,0.0,4.27,3.41,13.43,0.37
2003,247,23.93,30.04,18.88,53.65,0.0,3.08,2.45,16.37,0.37
2003,248,23.51,29.05,19.26,59.05,0.0,3.67,2.92,21.02,0.37
2003,249,24.32,30.45,18.9,56.18,0.0,4.29,3.43,43.42,0.37
2003,250,24.66,30.48,19.4,60.11,0.0,6.67,5.34,68.57,0.37
2003,251,25.01,30.47,21.32,62.8,0.0,3.78,3.06,30.94,0.37
2003,252,24.65,30.57,20.42,66.49,0.0,3.13,2.52,13.83,0.37
2003,253,25.31,30.9,20.58,65.31,0.0,3.12,2.49,18.94,0.37
2003,254,26.69,32.38,21.52,59.38,0.0,4.39,3.48,16.27,0.37
2003,255,26.85,33.7,21.85,53.25,0.0,4.83,3.78,12.08,0.37
2003,256,25.1,30.42,21.38,62.88,0.0,4.0,3.19,54.77,0.37
2003,257,22.66,26.94,18.39,70.74,0.48,9.29,7.35,27.54,0.37
2003,258,20.69,26.18,16.66,52.41,0.01,11.51,9.09,19.74,0.37
2003,259,21.58,27.88,15.7,54.84,0.03,9.46,7.5,37.61,0.37
2003,260,22.85,27.9,18.08,57.42,0.66,5.22,4.19,50.83,0.37
2003,261,23.69,29.25,19.4,65.14,0.55,5.31,4.25,28.66,0.37
2003,262,24.03,29.55,20.47,69.07,0.02,3.47,2.81,42.01,0.37
2003,263,24.31,30.54,19.6,67.31,0.0,3.34,2.66,12.6,0.37
2003,264,25.08,31.99,19.86,65.25,0.4,3.21,2.57,30.02,0.37
2003,265,25.49,31.33,21.17,65.36,0.02,3.55,2.85,15.13,0.37
2003,266,23.86,28.08,20.56,69.06,0.79,6.71,5.42,61.43,0.37
2003,267,23.48,29.14,18.83,61.51,0.0,7.58,6.11,16.13,0.37
2003,268,24.28,30.32,19.34,62.35,0.19,6.57,5.29,21.42,0.37
2003,269,25.23,31.41,20.19,62.15,0.06,6.9,5.51,14.56,0.37
2003,270,26.87,34.01,20.36,54.51,0.0,5.34,4.16,18.16,0.37
2003,271,26.41,32.92,21.31,54.95,0.0,5.35,4.24,15.8,0.36
2003,272,25.47,31.05,20.17,53.98,0.0,4.63,3.72,14.69,0.36
2003,273,25.05,31.63,19.35,54.29,0.0,4.66,3.75,20.47,0.36
2003,274,24.65,30.45,20.55,62.83,0.0,4.25,3.44,19.37,0.36
2003,275,24.78,31.2,19.12,58.55,0.0,3.32,2.69,16.37,0.36
2003,276,25.66,32.95,19.77,50.58,0.0,4.75,3.76,17.32,0.36
2003,277,26.21,32.92,19.91,50.84,0.0,5.85,4.67,17.79,0.36
2003,278,26.43,32.47,20.64,57.98,0.0,4.63,3.71,22.79,0.36
2003,279,26.13,32.7,21.93,65.54,0.0,4.68,3.72,21.7,0.36
2003,280,25.09,30.24,21.17,72.3,0.06,5.22,4.22,30.76,0.36
2003,281,25.74,32.05,21.25,63.31,0.81,8.97,7.13,35.85,0.36
2003,282,26.47,33.65,21.42,61.63,0.21,5.47,4.34,19.69,0.36
2003,283,25.09,29.06,22.28,75.96,0.0,5.02,4.03,46.09,0.36
2003,284,24.62,29.26,21.13,68.56,0.05,6.76,5.45,53.29,0.36
2003,285,22.51,26.5,19.75,63.52,0.22,7.5,6.08,25.08,0.36
2003,286,22.05,26.8,17.58,62.05,0.0,5.99,4.89,31.4,0.36
2003,287,24.46,31.07,18.36,60.68,0.0,4.81,3.93,25.5,0.36
2003,288,24.45,29.62,20.72,70.69,0.0,5.35,4.32,25.69,0.36
2003,289,25.05,29.54,22.2,68.58,0.0,3.69,3.03,21.93,0.36
2003,290,26.23,32.26,21.24,72.32,0.0,5.28,4.18,21.65,0.36
2003,291,26.25,31.05,22.21,69.06,1.09,4.59,3.72,53.99,0.36
2003,292,26.57,32.2,22.97,66.54,1.02,8.34,6.65,85.24,0.36
2003,293,28.74,33.46,24.26,54.81,0.07,5.91,4.62,94.16,0.36
2003,294,27.92,31.64,24.7,53.84,0.63,4.89,3.81,81.62,0.36
2003,295,26.0,28.73,24.19,68.59,1.96,3.81,3.09,82.56,0.37
2003,296,25.89,29.74,23.28,73.68,0.34,3.68,3.01,62.69,0.37
2003,297,26.64,32.21,22.66,65.32,0.05,4.09,3.34,26.49,0.37
2003,298,27.74,33.76,22.99,63.15,0.02,4.31,3.52,15.5,0.36
2003,299,28.85,34.16,24.51,58.71,0.01,4.0,3.19,41.14,0.36
2003,300,28.87,33.96,24.46,53.11,0.0,6.39,5.05,19.37,0.36
2003,301,28.65,35.05,22.81,58.07,0.0,7.49,5.99,34.79,0.36
2003,302,29.02,34.62,24.1,49.18,0.0,5.43,4.36,30.49,0.36
2003,303,28.51,32.96,24.43,55.42,0.0,5.73,4.6,17.42,0.36
2003,304,28.05,34.21,22.32,56.83,0.0,6.36,5.1,27.09,0.36
2003,305,27.54,33.49,24.24,59.12,0.0,4.38,3.52,48.28,0.36
2003,306,26.91,32.15,22.59,61.38,0.01,5.88,4.75,15.25,0.36
2003,307,26.28,32.21,21.2,60.75,0.04,8.09,6.5,24.57,0.36
2003,308,26.75,33.88,20.74,60.07,0.11,6.62,5.33,27.67,0.36
2003,309,27.37,32.38,22.85,66.09,0.05,5.32,4.28,21.03,0.36
2003,310,27.09,31.87,23.39,72.79,1.16,5.67,4.56,49.44,0.36
2003,311,26.16,30.05,22.58,64.39,2.92,7.4,5.95,79.3,0.36
2003,312,27.34,33.53,20.54,56.77,1.0,7.25,5.79,16.43,0.37
2003,313,28.78,35.19,24.52,56.65,0.63,4.52,3.58,21.46,0.37
2003,314,28.77,34.71,25.17,60.76,1.55,4.17,3.33,20.95,0.37
2003,315,29.73,35.58,25.85,57.42,0.05,4.3,3.43,13.47,0.36
2003,316,28.4,33.23,24.54,64.33,0.0,5.51,4.45,22.22,0.36
2003,317,26.48,31.09,21.35,63.16,0.42,9.4,7.47,40.87,0.36
2003,318,26.71,33.79,19.81,46.12,0.0,7.82,6.14,10.82,0.36
2003,319,27.09,33.88,22.48,62.75,1.97,6.84,5.44,34.28,0.36
2003,320,26.91,31.26,24.11,71.84,2.54,4.06,3.31,24.76,0.37
2003,321,27.08,32.16,22.62,64.91,0.03,6.92,5.56,24.56,0.37
2003,322,28.67,35.39,23.73,61.37,0.02,5.25,4.17,19.1,0.37
2003,323,27.58,31.56,24.99,70.04,0.14,3.71,3.0,35.27,0.36
2003,324,28.67,34.57,24.68,62.85,0.0,2.72,2.2,24.41,0.36
2003,325,29.53,36.01,25.02,54.85,0.03,4.99,3.95,15.01,0.36
2003,326,28.56,34.12,24.94,64.88,0.01,4.18,3.39,13.8,0.36
2003,327,27.83,32.59,24.18,66.72,0.03,3.69,3.03,25.88,0.36
2003,328,27.32,32.54,23.68,67.31,0.94,4.48,3.63,25.81,0.36
2003,329,27.18,32.12,23.61,67.61,0.49,5.72,4.64,30.59,0.36
2003,330,27.53,31.82,24.69,67.59,0.91,3.68,3.01,76.54,0.36
2003,331,28.19,32.53,24.67,66.51,0.49,4.17,3.37,21.45,0.36
2003,332,28.92,34.35,25.03,64.06,0.04,4.37,3.48,29.85,0.36
2003,333,29.37,34.98,26.2,59.45,0.28,4.12,3.32,76.73,0.36
2003,334,27.81,31.19,25.46,68.37,0.22,5.55,4.51,88.34,0.36
2003,335,26.99,30.33,24.26,70.19,3.55,6.98,5.6,87.26,0.36
2003,336,27.26,32.79,23.15,66.06,4.53,8.67,6.86,84.3,0.37
2003,337,27.86,32.57,24.11,69.21,4.4,4.8,3.83,73.83,0.38
2003,338,26.94,30.01,24.65,78.89,6.7,4.14,3.36,29.77,0.38
2003,339,27.47,31.04,23.95,72.59,3.87,5.42,4.39,17.56,0.39
2003,340,28.56,33.29,24.07,69.19,4.66,4.03,3.27,15.71,0.39
2003,341,29.27,34.51,25.75,67.05,1.11,3.81,3.04,13.08,0.39
2003,342,28.61,32.66,25.9,70.28,0.98,4.98,4.01,17.88,0.38
2003,343,29.07,33.49,25.94,66.43,1.16,3.25,2.66,11.26,0.38
2003,344,29.09,33.21,25.92,63.59,1.71,3.56,2.86,70.86,0.38
2003,345,29.2,34.06,25.31,62.45,0.08,4.47,3.63,9.08,0.38
2003,346,29.97,35.13,25.15,55.38,0.25,4.34,3.49,23.42,0.38
2003,347,31.06,36.22,26.26,54.21,1.61,4.02,3.24,19.11,0.38
2003,348,28.98,33.42,26.52,69.87,11.08,4.26,3.48,53.44,0.39
2003,349,27.32,30.26,24.68,72.45,28.49,4.66,3.75,99.27,0.42
2003,350,26.09,29.67,23.98,77.12,27.68,7.49,5.91,99.32,0.46
2003,351,26.91,30.45,23.87,76.14,13.63,8.15,6.35,90.57,0.51
2003,352,27.37,31.33,24.91,78.01,3.61,7.79,6.11,65.83,0.49
2003,353,26.61,28.85,24.81,80.98,4.92,9.05,7.06,72.12,0.49
2003,354,26.56,29.81,24.24,77.14,1.26,6.2,4.92,22.79,0.48
2003,355,27.18,31.96,23.5,70.44,0.0,3.61,2.91,10.58,0.47
2003,356,28.59,33.61,23.39,69.28,0.93,5.57,4.47,17.97,0.47
2003,357,28.69,33.07,24.9,71.85,1.03,5.29,4.27,27.2,0.46
2003,358,28.55,32.4,25.19,73.44,1.06,3.65,2.94,16.74,0.46
2003,359,28.64,32.56,25.18,71.99,0.67,3.52,2.85,20.12,0.45
2003,360,28.9,32.68,26.12,71.03,0.66,3.32,2.72,16.22,0.45
2003,361,28.37,32.13,25.18,70.55,0.97,4.23,3.42,39.68,0.44
2003,362,27.61,31.49,25.16,72.33,1.98,5.22,4.22,45.51,0.44
2003,363,27.42,31.59,24.38,71.44,3.19,6.74,5.4,38.83,0.44
2003,364,27.98,33.29,23.47,67.53,0.6,5.73,4.63,10.09,0.44
2003,365,28.27,32.83,24.2,68.2,1.88,4.56,3.67,18.71,0.44
2004,1,28.73,31.54,25.74,71.63,1.38,4.64,3.72,30.82,0.44
2004,2,28.88,33.31,24.96,71.61,1.6,4.0,3.23,46.44,0.43
2004,3,28.23,31.4,25.68,74.45,2.6,4.96,3.98,34.69,0.43
2004,4,26.78,30.77,23.3,68.26,0.42,6.54,5.25,22.54,0.43
2004,5,26.54,31.8,21.86,62.04,0.11,7.42,5.93,12.42,0.43
2004,6,28.64,34.5,22.74,62.99,3.79,4.6,3.65,28.18,0.43
2004,7,27.41,30.71,25.36,76.4,8.83,3.56,2.88,41.97,0.43
2004,8,29.28,34.83,25.68,69.42,3.94,2.77,2.15,70.77,0.44
2004,9,26.89,28.32,25.58,80.04,7.39,2.25,1.84,52.94,0.45
2004,10,27.54,31.25,24.89,75.73,10.23,3.68,2.95,17.86,0.46
2004,11,29.09,33.73,25.24,65.87,1.62,3.45,2.74,26.94,0.46
2004,12,29.87,34.64,24.78,63.56,1.78,3.95,3.11,16.25,0.46
2004,13,29.18,34.31,25.04,65.81,2.37,4.45,3.55,14.68,0.45
2004,14,29.73,34.51,25.4,63.93,0.6,3.97,3.15,16.38,0.45
2004,15,29.49,35.16,24.94,64.05,0.4,4.62,3.68,21.6,0.44
2004,16,29.6,33.57,26.48,67.02,1.61,3.39,2.73,49.68,0.44
2004,17,29.41,33.27,26.28,64.38,1.4,4.8,3.86,24.06,0.43
2004,18,29.87,34.68,25.47,66.29,2.83,6.06,4.84,17.69,0.43
2004,19,30.2,35.71,25.75,69.12,4.42,4.03,3.23,16.88,0.43
2004,20,29.44,34.55,26.12,72.23,6.33,4.27,3.44,30.12,0.44
2004,21,29.2,32.5,26.44,72.08,1.24,3.31,2.7,28.03,0.44
2004,22,31.2,36.9,27.05,61.96,0.05,3.95,3.12,61.88,0.43
2004,23,30.47,35.25,25.98,61.52,0.07,3.82,3.05,43.87,0.43
2004,24,31.19,36.88,27.31,62.03,0.24,4.39,3.46,29.5,0.42
2004,25,31.58,36.98,27.79,61.9,0.52,4.17,3.29,37.49,0.42
2004,26,29.8,34.94,27.25,68.25,0.83,4.29,3.43,39.6,0.42
2004,27,29.46,32.75,27.13,71.14,0.84,2.57,2.08,38.73,0.42
2004,28,30.26,35.02,26.99,66.17,0.68,3.0,2.45,59.3,0.42
2004,29,28.94,32.74,26.37,72.85,13.15,4.8,3.82,84.63,0.43
2004,30,28.34,31.7,25.53,77.52,7.38,5.63,4.48,75.4,0.44
2004,31,29.75,33.98,26.25,71.85,3.65,9.13,7.05,85.35,0.44
2004,32,28.95,31.72,26.34,76.05,11.86,7.81,6.04,94.71,0.45
2004,33,29.04,33.33,25.9,76.18,12.36,6.69,5.2,94.02,0.46
2004,34,27.49,32.27,24.1,79.06,9.78,11.65,8.94,92.9,0.48
2004,35,27.15,30.85,24.49,77.48,6.07,8.45,6.6,60.66,0.48
2004,36,26.54,29.72,24.11,73.47,2.88,7.28,5.7,36.1,0.47
2004,37,26.14,29.96,23.09,70.89,0.56,6.36,5.03,46.21,0.47
2004,38,25.65,30.24,21.66,66.71,0.06,5.72,4.54,22.72,0.46
2004,39,25.93,30.53,21.86,71.38,0.64,5.82,4.63,27.14,0.46
2004,40,26.34,31.65,21.94,67.24,0.08,6.59,5.23,19.2,0.45
2004,41,26.27,32.64,21.35,62.22,0.0,7.75,6.05,21.56,0.45
2004,42,26.08,32.27,20.41,65.71,0.02,5.41,4.26,15.43,0.44
2004,43,26.8,31.51,22.27,68.26,0.15,4.27,3.4,41.39,0.44
2004,44,27.47,31.97,24.18,70.32,0.77,3.11,2.53,55.43,0.43
2004,45,28.35,33.71,24.53,66.31,0.63,3.42,2.72,43.92,0.43
2004,46,28.9,34.59,24.77,67.77,0.13,4.1,3.23,43.52,0.43
2004,47,29.33,35.16,25.36,69.62,0.69,2.97,2.32,62.68,0.43
2004,48,30.18,34.76,26.66,64.59,0.53,3.35,2.63,60.8,0.42
2004,49,28.33,31.82,25.5,64.84,0.67,4.33,3.45,66.6,0.42
2004,50,28.4,31.8,25.76,67.07,1.15,3.31,2.62,45.0,0.42
2004,51,27.94,31.3,25.79,71.9,5.38,2.04,1.64,36.65,0.42
2004,52,26.53,30.45,23.91,77.12,6.99,3.08,2.43,94.57,0.43
2004,53,26.57,29.99,23.66,73.53,2.0,3.04,2.44,52.68,0.44
2004,54,26.76,29.12,24.48,75.19,7.3,2.66,2.11,42.79,0.45
2004,55,28.05,32.03,24.51,69.83,3.64,2.54,2.06,28.3,0.45
2004,56,29.16,34.14,24.72,68.29,1.22,4.15,3.33,17.6,0.45
2004,57,29.07,33.09,25.4,68.87,0.88,5.0,4.03,21.86,0.44
2004,58,28.46,33.1,24.63,72.87,0.84,3.94,3.18,18.19,0.44
2004,59,28.42,32.08,25.94,72.58,0.41,4.65,3.7,70.37,0.43
2004,60,27.57,29.85,26.06,78.43,3.01,2.77,2.23,92.84,0.43
2004,61,27.46,29.62,26.2,79.96,3.42,2.12,1.71,97.59,0.44
2004,62,28.39,32.35,25.49,76.19,3.84,3.59,2.88,55.16,0.44
2004,63,29.42,33.69,26.04,73.26,8.88,2.79,2.21,56.45,0.45
2004,64,30.42,35.73,25.23,64.41,0.3,3.03,2.4,18.11,0.45
2004,65,30.38,36.21,25.67,62.27,0.04,4.64,3.69,18.3,0.44
2004,66,30.36,35.78,25.6,60.5,0.0,4.88,3.83,29.5,0.43
2004,67,30.26,36.13,24.82,64.81,1.74,7.52,5.81,20.7,0.43
2004,68,30.16,35.67,26.9,68.54,6.7,9.87,7.54,82.97,0.43
2004,69,27.84,31.19,26.25,77.55,15.27,11.89,9.07,99.13,0.45
2004,70,26.82,29.04,25.59,82.78,50.05,13.45,10.22,96.33,0.5
2004,71,27.03,29.82,25.25,86.26,22.57,11.35,8.67,81.95,0.56
2004,72,27.15,30.54,25.32,83.12,2.9,9.6,7.38,82.0,0.56
2004,73,25.87,28.55,22.75,79.11,1.92,8.25,6.41,99.01,0.55
2004,74,24.55,28.85,21.3,72.39,0.17,7.1,5.6,42.11,0.53
2004,75,23.94,28.48,19.76,73.17,0.02,7.5,5.87,14.08,0.52
2004,76,25.78,31.16,20.72,72.99,0.17,3.84,3.01,33.25,0.52
2004,77,26.66,31.28,22.42,73.25,0.87,3.48,2.75,25.35,0.51
2004,78,27.69,32.32,23.67,70.02,0.06,2.49,1.95,17.17,0.5
2004,79,27.69,32.04,24.12,68.65,0.0,2.52,1.95,16.95,0.49
2004,80,27.62,33.11,22.91,64.17,0.0,3.58,2.81,32.87,0.49
2004,81,28.56,33.81,23.96,71.43,1.13,2.84,2.2,44.29,0.48
2004,82,28.17,32.07,25.48,73.37,0.11,3.22,2.53,36.58,0.48
2004,83,29.26,34.01,25.14,68.22,0.05,3.17,2.5,15.7,0.47
2004,84,28.45,33.81,23.59,68.78,0.02,2.82,2.26,13.31,0.47
2004,85,28.02,33.23,23.97,69.22,0.0,4.83,3.82,19.47,0.46
2004,86,27.79,32.38,24.9,72.67,0.0,3.05,2.45,63.1,0.46
2004,87,27.99,32.71,24.34,69.36,0.0,3.28,2.63,54.92,0.46
2004,88,28.79,34.03,23.44,67.71,0.22,3.22,2.57,14.51,0.45
2004,89,28.88,33.95,25.26,63.67,0.0,3.54,2.79,38.44,0.45
2004,90,29.31,33.45,25.9,66.68,0.25,3.34,2.62,69.55,0.45
2004,91,28.57,33.65,24.7,64.44,0.02,4.15,3.31,39.28,0.45
2004,92,28.97,34.34,24.92,64.41,0.01,3.79,3.02,21.96,0.44
2004,93,28.3,32.24,25.0,66.33,0.02,3.7,2.95,12.67,0.44
2004,94,28.16,33.18,24.58,70.54,0.09,3.36,2.7,20.12,0.44
2004,95,28.25,33.74,24.2,67.74,0.02,3.8,3.07,18.77,0.43
2004,96,28.38,34.03,23.91,64.82,0.03,3.85,3.08,19.5,0.43
2004,97,28.45,33.39,24.25,65.05,0.03,3.66,2.93,17.83,0.43
2004,98,28.24,32.6,24.52,60.93,0.0,3.17,2.54,38.24,0.43
2004,99,27.64,32.42,24.67,65.0,0.71,3.63,2.91,75.96,0.42
2004,100,27.58,31.99,24.56,68.0,3.52,2.76,2.18,88.24,0.43
2004,101,26.15,29.81,23.62,74.78,4.04,3.0,2.4,91.2,0.43
2004,102,25.65,28.93,23.26,78.02,2.12,3.54,2.86,53.58,0.43
2004,103,26.35,31.04,22.92,72.68,0.87,6.34,5.01,63.56,0.43
2004,104,26.41,30.89,23.05,72.03,0.83,6.69,5.28,41.75,0.43
2004,105,26.61,31.23,23.24,73.99,0.83,4.06,3.26,55.44,0.43
2004,106,27.54,31.44,24.82,73.07,1.23,3.25,2.57,65.79,0.43
2004,107,27.3,31.48,24.65,75.85,0.41,3.02,2.36,28.26,0.43
2004,108,28.48,33.8,24.77,67.85,0.08,2.5,1.97,33.42,0.43
2004,109,28.34,32.58,25.14,63.38,0.0,2.88,2.29,45.69,0.42
2004,110,28.21,33.6,24.24,58.25,0.0,3.15,2.49,49.33,0.42
2004,111,27.82,32.39,24.49,67.97,0.0,3.71,3.0,18.66,0.42
2004,112,27.91,33.15,23.18,63.8,0.0,3.72,2.95,21.5,0.42
2004,113,27.05,31.05,24.44,73.92,0.45,2.92,2.33,37.23,0.41
2004,114,26.64,31.35,22.59,67.77,0.13,7.2,5.67,30.8,0.41
2004,115,25.09,30.79,20.66,61.54,0.0,8.86,6.91,19.57,0.41
2004,116,24.71,30.6,19.85,61.37,0.0,7.09,5.59,22.87,0.41
2004,117,24.32,30.14,19.31,60.62,0.0,7.07,5.6,22.44,0.41
2004,118,23.59,29.22,19.22,70.57,1.19,8.03,6.33,54.51,0.41
2004,119,24.26,28.68,21.23,65.26,0.37,7.92,6.23,48.13,0.41
2004,120,24.25,29.78,19.69,62.48,0.0,7.16,5.65,19.14,0.41
2004,121,24.51,30.6,19.22,60.4,0.0,7.21,5.66,18.34,0.41
2004,122,25.35,31.44,19.69,61.38,0.0,6.76,5.23,16.3,0.4
2004,123,25.58,31.5,20.87,60.28,0.0,4.61,3.64,17.63,0.4
2004,124,25.59,31.35,20.98,61.34,0.0,4.12,3.26,24.82,0.4
2004,125,24.78,29.22,21.81,68.87,1.15,2.33,1.81,26.56,0.4
2004,126,24.35,28.48,21.01,73.05,1.68,2.46,1.93,25.55,0.4
2004,127,25.92,31.42,20.98,60.75,0.11,4.65,3.64,19.79,0.4
2004,128,25.89,31.59,20.49,64.5,0.76,6.03,4.66,12.8,0.4
2004,129,26.41,31.95,21.74,62.73,0.27,5.58,4.34,23.32,0.4
2004,130,26.61,31.76,21.7,64.06,0.49,4.59,3.62,42.44,0.4
2004,131,26.77,31.99,22.37,62.14,0.17,5.78,4.52,15.79,0.4
2004,132,27.07,32.34,21.94,59.61,0.03,4.57,3.57,13.07,0.4
2004,133,26.58,32.46,21.84,61.5,0.0,4.16,3.31,25.09,0.4
2004,134,26.48,31.29,23.1,64.95,0.04,3.19,2.53,48.37,0.4
2004,135,25.61,30.46,22.24,66.21,0.12,4.74,3.77,17.93,0.4
2004,136,23.78,28.12,21.11,71.66,0.01,4.51,3.65,23.95,0.4
2004,137,22.73,27.71,18.5,69.6,0.0,4.95,3.99,24.4,0.39
2004,138,22.14,26.67,18.11,68.5,0.13,5.87,4.68,32.41,0.39
2004,139,21.7,27.13,16.9,60.45,0.0,7.13,5.66,20.03,0.39
2004,140,22.13,28.45,16.48,57.9,0.0,6.58,5.21,21.13,0.39
2004,141,22.75,29.27,17.12,60.59,0.0,5.35,4.23,20.24,0.39
2004,142,22.8,29.23,17.5,60.41,0.0,3.92,3.09,63.74,0.39
2004,143,22.68,28.56,17.59,58.81,0.0,4.66,3.69,61.69,0.39
2004,144,23.97,29.54,19.03,64.7,0.14,5.26,4.11,22.83,0.39
2004,145,24.09,29.98,18.66,62.35,0.0,5.15,4.01,15.76,0.39
2004,146,24.1,30.52,18.39,58.71,0.0,4.62,3.63,14.52,0.39
2004,147,23.93,29.84,18.6,64.42,0.0,6.16,4.84,16.34,0.39
2004,148,22.94,28.15,19.14,66.52,0.01,8.6,6.73,16.3,0.39
2004,149,22.23,28.11,18.05,61.12,0.01,8.21,6.41,15.57,0.39
2004,150,21.85,28.61,16.32,59.91,0.0,4.78,3.77,21.29,0.39
2004,151,21.91,25.29,19.46,69.38,2.24,4.34,3.49,55.73,0.39
2004,152,20.26,23.74,17.35,66.8,0.58,5.45,4.36,48.12,0.39
2004,153,20.33,24.46,17.96,70.87,1.35,4.29,3.43,37.47,0.39
2004,154,20.22,24.36,16.76,64.13,0.43,7.31,5.78,40.74,0.39
2004,155,19.27,24.31,14.71,64.62,0.01,8.05,6.34,26.79,0.39
2004,156,21.03,27.49,15.73,64.36,0.01,7.67,6.01,19.86,0.39
2004,157,21.66,27.95,15.72,66.41,0.07,7.08,5.51,28.26,0.39
2004,158,22.55,28.55,17.22,62.05,0.0,4.17,3.31,31.1,0.39
2004,159,23.29,28.81,19.2,61.17,0.0,4.2,3.31,28.56,0.39
2004,160,22.69,28.28,18.61,69.23,0.0,4.82,3.8,47.18,0.39
2004,161,23.19,26.95,20.41,71.94,1.53,3.64,2.94,55.06,0.39
2004,162,23.01,28.36,18.99,67.29,1.6,5.37,4.24,28.37,0.39
2004,163,22.3,27.45,18.0,69.78,0.01,7.09,5.6,17.81,0.39
2004,164,23.04,28.2,18.82,68.03,0.03,6.48,5.07,15.05,0.39
2004,165,22.85,29.16,17.76,69.0,0.13,5.0,3.92,37.3,0.39
2004,166,23.06,27.99,19.33,71.4,0.37,3.92,3.1,73.96,0.39
2004,167,22.83,26.27,20.04,74.83,0.32,3.15,2.52,55.17,0.39
2004,168,22.62,26.88,19.43,70.81,0.17,3.5,2.79,42.41,0.39
2004,169,22.19,27.39,17.97,67.34,0.0,6.2,4.93,16.94,0.39
2004,170,21.85,27.6,17.35,65.92,0.0,7.31,5.76,21.9,0.39
2004,171,22.0,27.97,17.17,63.99,0.01,7.67,6.01,15.34,0.39
2004,172,22.67,28.48,17.66,61.08,0.03,6.17,4.81,13.84,0.39
2004,173,22.23,26.38,18.43,66.41,0.38,5.91,4.62,46.96,0.38
2004,174,22.85,27.65,19.09,68.19,0.69,4.4,3.42,47.93,0.39
2004,175,22.6,27.38,19.03,71.76,3.49,3.03,2.41,92.11,0.39
2004,176,22.55,26.68,19.65,68.8,1.46,3.5,2.74,36.91,0.39
2004,177,23.44,28.86,19.3,65.06,0.76,5.85,4.48,64.1,0.39
2004,178,23.29,28.95,19.32,63.17,0.14,4.97,3.86,23.91,0.39
2004,179,23.07,28.85,19.11,62.61,0.0,4.12,3.24,13.17,0.39
2004,180,22.61,27.7,18.74,68.99,0.0,4.16,3.3,13.37,0.39
2004,181,22.36,27.63,18.16,71.74,0.02,4.27,3.4,17.76,0.39
2004,182,22.2,27.53,18.14,69.05,0.01,4.56,3.64,37.14,0.39
2004,183,22.35,28.12,17.69,68.15,0.0,4.99,3.98,24.08,0.39
2004,184,22.49,28.52,17.68,63.89,0.0,3.88,3.09,15.16,0.39
2004,185,22.15,27.76,17.73,64.17,0.0,3.2,2.52,19.85,0.39
2004,186,22.53,28.68,17.72,59.63,0.0,3.87,2.98,20.2,0.38
2004,187,22.01,27.58,17.63,68.49,0.17,5.18,4.09,31.74,0.38
2004,188,20.05,21.61,17.42,74.01,5.26,7.1,5.64,52.43,0.39
2004,189,20.11,24.7,16.45,68.47,0.36,6.17,4.87,27.0,0.39
2004,190,20.16,24.76,16.66,70.94,0.31,6.83,5.43,26.73,0.39
2004,191,21.37,27.32,15.85,64.82,0.0,5.0,3.98,16.66,0.39
2004,192,21.93,26.54,18.22,69.6,0.0,4.86,3.88,19.7,0.39
2004,193,20.9,24.59,18.33,69.93,0.03,4.86,3.9,27.61,0.39
2004,194,21.0,26.88,16.04,67.54,0.0,4.56,3.67,61.27,0.39
2004,195,20.65,23.6,18.7,74.62,0.64,3.86,2.99,44.18,0.39
2004,196,20.43,24.58,16.91,69.49,0.09,5.31,4.26,49.74,0.39
2004,197,20.36,25.59,16.15,69.2,0.26,7.97,6.32,30.67,0.39
2004,198,22.27,27.6,17.95,66.97,1.07,3.94,3.11,19.26,0.39
2004,199,22.47,27.88,18.22,69.83,0.67,4.18,3.31,15.91,0.39
2004,200,22.74,28.28,17.82,68.41,0.08,4.21,3.3,13.66,0.39
2004,201,22.46,26.75,18.85,71.08,0.67,6.99,5.53,36.37,0.39
2004,202,23.04,28.05,19.75,67.39,1.37,3.71,2.95,62.35,0.39
2004,203,22.01,26.39,19.0,74.82,0.02,3.76,3.01,16.54,0.39
2004,204,21.8,26.94,17.66,74.28,0.0,2.85,2.28,16.17,0.39
2004,205,22.6,28.07,19.19,72.96,0.0,2.54,2.03,23.1,0.39
2004,206,22.4,27.65,19.61,69.21,0.0,2.5,2.0,21.15,0.39
2004,207,22.1,27.96,17.29,62.76,0.0,3.23,2.49,22.54,0.38
2004,208,22.6,28.87,17.64,58.26,0.0,3.28,2.55,20.57,0.38
2004,209,23.1,29.0,18.41,64.24,0.0,2.93,2.29,16.42,0.38
2004,210,23.12,28.84,18.74,60.52,0.0,3.46,2.74,14.45,0.38
2004,211,22.2,27.74,18.04,65.19,0.0,3.19,2.55,19.77,0.38
2004,212,22.1,28.1,17.5,62.59,0.0,2.75,2.15,20.15,0.38
2004,213,22.34,28.37,17.51,64.88,0.0,3.51,2.77,19.28,0.38
2004,214,23.02,29.51,17.45,59.69,0.0,5.49,4.32,16.05,0.38
2004,215,24.06,29.65,18.96,62.21,0.01,5.66,4.48,14.33,0.38
2004,216,23.78,29.94,18.31,55.44,0.0,4.3,3.37,14.48,0.38
2004,217,23.39,29.05,19.26,64.39,0.0,4.21,3.36,18.85,0.38
2004,218,23.34,29.1,18.94,64.78,0.0,3.69,2.9,21.29,0.38
2004,219,23.26,29.71,18.43,58.38,0.0,3.67,2.9,19.37,0.38
2004,220,22.61,28.7,18.16,62.63,0.0,3.14,2.49,22.4,0.38
2004,221,22.67,29.16,17.95,62.54,0.0,2.8,2.25,19.01,0.38
2004,222,22.19,28.42,16.81,60.38,0.0,4.05,3.24,18.34,0.38
2004,223,21.97,28.71,17.45,60.5,0.0,3.45,2.73,20.27,0.38
2004,224,21.09,25.47,17.83,70.02,0.0,5.89,4.7,44.69,0.38
2004,225,21.16,26.11,17.6,56.53,0.01,6.49,5.19,35.56,0.38
2004,226,21.75,28.6,15.86,61.37,0.0,6.03,4.85,42.03,0.38
2004,227,23.07,30.39,17.16,63.17,0.0,3.36,2.67,21.51,0.37
2004,228,23.24,29.23,18.58,62.96,0.0,3.73,2.97,43.55,0.37
2004,229,23.66,30.02,19.17,68.49,0.0,3.1,2.46,16.78,0.37
2004,230,24.44,30.48,18.98,59.73,0.0,5.3,4.21,20.32,0.37
2004,231,24.21,30.32,18.67,55.75,0.0,6.05,4.72,36.34,0.37
2004,232,24.1,30.24,18.56,57.21,0.0,4.89,3.89,13.0,0.37
2004,233,23.82,29.74,18.77,56.01,0.0,5.72,4.58,19.63,0.37
2004,234,24.37,30.43,18.84,56.09,0.0,3.56,2.83,17.22,0.37
2004,235,23.38,28.55,19.5,65.38,0.0,4.58,3.7,20.13,0.37
2004,236,23.16,27.93,20.11,74.14,0.22,3.22,2.61,13.18,0.37
2004,237,24.5,29.6,20.28,65.22,0.0,3.52,2.86,22.03,0.37
2004,238,25.17,30.91,20.46,58.73,0.01,3.77,3.02,41.35,0.37
2004,239,25.84,30.86,21.37,55.81,0.01,3.06,2.44,60.67,0.37
2004,240,25.47,30.09,22.0,57.61,2.17,6.41,5.1,54.36,0.37
2004,241,25.2,29.99,20.82,58.33,0.03,5.41,4.34,41.27,0.37
2004,242,25.33,30.66,20.27,55.63,0.29,4.21,3.4,14.83,0.37
2004,243,24.91,30.19,20.38,59.74,0.02,4.84,3.92,17.67,0.37
2004,244,24.96,30.1,20.94,60.3,0.03,3.85,3.11,28.47,0.37
2004,245,24.44,29.58,21.1,60.69,0.03,4.52,3.69,15.12,0.37
2004,246,24.21,29.66,20.3,58.37,0.0,3.5,2.78,23.13,0.37
2004,247,25.09,30.81,20.15,59.38,0.39,3.33,2.6,36.25,0.37
2004,248,25.47,30.96,21.79,66.63,5.69,3.54,2.8,74.06,0.37
2004,249,23.37,27.06,21.49,76.06,5.15,4.12,3.33,89.89,0.38
2004,250,23.06,27.6,20.8,77.03,3.27,5.15,4.13,56.33,0.39
2004,251,22.93,27.06,19.46,74.78,0.2,5.28,4.23,79.59,0.39
2004,252,22.3,25.46,18.67,69.6,0.03,4.95,4.0,39.28,0.39
2004,253,22.2,28.03,17.2,64.43,0.01,6.58,5.27,31.89,0.39
2004,254,23.42,28.86,19.36,66.66,1.42,8.32,6.63,25.79,0.39
2004,255,22.79,27.86,19.11,68.37,0.14,7.54,6.06,18.14,0.39
2004,256,22.31,28.47,17.33,65.76,0.0,7.51,6.05,16.68,0.38
2004,257,23.0,29.26,18.28,60.06,0.0,8.66,6.91,12.56,0.38
2004,258,24.03,30.95,17.63,55.49,0.0,6.48,5.09,16.27,0.38
2004,259,24.57,31.32,18.55,55.43,0.0,4.08,3.27,11.59,0.38
2004,260,25.2,31.79,20.06,58.14,0.0,3.83,3.05,23.1,0.38
2004,261,25.33,31.64,20.01,54.6,0.0,4.03,3.22,51.31,0.38
2004,262,25.89,32.22,20.78,55.23,0.0,3.59,2.87,27.43,0.38
2004,263,25.5,31.68,21.13,66.23,0.03,3.65,2.94,41.43,0.38
2004,264,25.2,30.42,21.89,71.36,0.23,6.41,5.1,52.36,0.38
2004,265,24.06,29.19,20.39,62.16,0.07,8.82,7.04,45.05,0.38
2004,266,24.67,30.79,18.4,55.74,0.03,7.35,5.85,11.68,0.37
2004,267,25.8,31.84,20.58,55.83,0.0,5.0,3.99,13.72,0.37
2004,268,26.38,32.39,21.12,53.7,0.0,4.51,3.58,11.86,0.37
2004,269,25.92,32.29,21.0,55.83,0.0,3.84,3.08,13.16,0.37
2004,270,25.75,32.39,21.54,61.72,0.0,3.98,3.19,13.85,0.37
2004,271,24.5,29.74,20.98,72.21,0.02,4.52,3.66,28.23,0.37
2004,272,23.34,27.49,20.0,63.52,0.75,8.03,6.47,49.22,0.37
2004,273,22.35,28.74,17.48,54.79,0.01,9.07,7.26,19.84,0.37
2004,274,22.26,28.66,16.92,53.37,0.0,9.39,7.51,15.68,0.37
2004,275,23.84,30.76,17.95,53.12,0.13,8.04,6.44,15.78,0.37
2004,276,24.12,30.04,18.72,58.16,3.09,9.18,7.3,29.65,0.37
2004,277,24.02,28.44,20.12,66.28,14.62,5.23,4.08,59.6,0.39
2004,278,23.88,28.48,20.43,71.67,0.06,4.16,3.33,14.04,0.4
2004,279,24.58,31.36,19.38,68.92,0.0,3.34,2.66,11.19,0.4
2004,280,25.0,32.14,19.66,59.38,0.0,3.46,2.7,21.93,0.39
2004,281,26.28,34.45,19.91,55.13,0.0,2.93,2.22,16.02,0.39
2004,282,26.22,33.26,20.72,64.99,0.0,3.81,2.98,17.97,0.38
2004,283,26.28,31.89,22.76,74.54,0.03,3.88,3.13,23.78,0.38
2004,284,26.12,29.68,23.83,72.24,0.13,4.58,3.73,66.62,0.38
2004,285,25.65,30.65,21.71,62.34,0.09,8.86,7.09,83.28,0.38
2004,286,24.0,29.02,19.84,56.12,0.0,9.08,7.27,80.37,0.38
2004,287,25.65,31.63,19.85,57.86,0.01,7.76,6.22,73.11,0.38
2004,288,27.03,32.38,22.54,60.45,0.35,4.57,3.67,43.84,0.38
2004,289,26.27,31.09,23.64,70.67,0.06,4.25,3.47,77.22,0.38
2004,290,26.07,29.08,24.03,68.46,1.65,5.2,4.12,98.06,0.38
2004,291,27.49,33.16,23.62,59.81,0.51,5.02,4.01,36.94,0.38
2004,292,27.6,32.96,23.63,59.48,1.97,4.48,3.57,19.83,0.38
2004,293,26.86,32.22,22.12,60.08,0.0,7.26,5.81,12.31,0.38
2004,294,26.89,32.82,21.41,63.05,0.01,7.52,6.02,21.06,0.38
2004,295,27.98,34.34,22.87,57.67,0.0,6.43,5.08,18.98,0.38
2004,296,27.51,33.03,23.04,56.48,0.0,6.06,4.82,33.22,0.38
2004,297,27.1,33.39,21.24,56.8,0.02,6.82,5.43,19.45,0.38
2004,298,27.53,33.61,22.26,58.38,0.35,5.75,4.62,21.05,0.38
2004,299,27.12,33.16,23.91,65.76,0.36,5.05,4.07,20.06,0.38
2004,300,26.2,30.74,23.42,72.13,0.89,5.27,4.3,30.74,0.38
2004,301,26.6,31.03,23.06,64.73,0.26,5.16,4.21,18.95,0.38
2004,302,26.95,31.95,22.86,65.52,0.22,4.16,3.38,19.58,0.38
2004,303,26.99,32.67,22.97,69.19,0.24,3.65,2.98,17.38,0.38
2004,304,26.94,32.72,22.75,59.03,0.0,6.45,5.19,30.82,0.38
2004,305,26.52,32.04,22.88,62.33,0.52,10.01,7.94,46.9,0.37
2004,306,27.57,33.86,21.86,59.4,2.04,7.59,6.01,31.8,0.38
2004,307,28.5,33.76,23.64,57.77,0.19,4.48,3.54,13.53,0.38
2004,308,28.37,33.83,23.42,54.89,0.05,5.15,4.15,18.1,0.38
2004,309,29.13,34.85,24.96,58.53,0.35,3.65,2.94,20.91,0.37
2004,310,28.66,34.11,24.25,53.45,0.0,5.17,4.15,14.99,0.37
2004,311,29.71,35.08,25.31,51.58,0.02,4.26,3.42,30.6,0.37
2004,312,28.53,34.66,23.62,54.4,0.07,5.3,4.24,38.57,0.37
2004,313,28.26,33.9,24.29,55.5,0.19,4.92,3.95,53.03,0.37
2004,314,28.62,33.88,24.94,53.11,0.01,3.99,3.21,37.58,0.37
2004,315,28.71,34.21,24.27,53.87,0.0,4.09,3.29,19.55,0.37
2004,316,28.58,33.56,23.72,53.03,0.0,6.82,5.47,14.7,0.37
2004,317,28.07,33.96,22.67,55.73,0.01,7.96,6.38,15.92,0.37
2004,318,28.68,34.07,24.01,54.53,0.04,5.29,4.24,18.77,0.37
2004,319,27.56,32.94,23.53,63.24,0.0,5.03,4.06,26.17,0.37
2004,320,26.5,31.96,22.07,66.42,0.43,3.52,2.85,15.88,0.37
2004,321,27.31,32.88,23.04,66.94,0.46,3.44,2.81,32.12,0.37
2004,322,28.66,34.03,24.01,62.3,0.0,3.14,2.58,39.78,0.37
2004,323,29.59,36.31,25.64,58.2,0.0,4.34,3.45,10.57,0.37
2004,324,28.83,34.87,24.74,63.11,0.0,3.61,2.91,12.18,0.37
2004,325,28.39,34.52,23.01,55.06,0.0,4.33,3.52,13.94,0.37
2004,326,29.03,35.06,24.47,50.09,0.0,2.83,2.32,19.24,0.37
2004,327,29.42,35.81,24.29,58.96,1.08,4.63,3.66,25.68,0.37
2004,328,27.25,29.68,24.89,74.71,7.13,3.42,2.77,88.48,0.38
2004,329,25.52,27.69,24.15,76.73,4.24,2.44,2.01,93.22,0.39
2004,330,27.23,31.15,23.63,69.66,1.65,4.73,3.86,25.96,0.39
2004,331,28.55,33.88,23.6,63.39,0.69,6.67,5.34,16.71,0.38
2004,332,28.62,31.86,25.53,66.64,4.3,3.77,2.98,16.2,0.39
2004,333,28.85,33.92,25.47,66.77,3.49,4.02,3.21,46.23,0.39
2004,334,27.74,31.57,24.49,67.63,3.03,4.21,3.41,31.99,0.39
2004,335,28.08,32.2,24.67,63.78,0.4,4.46,3.57,47.97,0.39
2004,336,28.83,34.04,25.17,64.38,4.56,3.83,3.09,36.14,0.39
2004,337,29.05,33.58,24.84,56.65,0.14,5.1,4.08,19.98,0.39
2004,338,30.05,35.78,25.08,51.78,0.01,4.69,3.73,15.63,0.39
2004,339,29.87,34.84,25.94,59.41,0.52,4.33,3.49,33.69,0.38
2004,340,28.49,31.4,26.37,69.74,1.11,3.62,2.96,60.95,0.38
2004,341,28.61,33.81,25.54,65.24,1.62,3.12,2.52,79.14,0.39
2004,342,28.77,33.2,25.94,65.96,3.94,3.78,3.04,82.45,0.39
2004,343,27.74,30.87,25.74,72.65,5.16,2.72,2.23,33.94,0.4
2004,344,27.18,29.48,25.54,76.43,5.46,2.75,2.26,24.14,0.4
2004,345,28.76,33.18,25.27,67.01,0.98,4.21,3.42,56.13,0.4
2004,346,27.29,29.71,25.93,80.24,12.23,5.94,4.68,93.17,0.41
2004,347,27.68,30.06,25.56,74.52,4.37,5.48,4.4,78.57,0.42
2004,348,28.05,33.71,23.76,67.84,0.28,4.65,3.73,53.99,0.42
2004,349,27.89,32.16,24.67,68.93,1.57,3.92,3.19,30.81,0.41
2004,350,27.21,29.52,25.17,73.68,3.61,3.67,2.99,59.66,0.41
2004,351,27.19,31.08,24.23,72.92,1.99,5.61,4.51,64.2,0.41
2004,352,28.38,33.84,23.45,64.51,0.27,7.16,5.66,19.35,0.41
2004,353,28.94,34.27,24.34,62.19,1.42,5.89,4.66,20.56,0.41
2004,354,28.98,34.46,24.37,64.9,1.48,6.72,5.37,21.53,0.4
2004,355,28.54,33.39,24.79,66.66,0.92,7.13,5.72,20.46,0.4
2004,356,29.91,34.94,25.34,63.11,1.75,4.94,3.98,16.49,0.4
2004,357,29.5,33.73,26.5,68.82,4.12,4.03,3.27,20.04,0.4
2004,358,28.55,32.09,25.79,72.35,2.81,3.77,3.07,20.13,0.4
2004,359,28.38,32.1,25.7,69.72,0.8,3.56,2.92,23.54,0.4
2004,360,30.14,34.71,25.66,63.51,2.48,4.82,3.89,13.11,0.4
2004,361,31.01,35.64,27.07,62.51,3.45,3.98,3.25,17.05,0.4
2004,362,29.45,33.54,27.04,70.97,16.97,4.02,3.25,67.87,0.41
2004,363,29.93,34.81,25.77,64.95,11.6,3.33,2.67,30.44,0.43
2004,364,30.01,35.25,25.3,63.18,2.13,4.2,3.38,16.43,0.44
2004,365,28.72,32.37,26.06,74.69,36.26,4.42,3.53,57.74,0.46
2004,366,27.35,30.47,25.05,77.74,25.96,4.16,3.33,98.56,0.52
2005,1,27.48,30.72,25.29,77.62,11.2,3.76,3.0,88.94,0.53
2005,2,26.84,28.75,25.41,83.03,14.29,4.45,3.57,99.11,0.54
2005,3,27.26,30.37,25.21,81.98,19.12,3.36,2.69,90.0,0.56
2005,4,26.94,29.37,24.62,80.64,10.01,2.69,2.15,88.2,0.57
2005,5,26.32,29.13,24.02,81.46,16.97,4.36,3.49,91.73,0.58
2005,6,26.63,30.83,23.33,77.65,0.43,5.16,4.12,24.0,0.58
2005,7,26.83,31.5,22.67,74.21,0.49,6.19,4.92,10.56,0.56
2005,8,27.39,31.88,22.88,71.33,1.05,5.01,3.97,18.71,0.55
2005,9,27.33,31.53,23.84,72.94,1.5,4.04,3.23,21.1,0.54
2005,10,28.19,32.39,24.25,67.17,0.1,3.77,2.99,16.77,0.53
2005,11,28.61,33.65,24.39,70.95,0.87,3.76,2.98,23.48,0.52
2005,12,28.64,32.36,25.71,73.83,1.72,4.41,3.47,50.77,0.51
2005,13,28.25,30.93,26.02,77.68,1.45,3.28,2.64,55.32,0.51
2005,14,28.32,31.27,25.21,78.11,2.15,3.21,2.59,76.15,0.51
2005,15,28.15,30.63,26.26,79.21,1.47,3.77,3.0,37.08,0.51
2005,16,27.73,30.79,25.41,75.83,4.0,4.23,3.4,58.61,0.51
2005,17,28.86,33.2,24.79,74.52,1.59,5.9,4.7,19.73,0.51
2005,18,28.42,31.22,26.02,78.93,4.82,2.98,2.37,31.46,0.5
2005,19,27.95,30.84,24.99,77.91,3.38,2.28,1.87,34.96,0.51
2005,20,28.36,30.95,26.01,74.41,3.75,3.44,2.67,53.76,0.51
2005,21,27.11,29.34,25.28,78.69,27.59,5.29,4.13,94.87,0.54
2005,22,27.34,30.88,24.73,80.64,33.57,4.98,3.94,97.87,0.56
2005,23,27.38,28.45,26.49,85.78,44.13,8.05,6.21,99.23,0.64
2005,24,26.57,28.03,25.38,87.73,54.68,6.18,4.83,96.13,0.7
2005,25,26.25,27.74,25.28,89.13,20.88,3.97,3.13,99.31,0.73
2005,26,26.48,28.62,24.88,85.96,22.1,4.08,3.23,98.66,0.75
2005,27,25.74,27.77,24.08,87.37,36.28,4.35,3.42,99.05,0.77
2005,28,26.36,27.88,24.68,87.02,11.35,3.92,3.09,98.39,0.79
2005,29,26.91,29.68,24.97,85.77,11.01,4.38,3.45,44.11,0.79
2005,30,26.16,29.33,23.48,82.84,1.62,5.88,4.65,27.14,0.78
2005,31,24.75,28.26,21.95,79.86,0.24,7.23,5.71,37.33,0.77
2005,32,25.31,29.11,21.67,83.68,1.07,5.2,4.16,17.71,0.75
2005,33,25.66,29.23,22.96,81.17,0.51,6.0,4.77,17.62,0.74
2005,34,25.5,29.65,21.8,79.99,0.11,6.27,4.96,20.34,0.73
2005,35,25.76,30.35,22.3,80.19,0.21,6.8,5.37,23.32,0.72
2005,36,24.24,28.48,20.93,78.82,0.05,7.47,5.91,17.97,0.71
2005,37,24.02,28.82,19.93,75.97,0.0,7.86,6.16,16.55,0.7
2005,38,24.77,29.83,19.87,76.89,0.0,7.02,5.48,18.35,0.68
2005,39,25.54,30.22,20.64,74.91,0.0,4.65,3.64,16.25,0.67
2005,40,25.63,29.55,22.38,76.56,0.02,3.4,2.67,14.0,0.66
2005,41,25.76,29.88,21.82,71.15,0.0,2.6,2.02,14.37,0.65
2005,42,26.38,30.7,22.77,76.77,0.54,3.08,2.43,28.38,0.64
2005,43,26.33,29.92,23.31,80.91,1.94,5.19,4.11,44.17,0.64
2005,44,27.12,31.11,23.58,81.21,2.18,4.81,3.74,32.81,0.63
2005,45,27.56,31.5,24.2,78.47,1.32,4.45,3.49,24.41,0.62
2005,46,27.48,31.37,23.72,77.29,0.15,3.61,2.85,27.6,0.61
2005,47,27.33,31.31,24.13,81.47,0.8,4.94,3.93,30.62,0.61
2005,48,26.87,30.73,23.75,81.91,1.02,6.8,5.38,25.12,0.6
2005,49,27.56,31.16,24.08,80.13,0.82,4.73,3.72,17.99,0.59
2005,50,28.17,31.73,24.84,78.36,1.87,2.95,2.33,30.87,0.58
2005,51,27.97,31.14,25.46,79.71,4.3,3.7,2.95,28.22,0.58
2005,52,28.0,31.53,25.86,82.35,6.71,3.89,3.11,26.01,0.58
2005,53,27.41,30.84,24.53,78.33,4.45,3.69,2.93,30.36,0.58
2005,54,27.25,30.07,25.2,79.32,0.37,3.79,2.99,25.23,0.58
2005,55,27.14,29.94,25.2,76.51,0.27,2.39,1.93,20.89,0.57
2005,56,27.42,30.9,24.27,77.68,3.72,3.11,2.47,20.89,0.56
2005,57,28.03,32.02,24.48,79.93,18.15,4.96,3.95,22.39,0.57
2005,58,27.74,31.15,24.92,79.98,16.68,5.7,4.52,24.63,0.59
2005,59,26.74,30.54,23.76,81.32,21.73,7.01,5.51,25.58,0.61
2005,60,26.72,30.91,23.57,78.08,12.05,6.26,4.92,19.91,0.62
2005,61,26.02,30.13,22.64,78.77,2.36,6.36,5.02,33.65,0.61
2005,62,26.17,30.33,22.83,78.52,3.59,6.5,5.14,18.93,0.6
2005,63,26.46,30.83,23.4,79.05,4.93,7.88,6.14,22.67,0.6
2005,64,27.46,31.44,24.07,78.72,3.9,4.6,3.58,35.53,0.59
2005,65,26.2,28.34,24.33,84.61,22.35,4.34,3.44,57.67,0.61
2005,66,26.32,29.08,24.0,80.84,0.94,5.14,4.04,26.5,0.62
2005,67,26.89,29.98,24.26,79.09,0.34,5.21,4.05,21.83,0.6
2005,68,27.48,30.79,24.46,79.71,0.42,4.05,3.2,28.4,0.6
2005,69,27.44,29.73,25.2,80.62,0.71,1.75,1.32,27.86,0.59
2005,70,27.58,31.25,24.68,76.04,0.2,4.06,3.22,39.61,0.58
2005,71,26.2,29.73,23.76,79.57,3.39,4.34,3.51,61.7,0.58
2005,72,26.0,29.65,23.22,78.43,0.91,4.57,3.69,36.03,0.57
2005,73,25.39,28.69,22.77,79.05,0.45,4.91,3.92,27.33,0.57
2005,74,25.95,29.73,23.01,78.4,1.19,5.27,4.21,32.76,0.56
2005,75,25.4,29.54,22.82,79.59,1.44,7.82,6.1,62.89,0.55
2005,76,25.65,30.47,21.63,76.14,1.52,6.44,5.03,35.15,0.55
2005,77,25.42,30.67,20.94,72.92,0.74,7.32,5.69,31.29,0.54
2005,78,25.24,30.09,20.88,72.61,0.86,7.43,5.78,27.06,0.54
2005,79,25.3,29.79,22.2,73.45,1.93,6.11,4.73,16.31,0.53
2005,80,25.96,30.97,21.2,74.36,1.45,4.31,3.36,14.11,0.53
2005,81,26.57,31.79,21.92,75.0,1.96,6.44,5.0,13.73,0.52
2005,82,26.47,30.97,23.1,78.71,4.52,7.32,5.71,34.52,0.52
2005,83,25.78,28.63,23.58,84.01,8.82,5.83,4.56,53.62,0.53
2005,84,26.58,30.54,23.58,80.57,0.77,4.45,3.51,29.67,0.53
2005,85,26.01,29.63,23.29,80.38,1.06,4.54,3.56,21.36,0.53
2005,86,25.93,29.08,23.86,73.27,0.12,2.72,2.18,18.28,0.52
2005,87,25.39,28.59,23.02,73.66,0.01,2.69,2.19,16.37,0.51
2005,88,25.43,29.76,21.76,77.53,0.02,5.12,4.04,24.27,0.51
2005,89,26.09,30.84,22.18,76.04,0.03,5.74,4.53,11.72,0.5
2005,90,26.83,31.76,22.43,75.02,0.4,4.78,3.74,14.37,0.5
2005,91,27.86,33.57,22.65,71.26,0.82,3.37,2.6,18.75,0.49
2005,92,27.33,32.31,24.13,77.62,0.02,4.46,3.48,17.07,0.49
2005,93,26.6,31.26,22.76,75.51,0.02,5.23,4.12,20.89,0.48
2005,94,26.35,30.9,22.83,75.52,0.01,5.88,4.67,23.88,0.48
2005,95,25.78,30.53,22.83,76.57,0.57,8.13,6.33,32.97,0.48
2005,96,24.76,29.57,21.88,75.72,1.22,9.47,7.3,24.2,0.47
2005,97,23.46,28.07,20.4,73.18,4.61,9.21,7.11,16.65,0.47
2005,98,23.74,29.56,18.95,71.89,0.68,7.26,5.61,15.88,0.48
2005,99,24.22,29.67,19.45,72.83,0.04,6.52,5.05,14.11,0.47
2005,100,25.16,30.79,20.41,72.08,0.03,5.13,3.92,13.91,0.47
2005,101,25.13,30.61,20.43,72.55,0.0,3.29,2.58,14.51,0.46
2005,102,25.4,30.57,21.72,76.47,0.0,3.18,2.46,15.68,0.46
2005,103,25.47,30.89,21.63,74.01,0.0,2.92,2.31,14.92,0.46
2005,104,24.7,28.92,21.91,76.37,0.09,4.05,3.24,32.18,0.45
2005,105,24.6,29.67,21.1,74.75,0.6,6.23,4.93,24.26,0.45
2005,106,24.47,29.53,20.99,73.68,1.39,6.45,5.11,19.03,0.45
2005,107,22.97,26.76,19.91,71.9,0.43,5.82,4.67,30.1,0.45
2005,108,23.35,28.22,19.39,70.23,0.04,5.75,4.59,14.0,0.45
2005,109,24.84,30.58,19.78,71.44,0.83,3.76,2.95,26.32,0.44
2005,110,25.33,30.8,20.99,72.78,0.74,4.04,3.17,17.08,0.44
2005,111,25.38,29.98,22.49,71.85,0.43,2.85,2.26,22.75,0.44
2005,112,24.53,29.4,21.01,72.69,0.02,2.7,2.14,17.14,0.44
2005,113,25.23,30.94,21.22,73.86,0.0,2.56,2.02,17.57,0.44
2005,114,24.76,29.73,21.28,73.72,0.0,2.59,2.05,20.22,0.43
2005,115,24.59,30.16,20.91,74.53,0.0,2.94,2.31,16.04,0.43
2005,116,24.9,29.61,21.05,73.27,0.4,4.68,3.74,42.82,0.43
2005,117,23.88,28.19,21.31,80.18,5.14,6.66,5.25,57.14,0.43
2005,118,23.17,27.98,20.31,75.39,2.96,7.26,5.73,50.07,0.44
2005,119,21.94,26.1,19.2,74.5,0.36,6.02,4.76,41.5,0.44
2005,120,21.31,25.3,18.06,72.47,0.97,3.7,2.95,40.33,0.44
2005,121,21.14,26.04,16.9,70.82,0.21,4.67,3.73,35.7,0.44
2005,122,21.4,26.74,16.83,68.05,0.0,6.15,4.9,21.43,0.43
2005,123,22.25,27.86,18.01,70.35,0.05,7.29,5.75,19.73,0.43
2005,124,23.86,30.18,18.55,68.7,0.23,5.85,4.55,15.81,0.43
2005,125,25.19,31.22,20.25,67.68,0.07,3.68,2.85,17.16,0.42
2005,126,25.09,29.71,21.44,72.38,0.0,3.12,2.41,13.43,0.42
2005,127,24.54,29.92,20.63,73.36,0.0,4.13,3.23,17.64,0.42
2005,128,23.94,29.22,20.04,73.99,0.1,5.15,4.04,30.74,0.42
2005,129,24.61,30.23,19.81,70.83,0.01,4.78,3.73,17.25,0.42
2005,130,25.36,31.06,20.02,65.67,0.0,5.38,4.1,14.37,0.41
2005,131,24.99,31.06,20.51,60.94,0.02,6.25,4.78,10.08,0.41
2005,132,23.47,30.27,17.6,65.14,0.04,6.24,4.79,11.62,0.41
2005,133,24.0,30.47,18.66,65.46,0.04,4.44,3.48,15.01,0.41
2005,134,24.83,30.42,20.13,61.08,0.01,4.23,3.34,16.99,0.41
2005,135,25.31,31.22,20.21,65.55,0.05,4.64,3.64,14.39,0.41
2005,136,25.6,31.27,21.0,61.75,0.0,4.3,3.39,10.6,0.41
2005,137,26.19,31.88,21.91,64.29,0.0,4.23,3.33,32.99,0.4
2005,138,26.33,32.29,21.69,60.5,0.0,3.97,3.08,24.7,0.4
2005,139,25.6,31.43,21.15,68.33,0.0,4.24,3.37,45.34,0.4
2005,140,24.72,29.28,21.53,71.29,0.08,6.8,5.38,57.41,0.4
2005,141,23.13,27.48,20.77,72.04,0.04,9.43,7.35,65.15,0.4
2005,142,22.92,26.58,20.5,68.08,0.06,6.47,5.09,74.06,0.4
2005,143,24.53,29.39,20.44,62.47,0.61,3.71,2.93,29.32,0.4
2005,144,24.19,28.62,21.74,71.63,2.85,3.56,2.8,31.65,0.4
2005,145,23.25,25.85,21.5,78.44,3.03,2.68,2.17,59.07,0.41
2005,146,23.18,26.58,20.14,74.35,0.95,4.15,3.26,52.53,0.41
2005,147,23.52,27.11,20.85,70.01,0.55,2.7,2.14,28.61,0.41
2005,148,23.3,27.86,20.29,69.93,0.0,2.61,2.09,21.25,0.41
2005,149,23.14,28.59,18.88,73.01,0.0,4.78,3.77,12.48,0.41
2005,150,24.1,30.54,18.76,68.02,0.0,4.01,3.14,15.32,0.4
2005,151,24.54,30.01,20.28,68.99,0.0,2.78,2.15,14.5,0.4
2005,152,24.48,29.95,20.34,68.96,0.08,2.86,2.26,20.6,0.4
2005,153,24.27,30.16,19.54,63.33,0.0,3.51,2.72,21.85,0.4
2005,154,23.66,29.78,18.54,59.07,0.0,4.55,3.59,19.5,0.4
2005,155,23.46,28.95,19.08,65.09,0.0,4.32,3.42,21.83,0.4
2005,156,22.89,28.24,19.23,72.8,0.0,3.18,2.5,21.37,0.4
2005,157,22.44,26.75,20.22,73.15,0.01,2.86,2.29,24.54,0.4
2005,158,22.14,26.54,19.12,68.08,0.0,4.03,3.21,27.49,0.4
2005,159,22.05,28.65,16.79,66.52,0.0,3.59,2.82,26.32,0.4
2005,160,22.48,28.38,17.84,71.29,0.0,2.67,2.08,26.62,0.4
2005,161,21.84,27.05,17.87,76.13,0.0,4.28,3.4,34.5,0.4
2005,162,21.83,26.87,18.41,71.46,0.1,7.43,5.86,27.93,0.39
2005,163,22.01,27.99,16.89,64.41,0.03,6.61,5.19,19.93,0.39
2005,164,23.18,29.62,18.64,61.94,0.0,4.11,3.21,23.04,0.39
2005,165,23.42,29.86,18.19,62.31,0.0,2.98,2.26,28.91,0.39
2005,166,24.28,30.12,19.75,63.9,0.0,3.34,2.58,26.27,0.39
2005,167,23.4,28.56,19.45,71.92,0.0,5.02,3.99,25.51,0.39
2005,168,23.04,28.63,18.89,72.6,0.2,7.24,5.72,26.43,0.39
2005,169,23.72,29.24,18.49,64.84,0.03,4.6,3.62,21.78,0.39
2005,170,24.21,29.46,18.83,58.33,0.08,4.47,3.47,48.42,0.39
2005,171,23.49,27.76,20.36,64.84,1.0,3.59,2.86,45.19,0.39
2005,172,23.32,27.12,20.44,62.49,0.23,1.58,1.23,36.3,0.39
2005,173,23.15,28.64,18.59,64.23,0.0,6.79,5.35,16.01,0.39
2005,174,23.28,29.01,18.1,64.33,0.0,6.51,5.11,12.01,0.39
2005,175,23.66,29.45,18.42,61.91,0.0,4.62,3.62,12.51,0.39
2005,176,23.23,29.11,18.57,64.84,0.0,4.03,3.19,16.46,0.39
2005,177,23.35,29.21,19.06,63.61,0.0,3.55,2.82,20.43,0.39
2005,178,23.06,29.49,18.64,68.83,0.0,4.1,3.28,22.76,0.39
2005,179,21.94,27.05,18.68,74.92,0.02,5.35,4.25,26.61,0.39
2005,180,20.97,24.73,17.47,71.39,0.37,7.8,6.16,45.39,0.39
2005,181,20.34,26.66,15.06,60.59,0.0,5.71,4.53,26.51,0.39
2005,182,19.8,24.55,16.27,71.59,0.02,4.49,3.52,32.82,0.39
2005,183,20.2,24.22,17.72,72.59,0.55,4.04,3.23,48.99,0.39
2005,184,20.37,24.52,17.28,67.24,0.43,5.82,4.59,68.49,0.39
2005,185,18.8,22.6,16.08,67.45,0.28,6.77,5.39,43.82,0.39
2005,186,19.4,25.5,14.69,65.35,0.03,8.67,6.83,20.66,0.39
2005,187,20.42,27.36,15.2,64.74,0.01,8.56,6.69,21.52,0.39
2005,188,20.63,27.27,14.98,63.08,0.02,7.71,6.04,18.53,0.39
2005,189,21.69,27.1,16.82,61.64,1.33,5.55,4.38,26.41,0.39
2005,190,21.54,27.64,16.23,62.98,0.0,7.63,6.0,14.9,0.39
2005,191,20.65,27.41,15.13,60.28,0.02,7.73,6.05,17.21,0.39
2005,192,19.95,26.41,14.62,63.71,0.0,4.0,3.19,19.42,0.39
2005,193,21.73,28.41,15.9,59.08,0.01,4.42,3.42,21.71,0.39
2005,194,21.38,28.45,15.39,58.63,0.0,4.85,3.81,22.31,0.39
2005,195,21.13,27.63,15.62,64.88,0.0,4.48,3.56,22.4,0.38
2005,196,21.41,26.55,17.13,70.34,0.0,3.33,2.61,22.79,0.38
2005,197,21.09,24.91,18.7,76.08,4.14,2.56,2.03,48.7,0.38
2005,198,20.8,24.26,17.64,77.54,11.31,3.1,2.45,78.21,0.4
2005,199,21.84,25.8,18.59,69.32,2.52,5.84,4.55,53.05,0.41
2005,200,22.28,27.31,18.2,75.62,0.97,4.2,3.34,25.14,0.41
2005,201,22.42,27.69,18.71,75.61,0.0,2.49,1.97,14.87,0.41
2005,202,22.03,26.98,18.66,79.32,0.0,2.9,2.24,12.66,0.41
2005,203,21.95,26.89,19.04,77.82,0.0,4.13,3.26,18.17,0.41
2005,204,21.84,27.83,18.16,67.04,0.01,7.46,5.88,18.73,0.4
2005,205,21.03,28.08,15.48,63.86,0.0,5.5,4.32,17.53,0.4
2005,206,20.48,27.28,15.01,61.14,0.0,3.67,2.89,26.73,0.4
2005,207,20.44,25.98,15.82,66.66,0.0,3.72,2.9,23.15,0.4
2005,208,20.26,24.28,17.42,74.1,0.0,3.01,2.43,38.72,0.4
2005,209,20.48,25.12,17.06,69.51,0.13,5.96,4.71,37.32,0.4
2005,210,20.06,24.71,16.78,65.46,0.05,7.96,6.3,27.04,0.39
2005,211,20.7,27.58,14.64,63.74,0.14,5.6,4.39,20.16,0.39
2005,212,21.49,27.35,17.1,61.56,0.0,4.58,3.62,21.32,0.39
2005,213,22.16,27.74,17.18,63.17,0.0,3.74,2.98,20.53,0.39
2005,214,22.52,28.17,17.55,60.61,0.0,3.3,2.61,20.22,0.39
2005,215,22.21,27.59,17.49,63.22,0.0,4.55,3.64,16.63,0.39
2005,216,22.31,27.88,17.74,66.64,0.0,6.46,5.15,17.39,0.39
2005,217,22.64,29.42,16.73,63.56,0.0,4.13,3.3,12.18,0.39
2005,218,22.68,28.75,17.44,57.01,0.0,3.68,2.91,18.08,0.39
2005,219,22.41,28.46,17.43,58.32,0.0,3.46,2.74,19.37,0.39
2005,220,23.06,29.39,18.24,57.33,0.0,3.87,3.07,20.51,0.39
2005,221,22.92,29.25,17.96,58.27,0.0,4.26,3.38,21.18,0.39
2005,222,22.71,29.05,17.93,58.02,0.0,3.46,2.74,18.46,0.38
2005,223,22.82,29.07,17.75,60.74,0.0,3.19,2.55,19.46,0.38
2005,224,23.3,29.64,18.62,61.17,0.0,4.74,3.78,19.41,0.38
2005,225,22.53,28.52,17.67,68.87,0.0,3.89,3.11,25.32,0.38
2005,226,23.08,28.83,18.19,69.97,0.0,3.32,2.67,23.77,0.38
2005,227,23.56,29.92,18.75,56.48,0.0,3.83,3.03,19.52,0.38
2005,228,23.06,28.37,18.21,59.71,0.0,4.43,3.52,18.36,0.38
2005,229,23.32,30.37,17.18,56.97,0.0,4.24,3.32,25.39,0.38
2005,230,23.44,29.57,18.36,61.39,0.0,4.14,3.29,31.84,0.38
2005,231,24.06,29.85,18.84,69.69,0.0,4.59,3.62,24.89,0.38
2005,232,23.36,29.7,18.4,66.17,0.0,3.9,3.11,27.36,0.38
2005,233,22.03,27.33,18.65,72.09,0.07,6.7,5.32,34.69,0.38
2005,234,19.75,24.33,16.46,63.09,0.03,8.48,6.78,47.31,0.38
2005,235,21.43,28.46,15.46,57.86,0.0,7.88,6.25,25.98,0.38
2005,236,21.52,27.02,16.25,60.18,0.0,3.99,3.2,26.74,0.38
2005,237,22.23,28.25,17.74,66.49,0.0,4.16,3.33,27.66,0.38
2005,238,22.31,28.35,17.42,73.12,0.0,3.61,2.85,46.7,0.38
2005,239,23.94,30.2,19.23,70.41,0.0,4.2,3.33,30.23,0.38
2005,240,24.32,28.32,21.32,69.89,0.02,3.8,3.04,33.24,0.38
2005,241,24.9,31.43,19.64,55.84,0.0,3.89,3.08,31.27,0.38
2005,242,24.18,30.49,18.89,56.02,0.0,3.98,3.18,20.07,0.38
2005,243,24.57,31.14,18.52,51.03,0.0,4.66,3.7,11.34,0.38
2005,244,24.25,30.41,18.95,55.55,0.0,5.61,4.49,23.48,0.38
2005,245,24.77,30.89,19.83,53.57,0.0,5.06,4.06,24.65,0.37
2005,246,24.76,30.68,19.31,49.37,0.0,4.55,3.62,10.66,0.37
2005,247,24.25,30.69,19.46,55.45,0.01,5.11,4.09,16.08,0.37
2005,248,24.53,30.48,19.48,56.83,0.0,3.71,2.96,27.11,0.37
2005,249,25.05,31.45,19.61,53.83,0.0,5.48,4.33,25.75,0.37
2005,250,25.4,31.9,19.26,54.49,0.02,5.95,4.66,23.37,0.37
2005,251,24.62,31.46,19.16,61.92,0.0,6.06,4.84,27.54,0.37
2005,252,24.27,28.64,21.13,73.21,0.11,3.43,2.83,20.78,0.37
2005,253,25.8,32.06,20.74,54.71,0.0,3.97,3.14,16.4,0.37
2005,254,25.5,31.79,19.81,51.44,0.0,4.24,3.37,14.12,0.37
2005,255,24.99,31.39,19.38,57.62,0.0,4.68,3.79,15.25,0.37
2005,256,23.76,28.47,20.05,62.74,0.0,5.97,4.77,25.02,0.37
2005,257,22.0,27.28,17.99,59.08,0.22,10.79,8.54,24.55,0.37
2005,258,21.72,28.01,16.39,55.13,0.0,9.44,7.49,23.71,0.37
2005,259,22.72,29.29,16.3,53.34,0.0,7.57,6.03,14.41,0.37
2005,260,23.93,31.16,16.79,50.34,0.0,5.48,4.3,15.49,0.37
2005,261,23.12,29.37,17.33,57.27,0.0,4.88,3.94,19.66,0.37
2005,262,23.36,29.03,18.99,68.26,0.0,3.02,2.44,29.14,0.37
2005,263,24.03,30.85,19.08,67.85,0.0,3.06,2.42,19.68,0.37
2005,264,25.42,32.48,19.52,63.79,0.04,3.02,2.39,25.61,0.37
2005,265,26.22,31.62,22.13,64.8,0.3,2.58,2.13,74.98,0.37
2005,266,27.98,34.68,23.19,59.95,0.0,2.92,2.25,49.42,0.37
2005,267,27.47,33.87,23.17,57.14,0.0,4.95,3.94,39.51,0.37
2005,268,25.84,29.71,22.71,62.87,0.0,5.06,4.1,30.59,0.37
2005,269,26.38,32.15,22.82,62.09,0.0,3.81,3.06,33.21,0.37
2005,270,26.47,32.52,21.89,63.28,0.0,4.37,3.51,22.13,0.37
2005,271,26.79,32.51,22.78,62.12,0.37,4.3,3.44,33.39,0.37
2005,272,24.53,28.61,22.35,73.81,3.35,4.03,3.25,97.66,0.37
2005,273,24.38,28.16,21.8,74.03,4.31,3.27,2.7,94.74,0.38
2005,274,24.37,28.1,22.12,72.51,2.6,3.71,3.06,55.87,0.38
2005,275,24.5,29.15,20.92,68.98,0.0,3.75,3.05,15.88,0.38
2005,276,25.61,31.32,21.04,63.68,0.0,4.44,3.56,15.68,0.38
2005,277,26.77,33.16,21.59,64.29,0.0,4.09,3.3,13.01,0.38
2005,278,27.01,33.03,23.05,62.58,0.0,3.71,2.97,19.96,0.37
2005,279,26.67,31.88,22.75,68.13,0.0,4.36,3.53,19.73,0.37
2005,280,26.22,32.32,21.31,60.81,0.0,6.38,5.18,17.47,0.37
2005,281,25.87,31.72,20.63,62.97,0.0,6.02,4.89,21.76,0.37
2005,282,27.26,33.88,21.59,59.28,0.0,4.9,3.95,17.92,0.37
2005,283,28.06,33.81,22.61,53.47,0.0,4.9,3.91,19.1,0.37
2005,284,28.54,34.51,23.48,51.71,0.0,5.41,4.31,9.43,0.37
2005,285,27.24,34.15,23.04,62.23,0.0,4.97,4.0,17.74,0.37
2005,286,26.18,30.98,22.5,67.81,0.0,4.9,3.97,15.99,0.37
2005,287,26.04,31.69,21.04,63.58,0.0,5.05,4.11,20.53,0.37
2005,288,27.68,33.78,21.64,49.48,0.0,5.33,4.27,13.61,0.37
2005,289,27.75,34.02,22.42,53.22,0.01,5.37,4.29,19.59,0.37
2005,290,27.92,34.17,22.24,51.68,0.03,4.97,3.99,22.49,0.37
2005,291,27.51,33.89,22.42,52.19,0.0,5.71,4.6,20.67,0.37
2005,292,27.73,33.54,22.52,52.27,0.0,4.73,3.84,38.48,0.37
2005,293,27.53,33.18,23.49,56.82,0.0,3.85,3.13,26.87,0.36
2005,294,27.06,32.05,23.28,64.69,0.0,4.36,3.53,52.88,0.36
2005,295,27.29,32.48,24.15,60.59,0.18,7.6,6.11,30.36,0.36
2005,296,27.91,34.06,22.63,56.43,0.03,7.96,6.35,16.63,0.36
2005,297,28.29,34.85,23.42,54.27,0.02,4.73,3.79,23.13,0.36
2005,298,27.77,32.51,24.42,66.92,0.58,4.79,3.88,18.67,0.36
2005,299,26.43,31.48,23.0,64.89,0.22,6.31,5.08,36.35,0.36
2005,300,24.03,28.35,20.07,54.17,0.03,9.26,7.43,31.88,0.36
2005,301,24.28,31.42,17.99,48.38,0.01,8.19,6.57,16.94,0.36
2005,302,25.11,32.45,18.62,52.45,0.0,8.65,6.92,16.92,0.36
2005,303,26.95,34.08,19.52,50.15,0.0,7.14,5.62,20.37,0.36
2005,304,27.09,34.23,21.22,52.08,0.0,4.88,3.91,40.98,0.36
2005,305,26.93,32.8,23.85,58.06,0.02,4.7,3.8,61.27,0.36
2005,306,27.49,34.25,23.7,60.76,0.01,3.64,2.94,25.13,0.36
2005,307,27.79,34.53,23.36,60.32,0.0,3.68,2.93,22.01,0.36
2005,308,27.3,33.64,22.71,61.37,0.0,3.29,2.66,16.7,0.36
2005,309,26.9,32.91,22.69,61.72,0.0,4.34,3.52,20.39,0.36
2005,310,26.83,31.77,23.54,68.12,0.0,4.23,3.46,24.2,0.36
2005,311,27.8,33.67,23.79,63.18,0.01,3.28,2.66,29.28,0.36
2005,312,27.81,32.56,24.41,59.4,0.0,4.3,3.5,32.82,0.36
2005,313,26.05,30.91,22.6,68.14,0.03,6.96,5.63,29.16,0.36
2005,314,24.23,28.79,20.94,62.91,0.0,6.76,5.5,39.53,0.36
2005,315,24.22,28.02,21.4,65.74,0.23,6.05,4.94,36.0,0.36
2005,316,25.83,30.97,21.38,61.64,0.05,6.52,5.27,54.92,0.36
2005,317,28.42,34.29,23.21,54.6,0.12,4.93,3.86,41.11,0.36
2005,318,27.22,32.41,23.82,64.56,0.39,7.16,5.72,38.6,0.36
2005,319,25.5,28.55,23.1,71.52,0.79,5.32,4.32,66.83,0.36
2005,320,26.34,30.71,23.47,73.63,0.86,5.38,4.33,44.76,0.36
2005,321,27.08,32.0,23.76,67.98,1.16,4.58,3.7,31.0,0.36
2005,322,27.66,33.28,23.34,62.42,0.39,5.74,4.62,16.71,0.36
2005,323,28.68,34.52,22.83,57.7,0.54,5.98,4.79,12.99,0.36
2005,324,28.91,34.34,25.31,60.7,0.05,4.84,3.82,13.52,0.36
2005,325,26.65,31.42,23.88,71.33,0.75,5.37,4.31,31.42,0.36
2005,326,27.15,32.09,23.69,67.24,0.11,4.16,3.37,15.95,0.36
2005,327,26.48,30.6,23.58,63.55,0.06,3.97,3.28,41.1,0.36
2005,328,27.52,32.05,23.24,61.23,0.83,6.06,4.9,21.77,0.36
2005,329,28.77,34.56,24.43,61.13,0.24,4.42,3.6,41.93,0.36
2005,330,28.8,34.32,25.73,60.38,1.74,4.5,3.63,22.73,0.36
2005,331,28.25,31.98,25.38,59.14,0.15,3.88,3.14,37.11,0.36
2005,332,27.6,31.23,25.44,67.59,0.36,4.13,3.4,83.22,0.36
2005,333,28.92,33.74,24.63,60.58,0.31,3.32,2.71,55.36,0.36
2005,334,28.79,33.91,25.48,61.81,0.83,5.82,4.67,41.0,0.36
2005,335,28.08,32.66,24.79,67.81,0.43,3.99,3.26,55.17,0.36
2005,336,28.98,34.33,25.2,63.39,0.0,4.08,3.29,55.31,0.36
2005,337,28.81,33.5,25.84,62.61,0.2,5.74,4.59,79.77,0.36
2005,338,28.85,33.2,24.95,58.98,0.1,6.69,5.35,23.51,0.36
2005,339,29.41,34.79,25.05,58.29,0.22,4.81,3.9,25.7,0.36
2005,340,28.7,32.08,26.83,67.11,1.56,5.2,4.19,44.06,0.36
2005,341,27.59,30.03,26.32,75.69,4.98,4.58,3.65,93.19,0.37
2005,342,28.08,30.89,25.96,73.84,1.54,3.68,2.95,60.71,0.37
2005,343,27.4,29.56,24.8,74.85,2.41,3.95,3.21,64.63,0.38
2005,344,28.1,33.28,23.44,65.78,1.94,7.27,5.84,47.09,0.38
2005,345,28.37,33.31,24.22,66.35,0.01,4.54,3.72,15.34,0.37
2005,346,27.66,30.87,25.11,69.22,1.63,4.67,3.79,79.45,0.37
2005,347,26.35,30.78,22.95,58.61,0.02,8.1,6.49,68.56,0.37
2005,348,27.02,33.15,21.71,54.86,0.02,8.07,6.43,36.36,0.37
2005,349,29.3,35.68,23.62,54.25,0.01,5.98,4.74,22.66,0.37
2005,350,29.75,35.98,26.01,58.54,0.42,4.67,3.67,39.58,0.37
2005,351,28.87,34.14,26.1,67.34,8.08,5.95,4.68,55.39,0.37
2005,352,27.74,31.07,25.51,74.52,7.37,3.38,2.76,36.08,0.39
2005,353,27.83,31.43,24.72,71.18,0.68,3.6,2.9,35.16,0.39
2005,354,27.99,32.41,24.97,69.19,0.23,2.96,2.4,57.08,0.38
2005,355,28.3,32.25,25.77,68.56,3.56,3.23,2.61,87.11,0.38
2005,356,28.06,32.56,25.36,70.91,1.77,3.62,2.92,97.84,0.38
2005,357,27.36,30.0,25.36,75.61,2.53,2.48,2.03,80.13,0.39
2005,358,28.18,32.09,25.65,73.99,1.36,2.88,2.31,47.64,0.38
2005,359,28.06,31.34,25.65,72.01,3.71,4.34,3.48,54.89,0.39
2005,360,27.96,32.82,23.96,66.42,0.35,8.2,6.47,50.45,0.39
2005,361,26.93,32.53,22.8,63.95,0.37,7.55,6.02,69.98,0.38
2005,362,27.1,32.8,22.61,61.16,0.0,6.65,5.35,16.92,0.38
2005,363,27.04,32.3,22.67,61.4,0.01,7.29,5.84,25.37,0.38
2005,364,27.85,33.9,23.92,63.5,3.01,8.44,6.63,67.06,0.38
2005,365,29.29,35.94,23.4,65.16,7.48,5.24,4.02,52.49,0.38
2006,1,30.08,35.47,25.16,60.68,1.17,5.03,3.83,47.13,0.39
2006,2,28.84,34.35,25.16,64.43,13.01,4.19,3.31,96.12,0.39
2006,3,26.9,31.41,23.97,68.43,2.34,3.91,3.18,98.98,0.41
2006,4,28.05,33.25,24.67,64.79,0.27,4.09,3.25,92.57,0.4
2006,5,28.88,34.13,25.01,63.65,0.99,4.78,3.84,74.89,0.4
2006,6,29.36,34.54,25.51,63.95,0.1,3.15,2.56,34.4,0.4
2006,7,29.38,34.55,25.51,62.02,0.32,3.56,2.87,15.74,0.39
2006,8,29.45,34.64,25.08,60.04,0.42,3.07,2.5,28.92,0.39
2006,9,30.15,35.04,26.34,56.19,0.62,3.69,2.97,46.7,0.39
2006,10,30.7,36.36,26.39,55.03,0.34,4.34,3.49,42.37,0.39
2006,11,30.51,35.58,26.76,57.85,0.2,3.78,3.07,51.36,0.38
2006,12,29.6,33.33,26.9,64.92,1.49,4.15,3.42,89.01,0.38
2006,13,30.55,35.05,27.92,62.37,3.36,4.31,3.46,68.98,0.39
2006,14,29.59,32.86,27.3,70.27,2.04,3.27,2.67,27.05,0.39
2006,15,29.98,34.81,26.43,67.58,3.43,3.47,2.8,22.35,0.39
2006,16,30.39,35.73,26.47,59.48,0.48,3.68,3.01,35.08,0.39
2006,17,29.6,33.41,27.03,59.7,1.34,3.05,2.47,88.83,0.39
2006,18,28.68,31.79,26.46,67.63,2.88,2.05,1.67,73.53,0.39
2006,19,27.57,29.55,26.12,73.51,3.75,1.75,1.38,93.52,0.4
2006,20,27.25,30.45,24.98,76.21,1.32,4.57,3.67,57.07,0.4
2006,21,27.88,33.65,23.21,58.17,0.01,7.32,5.82,20.7,0.39
2006,22,29.18,35.87,22.84,53.09,0.0,4.98,3.95,23.71,0.39
2006,23,28.81,34.78,23.48,54.66,0.0,5.07,4.07,23.69,0.39
2006,24,29.26,34.01,25.37,60.07,0.0,3.52,2.85,15.83,0.38
2006,25,29.61,34.51,26.35,62.87,0.0,4.13,3.33,18.48,0.38
2006,26,28.18,32.79,24.75,65.71,0.02,5.29,4.27,17.28,0.38
2006,27,29.08,35.13,24.09,59.75,0.02,7.96,6.29,20.67,0.38
2006,28,30.77,36.74,24.96,60.07,2.83,5.85,4.62,21.8,0.38
2006,29,30.79,34.79,27.65,63.11,13.16,4.09,3.24,41.86,0.4
2006,30,29.36,34.39,26.58,70.69,14.8,5.1,3.96,59.3,0.41
2006,31,27.83,31.22,25.69,76.16,4.38,4.22,3.34,98.63,0.43
2006,32,26.88,29.83,25.27,80.77,7.92,3.43,2.77,99.67,0.43
2006,33,26.01,28.31,24.73,85.82,11.31,3.32,2.67,99.07,0.44
2006,34,26.12,28.76,24.35,79.93,15.64,7.31,5.65,99.13,0.46
2006,35,26.71,28.48,25.42,85.95,16.47,12.84,9.74,96.53,0.5
2006,36,27.18,29.86,25.22,79.42,3.05,5.71,4.48,20.0,0.49
2006,37,27.66,31.16,25.13,70.8,0.27,2.97,2.39,23.35,0.48
2006,38,28.94,34.04,24.38,70.21,1.52,3.64,2.89,47.53,0.47
2006,39,28.63,33.44,25.26,71.19,1.9,4.21,3.38,66.33,0.47
2006,40,28.38,32.14,26.04,74.73,2.04,3.01,2.4,44.41,0.46
2006,41,28.75,32.3,26.16,73.66,0.18,3.42,2.72,46.14,0.46
2006,42,28.97,32.7,25.95,72.3,0.03,3.85,3.1,27.02,0.46
2006,43,29.49,33.84,25.73,67.92,0.02,2.82,2.27,28.88,0.45
2006,44,29.8,35.31,24.88,59.99,0.0,3.91,3.12,36.74,0.45
2006,45,29.43,33.86,26.03,63.86,0.03,2.84,2.3,54.47,0.44
2006,46,28.65,31.45,26.45,66.83,1.71,3.07,2.47,55.14,0.44
2006,47,29.29,34.41,25.89,66.02,0.43,4.65,3.68,19.58,0.44
2006,48,29.68,34.65,26.16,64.86,0.11,3.88,3.11,16.47,0.43
2006,49,30.32,36.24,24.75,62.25,0.35,4.14,3.32,18.54,0.43
2006,50,29.7,34.69,25.88,61.59,1.91,4.12,3.29,26.95,0.43
2006,51,29.54,33.98,26.33,64.38,0.25,4.0,3.2,35.42,0.43
2006,52,29.36,33.74,26.43,67.14,0.46,3.63,2.93,41.02,0.42
2006,53,29.63,35.18,24.79,64.12,0.11,4.16,3.33,19.34,0.42
2006,54,29.61,34.57,26.12,67.55,0.12,4.02,3.24,33.31,0.42
2006,55,29.89,34.44,26.6,61.85,0.18,3.93,3.09,53.73,0.41
2006,56,29.75,34.41,26.63,64.97,0.88,2.77,2.21,23.9,0.41
2006,57,30.2,35.41,26.45,62.12,0.25,3.57,2.83,35.44,0.41
2006,58,30.28,35.8,27.15,57.61,0.0,3.68,2.93,90.43,0.41
2006,59,29.89,33.38,26.76,62.04,0.1,2.47,1.94,66.47,0.41
2006,60,29.88,34.51,26.43,61.12,0.57,3.83,3.07,27.85,0.4
2006,61,30.66,36.18,26.69,59.84,0.19,3.15,2.52,14.79,0.4
2006,62,30.27,36.06,26.39,59.92,0.15,4.42,3.54,15.98,0.4
2006,63,29.34,33.95,25.82,65.26,1.64,3.88,3.13,17.97,0.4
2006,64,31.19,36.57,26.76,57.31,0.02,6.02,4.76,23.01,0.4
2006,65,30.42,35.98,26.11,60.99,0.17,8.77,6.83,22.51,0.4
2006,66,29.31,34.63,25.88,66.17,3.58,8.77,6.82,30.98,0.4
2006,67,29.21,34.46,24.91,65.58,1.09,7.67,6.02,25.32,0.4
2006,68,29.13,33.78,25.02,63.57,2.53,7.03,5.54,22.82,0.4
2006,69,28.9,34.29,24.54,67.25,1.54,7.14,5.64,50.46,0.4
2006,70,28.47,32.12,25.04,71.51,4.41,4.65,3.65,56.57,0.4
2006,71,28.6,32.23,25.79,74.15,0.45,4.55,3.62,46.82,0.41
2006,72,28.65,31.31,26.71,74.31,0.23,3.51,2.8,65.55,0.4
2006,73,29.5,33.66,26.2,71.5,0.18,4.3,3.41,37.37,0.4
2006,74,30.94,36.13,26.27,64.15,0.15,5.3,4.23,14.03,0.4
2006,75,30.76,36.42,26.93,61.32,0.16,3.97,3.18,29.07,0.4
2006,76,29.72,33.45,27.14,68.75,1.71,3.23,2.57,51.12,0.4
2006,77,30.62,35.4,27.27,64.5,0.06,3.17,2.54,16.24,0.4
2006,78,30.8,36.61,26.44,57.69,0.0,4.2,3.34,15.27,0.4
2006,79,30.19,35.5,26.32,58.96,0.02,4.29,3.44,13.2,0.39
2006,80,30.31,35.6,26.25,57.64,0.02,3.58,2.86,26.58,0.39
2006,81,30.46,36.35,26.44,60.43,1.49,4.93,3.87,58.28,0.39
2006,82,27.22,28.76,25.93,73.87,5.19,2.81,2.27,67.38,0.4
2006,83,28.58,33.29,24.76,63.81,0.09,3.35,2.67,18.32,0.4
2006,84,29.46,35.01,24.98,58.91,0.13,3.61,2.88,18.92,0.4
2006,85,29.53,34.95,25.71,59.54,0.0,3.94,3.15,14.3,0.39
2006,86,29.09,34.33,25.61,65.65,0.0,3.78,3.0,13.36,0.39
2006,87,28.78,34.04,25.67,66.6,0.01,3.55,2.83,62.52,0.39
2006,88,28.94,32.12,26.41,65.73,0.02,5.78,4.59,93.19,0.39
2006,89,29.3,33.81,26.44,67.76,0.04,4.61,3.66,68.85,0.39
2006,90,29.32,34.66,25.87,70.44,0.05,5.17,4.09,93.05,0.39
2006,91,27.21,29.54,24.79,76.62,4.62,3.23,2.62,24.2,0.4
2006,92,26.71,31.85,23.4,68.51,0.07,5.76,4.62,21.17,0.4
2006,93,26.83,33.2,21.94,58.05,0.0,7.64,6.0,16.76,0.39
2006,94,27.51,33.77,21.86,60.56,0.09,6.61,5.18,18.96,0.39
2006,95,28.4,34.62,23.42,58.4,0.02,4.64,3.66,18.79,0.39
2006,96,28.73,34.67,24.12,59.9,0.1,3.93,3.11,36.4,0.39
2006,97,28.79,33.74,24.89,64.46,5.46,3.4,2.74,24.22,0.39
2006,98,28.07,32.13,24.38,64.22,0.01,3.55,2.81,22.89,0.4
2006,99,26.43,30.95,23.36,70.75,0.24,4.11,3.31,15.37,0.39
2006,100,26.73,31.77,22.46,68.94,1.33,4.81,3.87,45.41,0.39
2006,101,27.62,32.41,24.02,67.43,0.37,3.84,3.08,36.85,0.39
2006,102,27.66,32.43,24.24,66.86,0.36,3.22,2.61,42.98,0.39
2006,103,27.94,31.85,25.36,64.29,0.65,2.97,2.33,78.97,0.39
2006,104,26.58,30.2,24.1,70.69,0.91,2.75,2.22,45.07,0.39
2006,105,25.94,30.71,22.78,70.3,0.05,5.43,4.28,20.6,0.39
2006,106,25.21,30.42,20.54,64.83,0.24,6.01,4.79,16.9,0.39
2006,107,26.53,32.95,20.76,60.84,0.01,4.86,3.82,16.05,0.39
2006,108,27.16,32.89,22.41,61.22,0.0,6.08,4.78,16.85,0.39
2006,109,26.71,31.89,22.68,62.94,0.27,8.26,6.42,20.61,0.39
2006,110,25.86,31.2,20.95,61.82,0.07,8.15,6.35,56.01,0.39
2006,111,26.98,32.84,21.52,57.55,0.16,4.5,3.54,16.36,0.39
2006,112,26.74,32.25,22.48,59.4,0.26,4.36,3.44,50.64,0.39
2006,113,26.49,31.66,22.3,62.95,0.04,3.39,2.65,61.45,0.39
2006,114,26.47,30.85,22.91,67.41,0.0,3.0,2.35,47.27,0.38
2006,115,25.62,29.17,23.54,74.81,0.01,3.52,2.85,48.0,0.38
2006,116,25.46,30.24,22.53,68.94,0.05,7.26,5.75,38.04,0.38
2006,117,25.04,29.83,21.95,65.69,0.14,9.6,7.46,30.67,0.38
2006,118,25.57,31.26,20.91,65.37,0.63,8.15,6.32,16.08,0.38
2006,119,26.62,32.61,22.01,68.7,1.89,4.23,3.35,16.93,0.38
2006,120,25.44,28.91,22.89,77.43,0.94,3.49,2.79,26.01,0.39
2006,121,24.66,29.27,21.49,71.01,0.06,6.95,5.5,20.1,0.39
2006,122,22.81,27.59,19.24,65.25,0.06,10.03,7.8,22.66,0.39
2006,123,23.99,30.84,17.77,60.27,0.0,4.81,3.79,11.99,0.38
2006,124,24.17,28.41,21.34,70.91,0.09,5.17,4.08,22.23,0.38
2006,125,23.46,27.79,20.53,73.8,0.16,3.61,2.82,39.83,0.38
2006,126,23.36,28.02,19.82,74.0,0.0,3.29,2.6,21.06,0.38
2006,127,23.13,28.03,19.83,75.09,0.0,3.93,3.13,19.42,0.38
2006,128,22.04,26.29,19.27,72.9,0.02,3.53,2.81,66.54,0.38
2006,129,22.23,26.19,19.56,70.63,0.02,2.65,2.14,30.19,0.38
2006,130,22.14,25.53,19.28,74.61,0.31,5.06,3.98,39.36,0.38
2006,131,23.53,27.08,21.08,69.49,0.27,6.05,4.77,53.81,0.38
2006,132,22.88,26.38,20.85,75.34,0.43,3.62,2.87,33.26,0.38
2006,133,22.64,26.76,19.95,71.1,0.05,2.41,1.91,24.28,0.38
2006,134,22.96,27.47,19.12,70.02,0.02,3.45,2.76,14.26,0.38
2006,135,22.95,28.27,18.41,64.84,0.0,5.42,4.34,15.47,0.38
2006,136,22.6,27.85,17.98,65.05,0.0,5.75,4.6,50.09,0.38
2006,137,22.77,28.42,18.41,71.32,0.0,4.25,3.41,32.76,0.38
2006,138,22.11,26.06,19.86,70.4,0.0,2.71,2.13,23.96,0.38
2006,139,22.3,27.86,16.93,69.11,0.0,3.97,3.13,53.24,0.38
2006,140,25.11,29.86,20.93,68.94,0.03,7.8,6.04,41.03,0.38
2006,141,25.75,31.94,21.48,74.17,0.0,7.16,5.53,20.38,0.38
2006,142,24.81,29.61,22.41,78.43,0.0,3.72,2.96,31.37,0.38
2006,143,24.28,28.98,21.05,73.5,0.0,5.94,4.74,50.95,0.38
2006,144,24.97,30.06,21.34,69.37,0.0,6.48,5.14,41.36,0.38
2006,145,24.55,29.08,21.64,71.2,0.0,5.86,4.69,72.38,0.38
2006,146,22.29,25.52,20.02,71.82,0.85,3.9,3.12,39.37,0.38
2006,147,21.92,25.66,19.55,64.26,0.0,1.96,1.58,29.67,0.38
2006,148,22.06,27.04,17.67,67.37,0.0,3.56,2.82,26.68,0.38
2006,149,23.1,28.9,18.06,69.23,0.07,6.49,5.12,29.85,0.38
2006,150,24.7,30.81,19.78,67.36,0.5,5.83,4.57,16.6,0.38
2006,151,25.64,31.12,20.24,62.31,0.1,4.93,3.78,17.69,0.38
2006,152,25.65,31.07,20.59,59.95,0.17,4.91,3.76,16.08,0.38
2006,153,24.73,30.54,20.51,64.76,0.11,4.49,3.54,21.29,0.38
2006,154,23.37,27.88,20.14,68.24,0.05,3.43,2.68,51.07,0.38
2006,155,21.4,25.66,18.04,76.66,0.37,3.01,2.39,37.85,0.38
2006,156,22.46,27.74,18.57,70.76,0.07,3.39,2.67,69.18,0.38
2006,157,24.23,30.27,19.03,67.73,0.0,2.89,2.26,36.73,0.38
2006,158,25.63,30.91,21.31,65.9,0.0,3.05,2.37,60.13,0.38
2006,159,24.18,30.05,19.1,64.42,0.0,3.79,3.0,21.03,0.38
2006,160,23.91,28.21,21.57,73.35,0.0,2.76,2.15,46.07,0.38
2006,161,23.88,28.85,20.39,76.3,0.0,3.02,2.38,20.79,0.37
2006,162,23.54,28.8,19.77,72.18,0.0,3.72,2.93,26.91,0.37
2006,163,23.35,28.99,19.05,71.57,0.0,4.52,3.61,17.23,0.37
2006,164,22.66,27.64,18.96,76.65,0.0,3.13,2.48,24.33,0.37
2006,165,23.33,28.21,20.36,67.48,0.0,1.81,1.39,30.03,0.37
2006,166,24.13,29.87,19.4,53.84,0.0,4.61,3.53,47.82,0.37
2006,167,23.44,28.34,19.68,63.72,0.05,5.49,4.35,28.53,0.37
2006,168,23.62,29.84,18.58,65.61,0.01,4.47,3.52,17.98,0.37
2006,169,25.22,31.29,20.2,58.84,0.0,4.26,3.3,19.95,0.37
2006,170,24.16,29.58,20.7,64.73,0.0,4.53,3.56,23.58,0.37
2006,171,23.88,29.49,19.68,63.21,0.0,3.56,2.79,24.84,0.37
2006,172,23.94,30.22,19.47,62.26,0.0,3.83,2.99,24.57,0.37
2006,173,22.91,28.3,19.32,67.65,0.0,2.68,2.06,28.98,0.37
2006,174,22.62,25.88,20.43,74.3,2.85,3.3,2.65,53.96,0.37
2006,175,21.16,24.65,18.37,66.17,0.23,6.01,4.77,46.37,0.38
2006,176,20.2,24.33,16.11,71.22,0.07,3.94,3.1,37.74,0.38
2006,177,19.54,21.5,16.7,66.69,1.25,8.05,6.32,71.97,0.38
2006,178,17.94,22.49,14.36,60.37,0.03,8.62,6.8,40.91,0.38
2006,179,19.1,25.28,14.08,61.92,0.0,8.29,6.52,22.49,0.38
2006,180,20.12,26.68,14.2,60.57,0.0,5.67,4.46,26.18,0.38
2006,181,20.88,26.02,16.39,59.28,0.0,4.73,3.73,25.33,0.38
2006,182,22.13,27.47,17.23,58.93,0.0,5.42,4.19,41.81,0.37
2006,183,22.04,27.07,18.16,65.34,0.05,4.98,3.85,27.05,0.37
2006,184,21.07,25.67,18.07,76.63,0.22,3.84,2.95,22.22,0.37
2006,185,20.3,24.43,17.53,72.08,0.22,3.3,2.61,25.41,0.37
2006,186,20.75,26.83,16.16,64.12,0.0,6.39,5.03,20.84,0.37
2006,187,21.07,27.78,15.67,63.81,0.0,4.58,3.6,22.07,0.37
2006,188,21.08,25.29,17.91,68.58,0.0,3.54,2.79,39.87,0.37
2006,189,20.8,24.52,17.85,69.81,0.91,5.81,4.57,43.17,0.37
2006,190,20.37,25.78,16.91,64.77,0.19,6.72,5.32,25.11,0.37
2006,191,20.32,26.37,15.18,61.87,0.01,7.4,5.84,21.49,0.37
2006,192,20.98,27.65,15.1,60.14,0.04,6.76,5.27,18.33,0.37
2006,193,21.62,28.32,16.39,60.45,0.06,6.94,5.35,16.12,0.37
2006,194,21.17,27.6,15.43,59.98,0.02,4.31,3.42,16.54,0.37
2006,195,21.5,28.0,15.47,59.93,0.06,4.64,3.64,19.79,0.37
2006,196,21.66,28.06,16.03,59.8,0.0,4.33,3.42,18.86,0.37
2006,197,22.72,29.16,17.36,62.53,0.0,3.84,3.0,21.52,0.37
2006,198,22.88,28.63,18.53,63.04,0.0,3.91,3.08,37.73,0.37
2006,199,22.1,26.47,18.54,69.63,0.48,3.19,2.54,86.84,0.37
2006,200,22.58,27.39,19.8,71.33,0.04,3.94,3.19,43.57,0.37
2006,201,22.4,26.77,19.25,73.5,0.03,5.26,4.22,22.51,0.37
2006,202,22.72,28.22,18.18,66.61,0.02,3.67,2.94,20.25,0.37
2006,203,22.83,27.75,19.11,72.82,0.06,3.04,2.39,31.96,0.37
2006,204,23.42,28.81,19.6,69.8,0.3,3.1,2.43,67.31,0.37
2006,205,23.43,28.06,19.55,67.32,0.1,3.08,2.48,16.11,0.37
2006,206,23.77,29.08,19.1,61.26,0.0,4.79,3.77,23.13,0.37
2006,207,23.44,28.67,19.28,63.95,0.01,7.29,5.75,23.59,0.37
2006,208,23.27,28.66,18.53,62.72,0.07,6.42,5.08,14.33,0.37
2006,209,23.34,28.29,18.58,59.24,0.03,4.82,3.77,16.54,0.37
2006,210,23.78,30.11,18.6,60.03,0.0,4.14,3.27,13.87,0.37
2006,211,24.17,29.88,19.04,57.64,0.0,4.3,3.41,10.68,0.37
2006,212,23.22,29.02,19.53,63.16,0.0,4.87,3.87,12.32,0.37
2006,213,23.39,29.36,18.73,60.27,0.0,3.73,2.94,15.54,0.37
2006,214,23.72,30.03,19.26,66.35,0.0,3.91,3.06,16.62,0.37
2006,215,24.04,30.19,19.18,65.52,0.01,5.48,4.28,27.8,0.37
2006,216,23.62,27.72,20.35,76.34,0.69,5.89,4.63,56.63,0.37
2006,217,22.32,25.49,20.22,72.46,1.11,5.92,4.74,48.94,0.37
2006,218,21.02,23.53,18.83,68.42,0.49,4.74,3.84,38.32,0.37
2006,219,20.98,25.85,17.08,68.59,0.05,4.68,3.77,27.82,0.37
2006,220,22.42,29.47,16.64,62.84,0.0,5.42,4.32,19.52,0.37
2006,221,22.72,28.31,17.8,63.66,0.0,4.28,3.41,16.95,0.37
2006,222,23.35,29.19,18.45,64.39,0.0,6.78,5.39,21.88,0.37
2006,223,23.77,30.03,18.77,55.06,0.0,3.96,3.14,10.78,0.37
2006,224,23.33,29.31,18.75,64.66,0.05,6.37,5.07,18.24,0.37
2006,225,23.14,27.19,20.42,70.26,0.75,3.83,3.1,23.06,0.37
2006,226,24.12,30.5,18.87,59.33,0.0,5.62,4.4,11.04,0.37
2006,227,23.55,30.04,18.55,59.19,0.0,4.06,3.24,13.77,0.37
2006,228,23.32,29.85,18.12,59.66,0.0,3.44,2.72,14.91,0.37
2006,229,22.2,26.94,18.76,73.01,0.0,4.55,3.67,29.93,0.37
2006,230,23.07,29.36,17.84,61.77,0.0,5.2,4.13,15.57,0.37
2006,231,22.61,28.66,17.27,53.07,0.01,4.12,3.29,17.06,0.37
2006,232,22.86,28.34,18.36,59.28,0.0,4.13,3.27,18.93,0.36
2006,233,23.87,29.83,18.4,54.98,0.02,4.76,3.72,17.7,0.36
2006,234,23.49,30.05,17.27,57.06,0.45,5.33,4.24,38.45,0.36
2006,235,23.92,29.48,19.3,55.21,0.12,4.42,3.54,52.85,0.36
2006,236,23.47,29.57,18.71,55.82,0.01,4.31,3.44,40.24,0.36
2006,237,23.2,28.18,19.56,63.48,0.0,2.96,2.31,34.15,0.36
2006,238,22.63,27.61,18.56,70.88,0.71,3.19,2.55,27.44,0.36
2006,239,22.09,26.18,19.64,78.35,29.28,2.16,1.73,25.76,0.39
2006,240,21.66,25.31,19.22,78.57,2.48,3.5,2.8,29.64,0.42
2006,241,20.94,25.01,18.34,73.72,0.2,3.93,3.1,27.23,0.42
2006,242,20.78,25.3,16.92,70.56,0.0,3.76,2.98,23.9,0.41
2006,243,19.78,22.14,17.84,72.73,3.28,7.91,6.29,57.57,0.41
2006,244,19.5,23.12,16.68,66.37,0.17,6.55,5.26,56.94,0.41
2006,245,19.6,25.09,14.79,63.4,0.0,5.81,4.67,37.5,0.41
2006,246,21.27,28.3,15.32,65.97,0.0,7.23,5.78,19.56,0.4
2006,247,21.54,27.41,17.58,66.82,0.15,9.02,7.15,18.46,0.4
2006,248,21.85,28.14,16.65,65.67,0.18,8.33,6.6,14.48,0.4
2006,249,22.57,28.49,17.72,63.4,0.05,6.84,5.45,11.68,0.4
2006,250,21.69,27.06,17.65,67.01,18.55,9.12,7.19,12.62,0.41
2006,251,21.54,28.62,15.32,61.93,0.05,7.87,6.19,16.02,0.43
2006,252,21.92,28.64,16.17,57.56,0.01,5.86,4.59,8.92,0.42
2006,253,21.52,28.11,15.9,55.47,0.0,4.29,3.41,16.31,0.41
2006,254,21.66,27.78,16.79,60.35,0.0,3.64,2.83,20.62,0.41
2006,255,21.9,29.1,16.16,59.03,0.0,4.32,3.45,20.14,0.41
2006,256,22.81,30.57,16.5,55.99,0.0,4.17,3.22,19.19,0.4
2006,257,23.28,29.83,18.13,64.79,0.0,4.7,3.74,14.66,0.4
2006,258,23.65,29.43,19.04,67.49,0.0,3.83,3.07,22.99,0.4
2006,259,24.15,29.66,20.5,68.66,0.0,3.04,2.42,22.34,0.4
2006,260,24.76,31.72,19.35,66.04,0.0,3.12,2.45,18.33,0.4
2006,261,25.6,31.64,20.93,65.46,0.0,6.3,4.92,13.96,0.39
2006,262,22.34,23.89,20.38,83.65,6.72,6.58,5.26,62.48,0.4
2006,263,22.36,27.49,18.61,64.7,0.05,8.0,6.41,29.19,0.4
2006,264,21.29,26.2,17.71,64.08,0.0,8.81,7.04,25.1,0.4
2006,265,21.99,28.37,16.75,59.53,0.0,8.18,6.53,16.6,0.4
2006,266,23.27,30.05,17.34,62.34,0.0,5.29,4.26,14.94,0.4
2006,267,23.27,28.53,19.05,64.29,0.0,4.35,3.5,18.37,0.4
2006,268,24.12,30.74,18.67,67.12,0.0,4.48,3.6,16.81,0.39
2006,269,25.32,31.68,19.89,58.86,0.0,3.57,2.83,15.69,0.39
2006,270,26.08,33.12,19.31,48.4,0.0,5.29,4.1,18.92,0.39
2006,271,25.34,32.05,19.47,49.84,0.0,5.03,4.01,71.39,0.39
2006,272,24.25,28.34,20.63,53.76,0.0,3.96,3.14,84.73,0.39
2006,273,25.08,31.75,20.3,60.3,0.0,4.1,3.26,27.44,0.39
2006,274,25.33,30.82,21.59,69.35,0.0,4.23,3.36,37.51,0.39
2006,275,25.82,31.37,21.69,70.08,0.0,4.54,3.58,31.09,0.39
2006,276,26.58,33.14,21.64,70.9,0.01,3.74,2.97,16.43,0.39
2006,277,26.72,32.75,23.25,70.5,0.0,3.96,3.17,39.49,0.38
2006,278,26.98,33.54,23.37,69.97,0.03,4.14,3.3,64.55,0.38
2006,279,26.32,31.6,21.59,65.95,0.13,7.61,6.06,69.01,0.38
2006,280,25.61,32.05,20.11,53.54,0.0,9.06,7.15,25.26,0.38
2006,281,25.87,32.63,19.93,47.97,0.45,7.89,6.17,15.83,0.38
2006,282,24.14,30.69,19.23,48.05,0.22,10.59,8.32,10.7,0.38
2006,283,23.38,29.71,17.49,48.22,0.55,9.01,7.11,12.46,0.38
2006,284,22.6,28.77,16.3,50.78,0.02,5.34,4.32,11.69,0.38
2006,285,24.3,30.68,18.13,51.08,0.0,5.51,4.41,21.75,0.38
2006,286,25.41,32.09,19.26,51.86,0.0,3.98,3.18,23.03,0.38
2006,287,26.15,32.91,20.07,46.78,0.0,4.75,3.77,18.4,0.38
2006,288,26.13,32.36,21.37,53.87,0.0,5.12,4.11,32.48,0.38
2006,289,26.77,31.9,23.17,55.95,0.0,3.45,2.81,33.39,0.38
2006,290,26.76,31.23,23.33,57.38,0.0,3.16,2.56,25.54,0.38
2006,291,26.42,31.58,22.09,62.29,0.0,3.99,3.24,14.6,0.38
2006,292,25.88,31.6,21.19,64.19,0.01,6.09,4.91,25.71,0.38
2006,293,25.19,30.34,21.21,71.96,0.26,5.58,4.57,28.88,0.38
2006,294,24.86,28.83,22.04,69.41,0.01,3.95,3.24,18.8,0.38
2006,295,25.07,29.8,22.02,67.44,0.15,3.93,3.23,29.85,0.38
2006,296,25.53,31.23,21.68,65.25,0.02,5.59,4.53,52.59,0.37
2006,297,26.31,32.92,21.07,61.24,0.0,6.37,5.14,10.01,0.37
2006,298,27.13,33.29,22.07,62.87,0.0,4.04,3.25,16.5,0.37
2006,299,26.67,32.5,22.61,70.33,0.04,4.06,3.27,71.7,0.37
2006,300,26.58,30.12,23.97,62.67,0.0,5.52,4.46,91.87,0.37
2006,301,26.44,31.88,23.23,62.26,0.0,4.13,3.32,28.5,0.37
2006,302,26.97,33.44,21.62,60.21,0.0,5.71,4.58,28.2,0.37
2006,303,27.6,33.72,24.05,65.44,0.0,3.95,3.17,24.49,0.37
2006,304,28.79,35.21,23.62,60.5,0.0,3.66,2.88,31.42,0.37
2006,305,30.1,37.15,24.94,52.65,0.0,3.88,3.04,17.3,0.37
2006,306,28.42,34.64,24.06,59.99,0.0,4.11,3.29,21.58,0.37
2006,307,27.86,34.36,23.29,68.28,0.0,4.59,3.68,19.58,0.37
2006,308,28.7,36.02,22.85,58.84,0.0,4.54,3.64,15.05,0.37
2006,309,30.13,37.97,25.15,51.76,0.0,4.98,3.95,33.29,0.37
2006,310,27.44,32.12,24.47,73.29,0.0,6.17,4.98,43.54,0.37
2006,311,24.93,28.19,22.34,66.67,0.3,7.83,6.32,37.77,0.37
2006,312,26.15,31.45,21.29,58.84,0.01,7.73,6.22,24.13,0.37
2006,313,27.73,34.7,23.13,58.64,0.14,4.98,3.98,30.11,0.37
2006,314,26.94,31.58,23.86,67.64,0.76,5.23,4.21,39.1,0.37
2006,315,26.52,30.74,23.67,67.22,0.25,4.04,3.3,26.61,0.37
2006,316,26.0,30.48,22.59,67.46,0.37,5.55,4.51,16.3,0.37
2006,317,27.81,33.73,22.25,58.77,3.15,7.01,5.61,57.61,0.37
2006,318,27.75,32.38,24.81,64.64,6.99,4.05,3.2,89.99,0.38
2006,319,27.69,31.78,25.01,71.84,5.07,3.67,2.92,57.67,0.39
2006,320,28.44,34.05,24.06,64.2,0.04,3.48,2.77,24.37,0.39
2006,321,28.46,33.79,23.37,52.55,0.0,4.89,3.91,11.61,0.38
2006,322,27.73,33.25,23.19,59.37,1.07,5.14,4.15,15.64,0.38
2006,323,26.87,31.34,24.08,65.55,1.58,4.26,3.5,24.77,0.38
2006,324,26.66,31.27,22.71,62.18,0.0,4.92,4.03,18.14,0.38
2006,325,27.82,33.54,23.18,63.94,0.44,5.02,4.07,14.38,0.38
2006,326,26.82,30.71,24.59,73.58,0.01,4.78,3.9,26.11,0.38
2006,327,26.92,31.54,24.0,65.8,0.03,3.93,3.2,41.23,0.38
2006,328,26.88,31.53,23.65,68.26,0.04,4.41,3.63,20.88,0.38
2006,329,27.3,32.39,23.85,65.75,0.26,5.14,4.17,24.25,0.38
2006,330,28.5,33.77,24.39,61.19,0.19,7.48,5.95,26.48,0.38
2006,331,29.04,35.28,23.16,57.45,0.56,8.66,6.8,18.68,0.38
2006,332,29.35,34.03,26.13,59.57,3.03,5.92,4.69,40.72,0.38
2006,333,29.25,34.23,25.35,60.42,4.17,3.55,2.87,46.61,0.38
2006,334,27.92,33.51,24.13,66.1,8.53,4.45,3.57,58.38,0.39
2006,335,27.02,31.18,23.88,67.12,4.42,3.36,2.76,45.2,0.4
2006,336,27.52,31.97,24.35,61.14,0.0,3.62,2.93,13.56,0.4
2006,337,28.51,33.77,23.59,58.86,0.51,3.81,3.07,21.74,0.39
2006,338,29.29,34.21,25.69,65.96,0.65,4.91,3.9,23.23,0.39
2006,339,28.22,31.87,26.11,75.11,4.94,4.09,3.3,70.08,0.39
2006,340,27.02,29.81,25.37,76.04,4.0,3.48,2.83,81.16,0.4
2006,341,27.42,31.3,23.98,70.02,12.43,5.09,4.14,29.92,0.41
2006,342,26.81,29.52,24.35,75.13,18.72,3.39,2.76,64.47,0.43
2006,343,26.76,29.86,24.8,79.18,15.93,2.84,2.27,46.36,0.46
2006,344,27.9,32.1,24.76,75.99,9.72,3.3,2.66,39.02,0.47
2006,345,28.16,32.09,25.17,73.17,7.9,5.73,4.59,47.57,0.47
2006,346,27.38,30.58,24.28,76.09,1.32,5.31,4.25,40.08,0.47
2006,347,28.55,33.55,24.3,68.78,0.35,2.86,2.32,54.63,0.46
2006,348,28.99,33.37,25.46,67.96,1.35,3.59,2.88,19.6,0.46
2006,349,29.22,33.48,25.95,67.19,1.69,2.92,2.35,24.63,0.45
2006,350,29.55,34.27,25.73,65.35,0.79,4.23,3.36,21.58,0.45
2006,351,29.2,33.9,25.07,64.44,3.08,4.11,3.29,22.5,0.45
2006,352,28.9,34.23,23.6,62.73,0.61,3.95,3.21,25.51,0.44
2006,353,29.49,34.15,24.98,57.17,0.45,4.23,3.42,21.29,0.44
2006,354,30.09,35.7,25.0,56.78,0.0,5.92,4.7,20.22,0.43
2006,355,30.12,36.47,24.07,58.22,0.0,6.42,5.07,12.41,0.43
2006,356,30.47,35.84,25.13,60.22,0.12,5.54,4.36,25.67,0.42
2006,357,30.57,36.28,25.15,52.26,0.17,5.0,3.88,24.2,0.42
2006,358,29.36,35.34,24.44,58.86,4.47,5.01,3.98,35.1,0.41
2006,359,29.74,35.11,25.51,61.47,0.55,4.35,3.43,68.78,0.42
2006,360,29.51,33.65,26.21,64.92,8.42,4.38,3.4,93.14,0.42
2006,361,28.53,32.45,25.33,70.25,3.96,4.52,3.62,89.45,0.43
2006,362,29.46,33.69,25.89,74.3,5.37,4.59,3.67,62.59,0.43
2006,363,28.65,30.63,27.25,79.82,5.46,3.33,2.66,66.99,0.44
2006,364,29.42,32.81,26.69,73.7,6.87,2.76,2.19,56.88,0.45
2006,365,29.45,32.81,26.87,76.08,4.42,3.08,2.46,54.17,0.45
2007,1,28.24,31.48,25.73,75.63,9.99,5.95,4.73,92.28,0.46
2007,2,29.18,33.7,25.18,71.79,3.79,3.91,3.12,44.14,0.46
2007,3,29.99,33.56,25.78,68.06,2.65,4.22,3.25,54.36,0.46
2007,4,28.72,33.12,26.0,75.56,6.91,4.53,3.6,42.65,0.46
2007,5,27.71,30.03,25.03,78.1,6.18,5.2,4.13,54.25,0.46
2007,6,28.8,32.73,26.08,73.7,9.25,5.03,3.92,73.84,0.47
2007,7,26.56,28.53,24.63,73.72,2.4,9.19,7.15,82.1,0.47
2007,8,26.62,29.46,24.04,78.81,8.69,10.55,8.14,84.2,0.47
2007,9,27.31,30.24,24.2,73.96,8.88,6.97,5.5,36.15,0.49
2007,10,26.61,31.28,22.59,65.81,0.04,5.73,4.6,14.8,0.48
2007,11,27.96,33.13,22.22,67.42,6.81,4.19,3.36,20.15,0.48
2007,12,28.31,32.53,25.5,75.78,10.25,4.28,3.46,19.92,0.48
2007,13,27.91,31.52,25.65,77.59,16.57,4.46,3.59,49.59,0.5
2007,14,26.92,29.94,25.1,79.69,18.33,3.15,2.55,84.98,0.52
2007,15,27.19,30.75,23.52,78.07,12.97,3.25,2.63,48.83,0.54
2007,16,27.03,28.68,25.73,84.19,8.82,3.15,2.54,27.35,0.54
2007,17,27.65,31.3,25.08,80.08,5.39,2.87,2.3,56.2,0.54
2007,18,27.03,29.78,24.9,84.57,6.0,3.69,2.97,79.43,0.54
2007,19,27.32,30.67,25.15,78.75,4.74,3.03,2.43,98.56,0.54
2007,20,26.25,28.89,24.86,83.81,12.71,3.82,3.04,96.15,0.55
2007,21,26.97,30.33,24.22,76.95,20.13,3.85,3.1,82.37,0.57
2007,22,27.22,30.83,24.01,79.58,16.9,3.55,2.83,98.42,0.58
2007,23,27.34,30.73,25.17,82.84,24.95,3.31,2.66,91.76,0.61
2007,24,26.99,29.63,23.95,80.25,15.97,3.14,2.51,54.4,0.63
2007,25,25.79,29.31,22.82,79.65,1.87,6.23,4.98,48.45,0.62
2007,26,26.6,30.88,22.64,76.7,0.74,5.32,4.24,24.26,0.6
2007,27,28.07,32.75,23.62,74.76,0.18,4.48,3.49,12.65,0.59
2007,28,27.72,30.07,25.31,77.07,2.42,5.1,3.94,43.93,0.58
2007,29,27.04,29.7,24.62,76.43,1.66,3.75,2.98,61.32,0.58
2007,30,26.9,30.43,23.57,77.52,13.13,3.73,3.0,73.59,0.58
2007,31,26.57,29.34,24.35,81.88,8.43,4.11,3.26,46.72,0.6
2007,32,26.56,30.59,23.31,77.55,0.25,3.37,2.7,14.77,0.59
2007,33,27.02,30.85,23.73,75.87,0.87,4.14,3.31,18.31,0.58
2007,34,27.85,31.99,23.68,74.86,3.04,4.63,3.71,33.02,0.57
2007,35,27.25,30.22,24.81,82.21,3.12,5.44,4.36,31.58,0.56
2007,36,27.78,30.57,25.82,83.19,1.08,5.19,4.14,21.33,0.56
2007,37,28.36,31.69,26.07,78.24,0.75,3.05,2.45,24.77,0.55
2007,38,28.72,32.49,25.51,75.79,1.05,3.02,2.4,22.5,0.54
2007,39,28.83,32.51,25.5,74.88,0.38,3.04,2.45,18.81,0.53
2007,40,28.98,32.59,26.06,72.73,1.38,3.14,2.52,26.57,0.53
2007,41,28.44,30.98,26.73,75.0,7.32,2.11,1.72,43.32,0.53
2007,42,27.16,30.38,25.44,80.47,9.06,3.43,2.73,60.04,0.54
2007,43,27.06,30.09,24.63,77.77,10.01,4.05,3.21,30.53,0.54
2007,44,26.61,29.06,24.45,83.8,9.1,5.19,4.1,83.38,0.55
2007,45,26.35,28.43,24.13,79.2,9.2,5.51,4.37,72.49,0.56
2007,46,26.6,30.4,23.59,73.65,0.48,5.09,4.08,35.63,0.55
2007,47,26.88,30.98,23.66,79.0,7.31,6.19,4.92,70.45,0.55
2007,48,28.12,30.93,26.07,85.51,34.37,3.98,3.14,68.86,0.58
2007,49,28.05,31.31,25.59,82.84,19.44,4.12,3.24,88.58,0.61
2007,50,26.77,28.79,25.29,85.63,17.97,3.24,2.59,85.78,0.63
2007,51,27.42,30.03,25.22,83.52,3.61,3.93,3.1,81.3,0.63
2007,52,27.58,30.41,25.67,83.99,3.54,2.82,2.25,28.98,0.62
2007,53,28.31,31.74,25.65,76.45,1.89,2.76,2.15,44.61,0.61
2007,54,27.55,31.06,24.91,83.35,4.58,7.85,6.06,77.97,0.61
2007,55,27.85,32.38,24.5,75.85,1.1,6.78,5.2,61.28,0.6
2007,56,26.9,31.95,22.29,76.19,0.01,6.85,5.33,10.1,0.59
2007,57,26.76,30.88,23.61,77.76,0.44,9.15,7.09,24.69,0.58
2007,58,26.8,31.15,23.58,76.85,1.8,8.73,6.76,36.9,0.57
2007,59,25.17,27.93,22.61,83.24,8.31,7.62,5.99,77.54,0.57
2007,60,25.65,28.9,22.87,78.78,1.75,5.16,4.07,66.77,0.57
2007,61,25.06,27.73,22.49,78.57,1.17,4.0,3.18,65.9,0.56
2007,62,25.72,29.13,23.38,80.93,0.72,3.37,2.69,43.92,0.56
2007,63,25.68,29.24,22.79,77.9,0.38,2.88,2.29,41.21,0.55
2007,64,25.9,30.02,22.7,74.68,0.23,3.58,2.87,15.42,0.54
2007,65,26.18,30.88,21.96,73.14,0.24,4.4,3.53,15.38,0.54
2007,66,26.84,31.21,23.37,76.11,0.97,5.16,4.13,23.75,0.53
2007,67,27.62,32.14,24.04,73.83,1.0,5.91,4.69,21.13,0.53
2007,68,27.89,32.53,23.93,71.9,0.4,3.84,3.03,44.16,0.52
2007,69,27.58,32.25,22.93,68.85,0.42,4.52,3.53,39.16,0.51
2007,70,27.59,32.75,22.55,69.13,0.12,4.27,3.37,27.05,0.51
2007,71,28.07,32.77,24.29,69.07,0.0,3.98,3.16,17.63,0.5
2007,72,27.97,31.9,24.87,70.01,0.02,3.46,2.75,14.71,0.49
2007,73,27.85,32.9,23.76,68.09,0.0,3.41,2.7,9.27,0.49
2007,74,28.51,33.82,23.06,66.37,0.18,3.19,2.51,14.09,0.48
2007,75,28.21,30.98,25.79,74.24,0.57,6.02,4.64,35.57,0.48
2007,76,28.17,33.59,24.39,69.93,0.7,5.07,3.9,44.77,0.48
2007,77,27.08,31.27,23.94,69.93,2.03,3.4,2.71,20.33,0.48
2007,78,27.0,31.43,24.09,74.03,1.0,3.71,2.98,21.66,0.47
2007,79,27.36,32.95,22.83,70.26,0.05,3.91,3.14,25.02,0.47
2007,80,27.11,31.5,23.59,75.62,0.79,3.48,2.78,36.13,0.47
2007,81,26.7,30.9,23.76,74.62,0.06,3.02,2.42,13.35,0.46
2007,82,26.03,31.2,21.97,70.77,0.0,3.63,2.88,10.16,0.46
2007,83,26.42,32.7,20.92,65.09,0.0,4.75,3.77,13.27,0.46
2007,84,27.17,32.96,21.96,68.11,0.0,3.89,3.13,16.41,0.45
2007,85,28.11,34.18,23.66,70.22,0.0,3.65,2.89,12.98,0.45
2007,86,28.14,33.6,24.44,71.89,0.11,3.81,3.01,22.55,0.44
2007,87,27.85,33.27,23.52,69.7,0.01,4.88,3.87,33.86,0.44
2007,88,27.07,32.02,23.45,70.3,0.05,5.98,4.73,35.89,0.44
2007,89,26.5,32.47,22.47,69.52,1.36,6.96,5.47,51.14,0.44
2007,90,26.93,32.47,21.86,66.89,0.85,4.32,3.39,50.43,0.43
2007,91,27.61,32.34,23.59,64.14,0.07,3.06,2.43,80.09,0.43
2007,92,27.93,31.85,24.53,65.09,1.18,3.59,2.83,52.92,0.43
2007,93,28.42,33.38,24.3,65.96,0.65,4.61,3.57,21.52,0.43
2007,94,28.57,34.69,23.5,68.21,0.72,4.18,3.28,9.61,0.43
2007,95,28.21,33.29,24.31,69.88,0.55,4.06,3.21,26.9,0.43
2007,96,26.96,29.47,25.24,81.11,5.76,3.19,2.51,85.86,0.43
2007,97,25.05,26.62,23.71,88.17,22.79,4.09,3.28,99.59,0.45
2007,98,25.11,27.62,23.41,83.89,3.54,5.48,4.36,94.17,0.48
2007,99,25.33,28.06,23.28,80.39,4.8,6.12,4.8,99.32,0.48
2007,100,26.62,31.8,23.18,75.01,6.59,7.53,5.83,69.19,0.48
2007,101,26.39,29.53,24.14,81.45,1.51,5.92,4.62,69.75,0.48
2007,102,26.29,29.96,23.48,74.97,0.44,3.68,2.94,23.14,0.48
2007,103,27.46,32.71,23.19,71.98,0.36,4.58,3.63,20.58,0.47
2007,104,27.75,33.25,23.41,64.27,0.01,4.0,3.14,9.06,0.46
2007,105,26.76,32.62,21.77,69.59,0.0,4.17,3.3,8.9,0.46
2007,106,27.03,32.48,22.68,68.37,0.0,3.2,2.52,11.75,0.46
2007,107,27.29,32.55,23.13,69.52,0.0,3.56,2.82,10.41,0.45
2007,108,27.49,32.51,23.78,67.62,0.0,3.14,2.48,10.96,0.45
2007,109,26.83,32.05,22.61,65.94,0.0,3.75,2.98,9.44,0.44
2007,110,26.19,30.86,22.28,71.03,0.0,3.31,2.63,12.27,0.44
2007,111,26.27,31.33,22.92,75.5,0.58,3.1,2.46,17.61,0.44
2007,112,25.95,30.27,23.35,76.39,0.92,3.07,2.49,11.23,0.44
2007,113,25.67,29.96,22.37,74.75,0.71,3.94,3.17,15.91,0.44
2007,114,24.74,27.94,22.29,79.77,5.19,3.03,2.4,55.96,0.44
2007,115,25.27,29.19,22.69,76.58,3.92,2.48,1.94,51.41,0.45
2007,116,24.51,27.65,22.33,80.32,6.1,2.98,2.35,24.66,0.45
2007,117,24.36,29.22,21.2,72.29,0.01,2.51,1.97,11.95,0.45
2007,118,24.33,29.58,19.6,73.3,0.05,3.9,3.03,16.2,0.45
2007,119,25.17,29.04,22.48,78.38,6.18,3.55,2.79,78.74,0.45
2007,120,23.97,26.73,21.87,76.1,8.72,5.04,4.06,80.33,0.46
2007,121,24.68,28.64,22.13,74.32,0.52,4.13,3.32,26.07,0.47
2007,122,24.9,29.87,21.43,73.13,0.04,7.97,6.23,17.35,0.46
2007,123,26.07,31.5,20.94,69.49,0.84,4.31,3.37,10.46,0.46
2007,124,26.36,31.06,22.96,70.1,4.92,3.89,3.06,21.05,0.46
2007,125,24.62,28.89,21.43,76.77,5.04,6.16,4.88,24.57,0.46
2007,126,25.21,30.59,21.22,69.12,0.14,7.08,5.51,9.28,0.46
2007,127,25.13,30.33,20.31,68.92,0.17,4.46,3.53,9.97,0.46
2007,128,26.17,31.12,21.53,68.65,0.03,4.93,3.82,28.33,0.45
2007,129,25.94,31.25,22.05,69.44,0.15,4.21,3.29,30.1,0.45
2007,130,25.59,29.73,22.59,74.39,0.32,2.66,2.08,12.5,0.45
2007,131,24.76,29.02,21.63,71.02,0.01,6.42,5.08,17.48,0.45
2007,132,23.86,29.89,19.59,68.14,0.0,5.72,4.52,10.6,0.44
2007,133,23.21,29.32,18.41,67.17,0.0,5.51,4.36,11.85,0.44
2007,134,24.09,30.54,18.5,68.87,0.0,3.68,2.86,13.23,0.44
2007,135,24.09,29.63,19.67,71.15,0.0,4.54,3.53,13.08,0.43
2007,136,23.51,28.47,20.16,73.52,0.0,2.56,2.01,15.6,0.43
2007,137,23.32,29.12,18.65,70.74,0.0,3.78,2.99,16.36,0.43
2007,138,23.87,30.17,18.61,66.5,0.3,5.33,4.19,11.69,0.43
2007,139,25.1,31.0,20.28,68.63,0.23,3.45,2.7,13.42,0.43
2007,140,24.77,29.63,21.18,70.69,0.28,4.77,3.72,19.75,0.43
2007,141,24.34,28.68,20.68,74.76,0.01,6.71,5.23,17.14,0.42
2007,142,24.72,29.0,21.43,77.87,3.42,6.58,5.13,45.43,0.42
2007,143,23.19,25.58,20.57,77.42,11.93,4.5,3.55,69.99,0.45
2007,144,21.76,25.23,19.43,70.16,0.13,4.96,3.92,35.73,0.45
2007,145,21.1,25.25,17.57,67.06,0.09,5.95,4.72,50.73,0.44
2007,146,21.28,25.8,17.65,66.54,0.0,7.1,5.6,27.51,0.44
2007,147,21.63,26.93,17.29,69.76,0.0,7.03,5.55,14.8,0.44
2007,148,22.24,27.39,18.26,69.39,0.0,7.04,5.56,44.64,0.43
2007,149,23.15,29.27,18.53,70.47,0.0,5.11,4.04,10.48,0.43
2007,150,23.56,29.26,19.13,68.91,0.0,2.95,2.32,19.89,0.43
2007,151,23.21,27.25,20.57,75.39,0.0,3.12,2.4,19.14,0.43
2007,152,22.67,27.48,18.76,74.78,0.26,5.33,4.15,11.66,0.43
2007,153,22.38,27.4,19.45,68.78,0.17,10.57,8.18,38.85,0.42
2007,154,21.65,25.87,17.86,65.36,0.01,6.59,5.15,61.44,0.42
2007,155,22.64,28.0,18.55,65.54,0.01,4.92,3.82,17.36,0.42
2007,156,22.57,28.46,17.31,68.88,0.0,3.51,2.74,14.2,0.42
2007,157,22.94,28.87,18.14,66.0,0.0,3.09,2.4,15.22,0.42
2007,158,22.61,28.02,18.27,68.06,0.0,3.2,2.46,14.99,0.42
2007,159,22.36,27.47,18.07,71.0,0.05,4.56,3.49,21.75,0.41
2007,160,22.01,25.4,18.89,80.77,0.97,4.02,3.08,45.76,0.41
2007,161,20.37,24.91,16.61,67.49,0.0,3.59,2.81,18.12,0.41
2007,162,20.17,25.3,15.78,66.76,0.0,4.75,3.76,15.92,0.41
2007,163,20.29,25.83,15.71,69.93,0.0,5.69,4.54,16.45,0.41
2007,164,20.8,26.81,16.03,68.83,0.0,5.6,4.45,14.02,0.41
2007,165,21.07,27.04,16.29,69.19,0.0,5.32,4.21,14.67,0.41
2007,166,20.56,25.94,16.24,67.69,0.0,3.47,2.69,18.56,0.41
2007,167,20.72,25.02,18.26,74.52,0.12,4.79,3.78,27.81,0.41
2007,168,21.08,25.29,17.86,68.12,0.27,6.61,5.22,30.6,0.41
2007,169,20.55,26.81,15.3,60.92,0.0,4.95,3.91,16.9,0.4
2007,170,20.64,26.38,15.52,64.86,0.0,5.68,4.49,13.19,0.4
2007,171,20.7,25.82,16.76,71.72,0.18,6.77,5.36,21.56,0.4
2007,172,20.09,25.17,15.96,65.82,0.01,6.88,5.47,15.54,0.4
2007,173,20.08,25.78,15.65,66.42,0.01,7.57,5.97,12.51,0.4
2007,174,19.73,26.21,14.59,60.93,0.0,7.27,5.73,14.45,0.4
2007,175,20.26,27.2,14.37,62.17,0.0,5.96,4.66,13.92,0.4
2007,176,21.25,27.66,15.35,63.18,0.0,4.44,3.52,13.98,0.4
2007,177,21.57,28.04,16.02,62.91,0.0,4.61,3.63,12.16,0.4
2007,178,22.99,28.68,18.8,62.48,0.0,4.29,3.35,39.31,0.4
2007,179,22.66,27.49,18.84,71.6,4.8,4.81,3.72,53.54,0.4
2007,180,21.1,23.51,18.9,72.19,1.34,4.96,3.88,39.3,0.41
2007,181,20.89,24.63,18.33,75.23,0.13,3.28,2.67,24.01,0.41
2007,182,20.5,25.02,17.3,77.88,0.04,3.82,3.02,33.74,0.4
2007,183,19.54,23.41,15.93,73.2,0.63,7.43,5.83,48.0,0.4
2007,184,17.72,22.59,13.87,64.09,0.02,9.13,7.19,30.73,0.4
2007,185,19.14,25.09,14.14,66.47,0.0,8.17,6.44,13.99,0.4
2007,186,20.24,26.99,14.55,62.39,0.0,6.17,4.83,13.52,0.4
2007,187,20.99,27.25,16.17,63.28,0.0,4.43,3.5,55.55,0.4
2007,188,21.28,26.44,17.29,69.24,0.04,2.91,2.25,58.73,0.4
2007,189,21.79,27.89,17.79,68.34,0.0,3.6,2.8,38.24,0.4
2007,190,20.76,24.39,17.63,76.18,0.94,5.32,4.19,41.21,0.4
2007,191,19.28,24.58,15.45,67.04,0.38,7.42,5.88,17.44,0.4
2007,192,20.38,27.68,14.44,59.77,0.0,4.95,3.9,14.92,0.4
2007,193,20.76,27.59,15.72,62.92,0.0,4.58,3.57,14.36,0.4
2007,194,20.4,25.45,16.91,71.12,0.07,4.88,3.91,20.45,0.39
2007,195,19.75,24.09,16.54,66.55,0.11,7.68,6.1,29.88,0.39
2007,196,19.85,26.52,14.57,63.18,0.0,7.48,5.91,13.02,0.39
2007,197,20.86,28.02,14.65,60.34,0.0,5.85,4.55,13.14,0.39
2007,198,20.65,27.16,15.41,65.53,0.0,4.71,3.74,12.73,0.39
2007,199,21.64,27.91,16.44,61.78,0.0,3.11,2.43,13.0,0.39
2007,200,22.14,28.54,17.48,66.45,0.0,4.32,3.38,12.06,0.39
2007,201,21.95,28.65,16.77,64.06,0.0,3.58,2.77,13.69,0.39
2007,202,22.87,29.07,17.54,58.99,0.0,3.82,2.96,23.47,0.39
2007,203,23.09,28.81,18.57,54.21,0.0,6.18,4.84,11.26,0.39
2007,204,22.04,28.23,16.76,57.18,0.0,4.21,3.31,12.38,0.39
2007,205,21.96,28.77,16.47,59.16,0.0,3.9,3.08,15.14,0.39
2007,206,23.02,29.62,17.85,59.63,0.0,3.43,2.6,17.38,0.39
2007,207,22.07,27.7,17.19,60.07,0.0,3.83,3.01,15.57,0.39
2007,208,22.16,28.05,17.3,61.24,0.0,2.99,2.33,17.07,0.39
2007,209,22.94,29.24,18.26,62.58,0.0,4.02,3.09,16.98,0.39
2007,210,22.69,30.72,17.82,63.77,0.0,3.94,3.05,14.62,0.38
2007,211,20.95,24.75,18.06,74.43,0.04,6.07,4.82,34.86,0.38
2007,212,20.34,25.2,16.88,64.41,0.0,7.29,5.81,20.68,0.38
2007,213,21.06,27.8,15.66,61.29,0.0,6.87,5.45,14.7,0.38
2007,214,20.95,27.66,15.32,61.89,0.0,4.13,3.29,13.05,0.38
2007,215,21.24,27.99,16.01,60.16,0.0,3.14,2.4,17.38,0.38
2007,216,20.91,27.27,16.33,59.45,0.0,3.47,2.67,16.65,0.38
2007,217,19.78,24.91,16.14,73.42,0.14,6.98,5.52,29.64,0.38
2007,218,19.53,24.65,15.2,57.99,0.0,8.79,6.94,15.03,0.38
2007,219,20.7,28.13,14.28,59.45,0.04,4.96,3.94,26.35,0.38
2007,220,21.22,26.49,16.46,59.61,0.02,4.02,3.19,76.43,0.38
2007,221,21.51,27.68,16.37,57.6,0.0,4.15,3.29,41.41,0.38
2007,222,22.93,29.24,17.95,57.9,0.0,4.51,3.54,11.4,0.38
2007,223,23.19,29.45,18.36,62.35,0.07,4.7,3.71,18.01,0.38
2007,224,22.75,28.33,18.67,63.83,0.0,4.21,3.36,16.51,0.38
2007,225,21.87,27.55,17.27,62.78,0.0,4.45,3.57,12.1,0.38
2007,226,21.39,26.97,17.32,59.55,0.0,3.53,2.79,15.42,0.38
2007,227,21.06,26.57,16.38,62.0,0.0,3.1,2.39,13.75,0.38
2007,228,22.42,27.76,18.03,67.89,0.03,6.8,5.26,42.15,0.38
2007,229,20.78,24.06,18.35,60.93,0.01,6.49,5.2,34.26,0.38
2007,230,20.59,25.66,16.6,52.86,0.0,7.24,5.76,34.5,0.38
2007,231,21.5,28.29,15.37,60.18,0.0,4.91,3.95,18.75,0.38
2007,232,23.43,28.87,19.78,60.18,0.0,3.58,2.86,35.98,0.38
2007,233,24.04,30.37,19.15,57.68,0.0,3.74,2.93,10.32,0.38
2007,234,23.32,29.75,18.07,57.62,0.0,4.21,3.33,9.63,0.38
2007,235,22.52,28.47,18.03,64.05,0.0,3.46,2.77,12.24,0.38
2007,236,22.16,28.14,17.75,70.2,0.0,3.82,3.01,11.16,0.38
2007,237,22.95,29.37,17.29,59.69,0.0,5.45,4.3,9.81,0.38
2007,238,23.4,29.63,17.81,59.11,0.0,6.69,5.31,10.35,0.37
2007,239,23.34,28.85,18.74,63.6,0.0,4.45,3.56,11.78,0.37
2007,240,22.57,27.16,19.69,72.75,0.0,4.74,3.78,22.06,0.37
2007,241,21.25,24.99,17.79,72.62,8.86,4.16,3.37,25.18,0.39
2007,242,20.26,25.81,15.77,64.68,0.0,5.82,4.7,14.67,0.39
2007,243,22.36,29.66,16.15,61.47,0.0,6.57,5.22,12.92,0.39
2007,244,23.59,30.52,18.34,68.12,0.0,4.38,3.47,10.15,0.38
2007,245,24.09,30.27,19.41,69.86,0.0,3.7,2.92,12.06,0.38
2007,246,24.71,30.75,20.24,59.87,0.0,4.26,3.36,8.6,0.38
2007,247,24.28,30.64,19.61,59.81,0.0,4.29,3.41,9.72,0.38
2007,248,24.07,30.43,19.26,62.34,0.0,3.31,2.61,9.46,0.38
2007,249,24.24,31.3,19.04,56.87,0.0,4.76,3.75,10.55,0.38
2007,250,23.54,30.57,17.15,56.1,0.0,7.04,5.6,12.17,0.38
2007,251,24.21,31.56,17.96,54.5,0.0,6.04,4.73,8.26,0.38
2007,252,23.74,30.19,18.96,63.21,0.0,4.76,3.81,16.29,0.38
2007,253,23.64,29.86,19.62,66.67,0.0,4.06,3.26,11.66,0.37
2007,254,23.89,29.13,20.16,68.83,0.0,3.1,2.53,11.38,0.37
2007,255,24.89,31.24,18.93,52.13,0.0,3.44,2.74,11.8,0.37
2007,256,24.65,31.49,18.5,51.97,0.02,4.54,3.59,8.07,0.37
2007,257,23.97,29.7,18.32,52.77,0.0,5.22,4.19,11.94,0.37
2007,258,24.96,31.87,19.12,61.65,0.01,4.62,3.71,13.19,0.37
2007,259,24.83,30.44,20.8,69.37,0.0,3.7,2.95,12.62,0.37
2007,260,24.59,30.24,19.53,66.66,0.16,6.3,4.99,13.51,0.37
2007,261,24.7,31.0,19.76,59.87,0.11,8.52,6.76,11.82,0.37
2007,262,26.03,32.67,19.33,51.99,0.0,6.81,5.35,7.46,0.37
2007,263,25.62,32.67,20.11,56.28,0.0,4.66,3.7,8.39,0.37
2007,264,25.43,32.13,20.61,61.56,0.0,4.12,3.29,15.17,0.37
2007,265,25.15,32.23,20.09,63.17,0.0,2.97,2.37,10.32,0.37
2007,266,25.27,31.36,20.35,66.42,0.0,2.86,2.32,12.01,0.37
2007,267,25.54,30.68,21.5,69.6,0.0,3.55,2.87,7.36,0.37
2007,268,24.33,29.42,19.7,65.57,0.57,9.11,7.23,24.55,0.37
2007,269,21.75,27.23,18.21,52.13,0.02,10.45,8.3,15.6,0.37
2007,270,23.22,30.92,16.64,48.27,0.0,9.3,7.31,28.19,0.37
2007,271,23.97,31.4,17.7,54.25,0.0,6.04,4.81,41.59,0.37
2007,272,24.49,31.14,19.21,49.59,0.0,5.5,4.4,19.24,0.37
2007,273,23.38,28.92,18.98,56.14,0.0,4.14,3.32,40.91,0.37
2007,274,23.49,29.6,18.35,60.5,0.0,3.8,3.04,12.75,0.37
2007,275,24.39,30.8,19.14,62.64,0.0,3.46,2.81,12.57,0.37
2007,276,25.56,31.81,20.84,61.99,0.0,3.87,3.08,8.65,0.37
2007,277,25.99,32.04,21.42,54.81,0.0,4.24,3.33,8.84,0.37
2007,278,26.0,32.81,20.69,56.05,0.0,4.16,3.3,9.43,0.37
2007,279,26.14,32.18,22.0,63.21,0.0,3.14,2.55,16.48,0.37
2007,280,26.71,32.81,22.41,66.45,0.0,3.63,2.88,8.83,0.37
2007,281,26.02,32.17,22.2,73.44,0.0,3.59,2.9,15.16,0.36
2007,282,26.07,33.02,21.4,70.0,0.0,3.65,2.93,13.65,0.36
2007,283,25.53,31.07,21.73,69.86,0.0,4.59,3.71,18.48,0.36
2007,284,26.1,31.09,21.79,64.55,0.0,6.41,5.18,21.18,0.36
2007,285,27.27,34.08,22.75,56.24,0.0,4.95,3.96,12.71,0.36
2007,286,26.51,31.3,23.66,62.43,0.7,4.34,3.53,24.43,0.36
2007,287,26.26,32.19,22.7,66.22,1.22,3.63,2.97,17.8,0.37
2007,288,27.05,33.19,23.45,60.62,1.89,4.11,3.35,9.87,0.37
2007,289,26.55,31.25,23.0,63.26,3.77,4.14,3.39,16.04,0.37
2007,290,27.45,33.35,23.51,62.01,0.54,3.7,2.99,15.38,0.37
2007,291,26.3,31.02,22.92,63.82,1.62,4.0,3.27,17.48,0.37
2007,292,25.95,30.38,22.81,69.59,0.33,3.47,2.84,15.37,0.37
2007,293,25.26,29.43,22.16,67.86,0.38,5.36,4.37,37.58,0.37
2007,294,24.25,29.33,20.65,61.31,0.15,9.08,7.28,23.59,0.37
2007,295,24.38,30.82,18.41,53.03,0.0,8.99,7.19,9.61,0.37
2007,296,26.27,33.3,20.39,57.28,0.0,5.01,4.01,7.7,0.37
2007,297,26.05,31.51,22.25,65.64,0.42,6.58,5.25,9.91,0.37
2007,298,25.07,28.9,22.4,67.24,0.27,6.08,4.9,26.11,0.37
2007,299,24.35,29.64,19.95,53.96,0.02,10.52,8.33,17.4,0.37
2007,300,24.56,31.35,17.8,49.44,0.0,8.46,6.69,56.73,0.37
2007,301,25.14,30.82,20.33,50.05,0.16,4.82,3.91,25.38,0.37
2007,302,26.11,32.07,20.83,54.97,0.02,4.93,3.99,6.97,0.37
2007,303,25.51,29.92,22.5,65.01,0.01,5.24,4.23,16.57,0.37
2007,304,25.36,30.35,20.73,63.95,0.0,5.12,4.15,12.92,0.37
2007,305,27.48,34.01,21.52,58.84,0.1,6.55,5.24,23.98,0.37
2007,306,27.72,32.7,24.74,61.25,2.39,4.89,3.9,59.54,0.37
2007,307,26.49,30.67,24.1,63.9,1.59,4.94,4.0,56.29,0.37
2007,308,26.17,30.03,23.36,68.02,2.41,3.19,2.63,35.42,0.37
2007,309,26.73,31.5,23.31,68.85,1.04,3.82,3.1,22.52,0.38
2007,310,28.04,33.56,24.35,63.96,0.07,3.79,3.0,13.15,0.37
2007,311,28.17,33.29,24.8,66.65,0.16,3.96,3.14,53.31,0.37
2007,312,27.93,32.27,25.39,72.01,1.34,3.54,2.85,65.08,0.37
2007,313,27.24,30.93,25.14,72.52,0.52,2.79,2.28,86.73,0.37
2007,314,27.77,33.29,25.42,67.88,0.8,5.03,4.02,89.87,0.37
2007,315,26.42,30.27,22.29,65.82,2.87,7.78,6.25,58.17,0.38
2007,316,27.58,34.31,20.53,56.94,0.14,5.82,4.67,56.28,0.37
2007,317,29.38,34.59,25.13,54.33,0.63,4.07,3.2,41.22,0.37
2007,318,29.46,36.15,23.97,52.39,0.59,5.36,4.27,13.46,0.37
2007,319,30.21,37.37,25.0,52.78,0.7,4.06,3.23,44.32,0.37
2007,320,28.46,33.53,25.1,66.81,1.94,3.78,3.08,41.92,0.37
2007,321,26.44,30.35,23.86,69.41,0.1,4.95,4.05,38.77,0.37
2007,322,25.94,29.86,22.91,61.59,1.03,7.94,6.39,19.52,0.37
2007,323,26.93,33.62,21.72,57.56,0.01,5.06,4.09,31.59,0.37
2007,324,27.62,32.27,24.52,62.68,1.44,3.45,2.81,59.45,0.37
2007,325,28.17,33.39,24.12,61.9,2.32,3.73,3.03,13.88,0.37
2007,326,28.67,33.71,24.93,57.22,0.0,3.36,2.72,5.25,0.37
2007,327,28.55,33.99,24.29,58.94,0.0,3.62,2.92,6.22,0.37
2007,328,28.77,34.24,23.69,52.6,0.0,4.49,3.59,5.82,0.37
2007,329,28.13,33.22,24.64,59.15,0.36,5.23,4.23,49.68,0.37
2007,330,27.67,31.98,24.69,68.71,0.37,5.56,4.55,25.11,0.37
2007,331,27.64,32.23,23.69,62.48,0.0,4.83,3.92,7.85,0.37
2007,332,26.56,32.56,21.84,64.23,0.04,7.73,6.13,31.48,0.37
2007,333,28.12,34.15,22.73,56.99,0.06,9.03,7.11,24.32,0.37
2007,334,28.48,32.77,24.73,63.44,0.83,4.68,3.69,10.3,0.37
2007,335,28.23,34.03,25.14,69.25,1.04,4.19,3.36,30.29,0.37
2007,336,28.02,32.85,24.22,65.95,0.1,3.92,3.24,15.59,0.37
2007,337,28.94,34.08,25.33,62.02,0.06,3.48,2.84,9.61,0.37
2007,338,29.08,33.7,25.42,64.6,0.05,4.5,3.68,22.94,0.37
2007,339,29.82,34.84,26.07,58.78,0.02,4.18,3.41,20.95,0.37
2007,340,29.24,33.19,25.55,61.12,0.03,5.38,4.35,23.85,0.37
2007,341,29.83,35.44,24.67,56.51,0.33,6.74,5.42,32.94,0.37
2007,342,30.69,35.18,27.3,52.93,0.88,4.91,3.89,39.1,0.37
2007,343,30.11,33.8,27.02,56.2,1.53,3.65,2.93,53.74,0.37
2007,344,27.92,30.91,25.72,72.64,3.35,3.91,3.2,49.05,0.37
2007,345,28.13,31.96,25.29,70.94,1.07,3.86,3.16,21.06,0.37
2007,346,29.16,34.31,25.39,67.37,0.43,4.61,3.75,26.91,0.37
2007,347,29.91,35.36,26.66,61.23,1.47,4.61,3.7,31.74,0.37
2007,348,29.44,33.49,26.18,64.57,1.87,3.45,2.8,23.12,0.37
2007,349,28.58,32.56,25.59,68.62,1.05,3.98,3.25,12.88,0.37
2007,350,28.04,32.05,25.09,66.77,0.31,4.3,3.53,14.71,0.37
2007,351,28.19,33.62,24.06,61.89,0.25,4.28,3.5,9.29,0.37
2007,352,28.54,33.3,25.32,61.92,0.02,4.41,3.57,12.59,0.37
2007,353,29.42,34.58,24.57,58.63,0.01,5.92,4.73,76.03,0.37
2007,354,30.34,35.49,25.35,54.8,0.89,6.79,5.33,34.48,0.37
2007,355,31.05,35.82,26.46,54.44,1.14,4.42,3.52,20.5,0.37
2007,356,30.35,34.57,27.16,60.92,7.74,4.52,3.62,21.58,0.37
2007,357,28.92,32.93,26.23,71.39,13.85,4.49,3.61,15.58,0.39
2007,358,27.33,30.38,24.14,73.75,5.41,4.99,4.03,27.9,0.4
2007,359,26.07,29.73,23.09,69.36,0.14,4.34,3.51,23.48,0.4
2007,360,26.52,30.23,23.77,69.7,0.54,4.29,3.47,33.85,0.4
2007,361,26.84,31.25,22.66,65.89,0.13,4.08,3.3,35.64,0.39
2007,362,26.9,31.84,23.13,69.87,0.7,3.93,3.17,83.94,0.39
2007,363,28.04,33.2,24.19,71.28,8.05,5.72,4.6,73.8,0.39
2007,364,28.29,32.28,25.16,72.82,11.74,3.93,3.19,60.88,0.4
2007,365,28.32,31.58,25.53,72.12,9.98,3.2,2.51,87.08,0.42
2008,1,28.66,33.44,24.39,66.56,4.32,6.13,4.75,97.44,0.43
2008,2,27.16,32.2,24.75,70.86,13.62,6.5,5.11,99.0,0.43
2008,3,27.0,30.77,24.18,76.87,24.18,9.59,7.41,81.32,0.47
2008,4,27.16,29.7,25.08,80.15,13.29,10.3,7.98,63.91,0.49
2008,5,26.73,29.29,25.11,82.57,24.24,8.44,6.57,73.86,0.51
2008,6,26.27,28.72,23.49,78.01,3.2,6.01,4.76,39.42,0.52
2008,7,24.92,27.98,22.58,68.13,0.04,3.59,2.85,23.04,0.5
2008,8,25.01,29.08,21.67,65.0,0.02,3.42,2.74,23.16,0.49
2008,9,26.88,32.14,22.08,68.48,0.03,6.8,5.4,35.29,0.48
2008,10,27.97,33.16,23.18,65.94,0.17,7.08,5.57,19.82,0.47
2008,11,28.57,34.05,23.73,65.45,0.32,6.55,5.12,15.33,0.46
2008,12,28.99,33.68,24.52,68.45,1.89,4.51,3.56,23.56,0.46
2008,13,27.64,30.23,25.88,83.51,7.98,2.66,2.09,91.54,0.46
2008,14,26.8,28.74,25.24,84.19,10.0,2.55,2.05,43.7,0.48
2008,15,27.7,31.92,24.39,76.15,2.98,3.57,2.89,8.74,0.48
2008,16,27.39,31.31,24.61,75.43,0.39,3.04,2.45,26.68,0.48
2008,17,27.39,32.03,24.36,73.89,1.09,3.55,2.86,42.23,0.47
2008,18,27.18,31.11,24.34,77.32,2.77,4.36,3.53,44.25,0.47
2008,19,27.21,30.51,24.3,76.49,2.45,3.59,2.91,37.58,0.47
2008,20,28.09,31.93,24.71,74.2,1.22,3.62,2.94,19.12,0.46
2008,21,28.22,31.88,25.76,75.78,5.59,4.36,3.53,21.6,0.46
2008,22,28.15,31.31,26.18,78.87,7.35,3.17,2.59,24.9,0.47
2008,23,28.02,30.74,25.94,78.61,16.52,3.57,2.85,52.06,0.48
2008,24,28.29,31.87,25.89,77.04,6.53,3.12,2.52,20.49,0.5
2008,25,28.1,31.66,25.48,77.16,5.94,4.38,3.51,44.58,0.5
2008,26,28.86,33.46,24.68,72.06,0.46,6.22,4.94,13.95,0.49
2008,27,29.95,34.62,25.36,65.05,0.1,3.56,2.85,13.1,0.48
2008,28,29.66,34.74,25.88,66.26,0.14,4.8,3.79,11.76,0.47
2008,29,29.28,33.81,25.83,68.27,0.05,3.23,2.56,9.7,0.47
2008,30,29.8,34.77,25.1,63.53,0.02,4.61,3.67,35.72,0.46
2008,31,29.25,34.78,24.66,62.09,0.91,7.69,5.99,8.77,0.45
2008,32,28.16,33.12,23.71,67.73,0.17,7.37,5.81,12.65,0.45
2008,33,27.77,32.5,23.28,64.77,0.01,6.77,5.38,11.45,0.45
2008,34,28.73,34.63,23.3,62.2,0.23,5.24,4.14,13.37,0.44
2008,35,28.56,33.61,24.61,64.74,0.6,4.3,3.41,81.57,0.44
2008,36,28.85,33.98,24.56,63.54,0.04,4.27,3.39,80.0,0.43
2008,37,29.41,32.97,26.54,65.86,3.26,4.17,3.22,47.79,0.43
2008,38,27.88,31.11,26.03,71.7,5.53,4.13,3.27,91.55,0.44
2008,39,27.71,32.21,24.04,69.46,7.17,4.91,3.91,27.67,0.45
2008,40,26.53,33.04,21.7,61.33,0.06,9.29,7.22,15.22,0.45
2008,41,25.31,31.19,20.39,57.94,0.06,10.35,8.01,14.76,0.44
2008,42,26.29,32.41,20.54,59.21,0.27,7.69,5.91,16.17,0.43
2008,43,26.49,31.99,21.2,60.8,0.02,4.73,3.75,14.15,0.43
2008,44,27.69,33.15,22.88,59.04,0.24,4.04,3.18,11.51,0.42
2008,45,28.45,34.39,23.48,63.04,0.35,3.83,3.04,13.27,0.42
2008,46,29.04,34.31,24.73,66.0,1.2,3.66,2.89,22.36,0.42
2008,47,29.72,35.12,25.64,64.44,0.09,3.68,2.9,20.95,0.42
2008,48,30.69,36.62,25.91,62.46,3.05,5.04,3.8,83.89,0.41
2008,49,28.9,32.98,25.77,65.56,7.02,9.44,7.21,98.66,0.42
2008,50,27.84,32.13,24.92,73.43,13.62,10.51,7.97,65.22,0.43
2008,51,27.42,30.22,25.29,83.56,37.02,9.54,7.25,64.19,0.48
2008,52,26.73,30.16,23.43,82.05,22.83,4.89,3.8,83.91,0.52
2008,53,27.09,30.09,24.87,85.52,14.93,6.01,4.66,80.86,0.54
2008,54,27.0,29.01,25.82,85.47,16.1,8.31,6.39,90.15,0.54
2008,55,26.48,28.49,25.22,82.15,11.63,7.09,5.5,35.07,0.56
2008,56,26.33,28.98,23.67,74.65,0.24,5.74,4.47,28.63,0.55
2008,57,26.01,29.92,22.76,75.7,0.01,3.67,2.92,12.32,0.54
2008,58,26.65,30.85,23.55,74.59,0.66,2.54,2.05,37.37,0.53
2008,59,27.19,30.96,24.56,81.11,1.01,2.97,2.37,50.01,0.52
2008,60,27.89,31.24,25.33,78.43,0.58,2.97,2.36,37.19,0.51
2008,61,28.22,32.49,24.69,73.52,0.4,3.13,2.48,9.61,0.51
2008,62,28.38,33.14,24.55,67.74,1.47,4.2,3.31,27.38,0.5
2008,63,28.22,33.44,23.75,64.31,0.45,5.1,3.9,16.31,0.5
2008,64,27.64,33.12,22.76,66.55,0.76,5.0,3.85,13.92,0.49
2008,65,28.08,33.57,23.04,64.81,0.39,4.44,3.48,19.64,0.49
2008,66,28.42,33.74,23.33,66.18,0.29,4.17,3.22,21.25,0.48
2008,67,28.67,34.19,23.62,64.79,0.21,4.5,3.5,33.48,0.48
2008,68,26.82,30.42,23.49,67.12,0.19,3.84,3.06,94.51,0.47
2008,69,26.46,30.03,24.48,75.07,1.72,2.92,2.36,99.43,0.47
2008,70,25.54,28.25,24.07,81.51,4.63,2.73,2.19,99.6,0.48
2008,71,24.98,27.08,23.72,80.36,5.99,8.37,6.48,99.75,0.48
2008,72,26.45,31.03,23.21,74.89,7.34,7.99,6.19,92.67,0.49
2008,73,25.64,29.14,22.88,81.01,6.77,6.78,5.3,76.78,0.5
2008,74,26.03,28.48,24.13,83.29,3.43,7.04,5.48,97.13,0.5
2008,75,26.98,31.01,23.89,79.5,2.02,6.63,5.19,49.09,0.5
2008,76,26.18,29.11,24.25,84.13,7.16,7.36,5.74,60.7,0.5
2008,77,25.04,29.3,20.94,67.9,0.38,8.66,6.77,60.98,0.5
2008,78,24.42,30.14,19.84,63.96,0.0,8.07,6.32,22.6,0.49
2008,79,26.22,31.58,20.81,64.08,0.03,4.48,3.51,12.61,0.48
2008,80,26.36,31.4,21.81,64.65,0.01,4.39,3.47,8.99,0.48
2008,81,26.61,31.14,22.28,65.59,0.01,5.19,4.09,9.88,0.47
2008,82,27.05,32.46,22.51,68.22,0.22,5.39,4.26,9.81,0.46
2008,83,27.28,32.51,22.58,70.21,0.71,4.91,3.87,10.11,0.46
2008,84,27.67,33.22,23.16,66.56,0.38,4.78,3.74,12.06,0.46
2008,85,26.31,30.72,22.8,71.04,1.24,4.79,3.81,14.84,0.45
2008,86,26.26,31.23,22.61,68.71,0.02,6.86,5.42,18.13,0.45
2008,87,25.59,30.97,21.56,66.17,0.02,6.73,5.33,10.9,0.45
2008,88,25.26,31.08,20.49,65.11,0.0,6.66,5.27,12.24,0.44
2008,89,24.77,30.15,20.7,67.91,0.0,7.1,5.62,12.12,0.44
2008,90,25.1,30.48,20.82,62.5,0.02,7.31,5.75,12.63,0.44
2008,91,25.53,30.71,21.46,62.97,0.2,6.35,5.01,12.51,0.43
2008,92,24.78,29.3,21.89,66.66,0.24,7.98,6.26,31.26,0.43
2008,93,23.64,27.39,21.03,63.77,0.06,5.92,4.7,70.73,0.43
2008,94,23.35,28.07,19.3,67.6,0.19,3.29,2.64,46.97,0.43
2008,95,23.14,26.53,21.13,72.5,0.1,3.3,2.57,27.54,0.43
2008,96,23.56,28.46,19.43,71.21,0.04,4.22,3.38,22.42,0.42
2008,97,24.24,30.54,19.27,72.6,0.0,4.6,3.62,44.46,0.42
2008,98,24.57,28.02,22.18,77.47,0.0,2.73,2.2,56.51,0.42
2008,99,25.56,29.96,21.97,69.36,0.01,5.78,4.54,26.83,0.42
2008,100,25.42,30.19,21.43,69.86,0.09,6.76,5.31,26.25,0.42
2008,101,25.81,30.29,22.45,70.1,0.22,3.78,2.98,26.2,0.41
2008,102,25.57,29.69,22.74,73.44,0.4,2.91,2.26,17.3,0.41
2008,103,25.59,30.79,21.2,68.49,0.14,3.72,2.93,10.72,0.41
2008,104,25.49,30.92,21.15,67.05,0.08,3.97,3.13,12.9,0.41
2008,105,24.85,29.52,21.27,71.61,0.14,3.37,2.64,16.45,0.41
2008,106,24.63,28.78,21.68,77.47,0.34,3.5,2.77,19.18,0.41
2008,107,23.95,27.36,21.91,78.08,0.47,3.85,3.06,33.39,0.41
2008,108,24.05,28.3,21.5,72.37,0.02,3.99,3.18,19.43,0.41
2008,109,24.53,29.02,20.94,69.13,0.0,5.09,4.06,16.33,0.4
2008,110,25.74,32.96,20.48,67.6,0.03,5.42,4.21,11.04,0.4
2008,111,26.01,30.69,22.65,72.75,0.39,4.06,3.18,31.27,0.4
2008,112,26.62,31.98,22.58,70.84,0.09,3.31,2.57,18.21,0.4
2008,113,25.64,30.01,23.07,73.64,0.31,5.89,4.59,85.65,0.4
2008,114,23.95,27.21,21.06,67.17,0.03,5.41,4.31,31.92,0.4
2008,115,23.77,29.15,19.72,57.86,0.0,6.56,5.17,17.53,0.4
2008,116,24.57,30.79,18.26,59.36,0.12,6.39,5.05,19.07,0.4
2008,117,25.41,30.72,21.55,65.27,0.26,4.49,3.54,20.94,0.4
2008,118,24.26,28.36,21.44,75.53,0.02,3.21,2.54,14.35,0.4
2008,119,24.08,29.36,20.65,71.55,0.01,3.43,2.72,13.12,0.4
2008,120,23.51,28.2,19.87,75.22,0.18,3.96,3.13,28.61,0.4
2008,121,23.07,26.82,20.65,71.77,0.02,3.42,2.74,21.21,0.39
2008,122,22.9,28.2,18.9,68.46,0.17,3.97,3.18,13.25,0.39
2008,123,22.67,27.03,19.07,73.02,0.32,5.53,4.4,27.52,0.39
2008,124,22.91,28.11,19.22,66.63,0.66,6.59,5.23,15.85,0.39
2008,125,23.62,29.61,18.43,66.78,0.01,4.38,3.47,39.35,0.39
2008,126,23.99,27.81,20.98,72.37,0.0,3.21,2.52,72.83,0.39
2008,127,24.03,28.59,21.64,73.3,0.21,3.05,2.44,60.91,0.39
2008,128,24.34,28.34,20.96,72.04,0.83,4.14,3.35,38.07,0.39
2008,129,25.14,31.01,20.74,62.85,0.12,3.86,3.04,10.84,0.39
2008,130,25.23,30.07,21.48,67.21,0.47,2.89,2.27,31.49,0.39
2008,131,25.07,30.0,21.84,72.7,5.24,2.24,1.75,33.98,0.4
2008,132,24.22,28.88,21.19,77.86,0.35,3.14,2.46,32.1,0.4
2008,133,23.45,27.38,20.73,76.52,0.27,2.49,2.0,15.36,0.4
2008,134,23.19,27.21,19.93,77.34,0.44,2.91,2.27,23.63,0.4
2008,135,23.89,28.5,20.63,71.6,0.23,5.55,4.37,33.87,0.4
2008,136,23.26,28.73,18.78,63.06,0.0,7.98,6.27,11.45,0.4
2008,137,23.64,29.23,18.93,63.96,0.01,4.52,3.58,25.38,0.39
2008,138,23.85,28.83,19.61,60.84,0.0,4.69,3.68,34.65,0.39
2008,139,22.81,28.35,17.97,65.05,0.07,7.76,6.08,12.92,0.39
2008,140,22.01,27.11,18.24,66.93,0.33,8.51,6.68,25.64,0.39
2008,141,21.52,27.31,17.02,64.28,0.12,7.56,5.96,12.37,0.39
2008,142,21.53,27.48,16.78,60.07,0.06,6.97,5.51,13.21,0.39
2008,143,22.29,28.9,16.69,61.1,0.0,4.58,3.58,17.84,0.39
2008,144,23.28,29.14,17.82,56.68,0.09,5.19,4.02,12.68,0.39
2008,145,23.09,29.15,17.91,62.19,0.92,6.71,5.2,18.23,0.39
2008,146,22.38,28.8,16.43,58.35,0.01,6.76,5.27,11.5,0.39
2008,147,22.68,28.65,17.14,59.46,0.0,6.58,5.13,11.97,0.39
2008,148,22.58,28.8,16.61,61.43,0.06,7.36,5.76,11.35,0.39
2008,149,23.05,29.14,18.05,60.5,0.51,6.97,5.42,16.21,0.39
2008,150,22.98,28.22,18.15,60.24,0.6,4.09,3.25,23.29,0.39
2008,151,23.16,28.24,18.78,59.77,0.0,3.61,2.85,18.26,0.39
2008,152,22.54,28.65,18.51,63.13,0.0,3.74,2.93,16.58,0.39
2008,153,21.32,27.01,16.92,67.2,0.0,4.0,3.16,17.27,0.39
2008,154,20.73,25.16,16.81,76.74,0.08,3.85,3.02,28.05,0.39
2008,155,21.76,25.26,18.81,66.5,0.12,6.19,4.89,28.68,0.39
2008,156,21.46,26.76,16.87,65.28,0.01,4.95,3.91,18.17,0.39
2008,157,21.96,27.71,17.08,63.86,0.0,3.9,3.08,27.85,0.38
2008,158,22.22,27.51,18.09,67.47,1.49,2.83,2.23,73.88,0.38
2008,159,20.98,24.04,18.41,78.51,6.3,1.86,1.4,44.39,0.4
2008,160,21.67,26.64,17.65,75.98,0.46,3.83,3.02,15.9,0.4
2008,161,21.24,25.86,17.76,77.3,0.67,6.84,5.4,30.83,0.4
2008,162,19.67,23.38,17.02,64.75,0.69,8.24,6.49,32.75,0.4
2008,163,19.84,25.61,15.1,62.35,0.06,7.1,5.59,15.29,0.39
2008,164,20.35,26.81,15.13,60.64,0.0,4.44,3.5,16.09,0.39
2008,165,21.43,27.19,16.18,58.44,0.0,4.54,3.57,12.69,0.39
2008,166,22.15,28.18,17.52,59.42,0.0,4.5,3.52,11.68,0.39
2008,167,22.57,28.62,17.84,60.18,0.0,4.48,3.49,11.73,0.39
2008,168,21.68,27.58,17.27,61.75,0.0,4.47,3.49,11.07,0.39
2008,169,21.46,27.13,16.95,64.46,0.0,3.7,2.9,12.87,0.39
2008,170,21.28,27.72,16.37,63.44,0.08,7.43,5.77,13.74,0.39
2008,171,20.29,26.1,16.69,65.23,0.16,9.32,7.28,11.71,0.39
2008,172,20.36,26.73,15.26,61.4,0.0,4.34,3.45,15.34,0.39
2008,173,21.0,26.59,16.36,59.06,0.0,3.19,2.48,15.05,0.38
2008,174,21.5,26.99,17.17,61.51,0.0,3.48,2.71,22.33,0.38
2008,175,21.37,26.68,17.97,64.58,0.0,3.31,2.58,16.1,0.38
2008,176,21.0,26.39,16.68,75.87,0.07,5.18,4.13,16.41,0.38
2008,177,20.71,24.91,18.04,77.14,0.0,5.1,4.08,24.77,0.38
2008,178,19.93,23.71,17.24,74.36,0.0,3.43,2.73,29.84,0.38
2008,179,20.02,24.33,16.48,67.96,0.0,3.96,3.17,27.19,0.38
2008,180,19.45,25.07,14.82,70.0,0.0,5.2,4.17,15.17,0.38
2008,181,20.02,25.76,15.19,73.23,0.0,5.88,4.71,16.47,0.38
2008,182,20.01,24.93,16.11,71.43,0.0,6.26,4.99,16.5,0.38
2008,183,19.95,25.07,16.26,72.69,0.0,5.69,4.54,16.82,0.38
2008,184,20.4,27.14,15.18,64.96,0.0,4.78,3.79,13.8,0.38
2008,185,20.6,26.33,16.57,65.55,0.0,3.72,2.88,13.54,0.38
2008,186,20.32,24.25,17.95,75.09,0.0,2.02,1.63,19.53,0.38
2008,187,20.59,25.5,17.46,74.08,0.0,2.8,2.22,16.23,0.38
2008,188,21.49,27.26,17.55,73.93,0.0,3.41,2.7,18.8,0.38
2008,189,22.08,27.75,18.71,72.92,0.0,3.43,2.7,16.81,0.38
2008,190,22.19,30.08,17.13,61.11,0.0,3.42,2.63,16.56,0.38
2008,191,21.89,28.96,16.85,64.15,0.0,4.22,3.25,18.29,0.38
2008,192,21.92,27.58,17.84,76.74,0.01,3.8,2.95,19.63,0.38
2008,193,21.56,25.56,18.74,77.86,2.53,5.65,4.46,24.65,0.38
2008,194,19.83,24.76,16.48,63.49,0.09,7.97,6.31,18.23,0.38
2008,195,19.64,25.42,14.49,60.82,0.0,6.88,5.47,14.19,0.38
2008,196,20.36,25.56,15.83,65.12,0.0,4.58,3.64,14.48,0.38
2008,197,22.07,28.21,16.92,61.73,0.62,4.31,3.31,13.59,0.38
2008,198,22.1,28.08,17.32,61.07,0.11,4.9,3.79,12.88,0.38
2008,199,21.81,27.03,17.14,61.38,0.61,4.4,3.45,11.36,0.38
2008,200,21.26,26.46,16.84,64.18,0.34,7.4,5.82,11.4,0.38
2008,201,20.79,27.36,14.75,59.54,0.04,6.33,4.96,9.92,0.38
2008,202,21.81,28.7,16.1,63.79,0.2,6.99,5.43,15.1,0.38
2008,203,21.85,26.8,17.66,59.92,1.18,5.97,4.65,22.66,0.38
2008,204,20.99,26.99,15.78,54.7,0.28,5.97,4.69,25.55,0.38
2008,205,21.1,27.58,15.27,61.97,0.46,7.33,5.72,30.52,0.38
2008,206,21.53,27.18,17.1,60.29,0.06,7.0,5.46,42.25,0.38
2008,207,21.72,28.75,15.73,61.14,0.01,6.87,5.34,17.55,0.38
2008,208,22.76,28.56,17.69,59.59,0.02,4.72,3.73,18.22,0.38
2008,209,23.2,28.81,18.39,58.76,0.0,4.43,3.5,18.26,0.38
2008,210,22.94,28.2,19.04,67.11,0.09,3.91,3.09,47.54,0.38
2008,211,21.55,26.68,17.54,73.25,0.5,5.84,4.62,15.34,0.38
2008,212,21.71,27.13,17.56,67.05,0.23,5.74,4.56,12.91,0.38
2008,213,22.76,29.1,17.65,62.32,0.0,3.91,3.08,9.88,0.38
2008,214,22.71,29.04,17.53,59.99,0.0,4.12,3.24,12.13,0.38
2008,215,22.79,28.26,18.27,59.94,0.0,3.88,3.14,17.38,0.38
2008,216,21.63,26.84,17.11,58.76,0.01,6.27,4.97,12.56,0.38
2008,217,21.13,26.42,17.52,68.45,0.1,9.1,7.17,19.93,0.38
2008,218,21.55,27.65,16.44,63.79,0.01,7.39,5.84,10.8,0.37
2008,219,21.82,27.96,16.63,61.68,0.0,6.09,4.87,10.34,0.37
2008,220,21.67,28.78,15.93,63.23,0.0,4.3,3.43,12.37,0.37
2008,221,21.71,27.54,17.27,59.01,0.0,4.52,3.54,14.64,0.37
2008,222,21.16,27.55,15.91,69.54,0.0,5.61,4.51,15.6,0.37
2008,223,21.07,25.62,17.48,69.14,0.0,7.09,5.66,17.67,0.37
2008,224,20.43,25.67,16.85,65.96,0.11,7.66,6.1,27.69,0.37
2008,225,21.61,28.75,15.39,61.52,0.0,5.08,4.01,11.85,0.37
2008,226,23.0,29.27,18.32,65.96,0.1,4.97,3.92,37.84,0.37
2008,227,23.26,28.27,19.7,71.52,0.12,2.86,2.27,49.14,0.37
2008,228,23.71,30.0,18.62,56.22,0.0,3.2,2.47,24.32,0.37
2008,229,23.26,29.62,18.96,62.0,0.0,3.71,2.89,29.06,0.37
2008,230,22.39,27.25,19.05,68.97,0.04,4.22,3.41,15.65,0.37
2008,231,20.72,25.03,16.75,63.69,0.64,9.49,7.52,31.88,0.37
2008,232,20.39,26.75,15.3,57.78,0.01,7.67,6.11,13.11,0.37
2008,233,20.92,27.08,15.59,63.81,0.01,7.37,5.87,11.53,0.37
2008,234,21.94,27.82,17.19,65.12,5.25,8.2,6.47,9.43,0.37
2008,235,22.46,28.7,17.34,60.96,0.01,5.62,4.44,10.85,0.38
2008,236,23.03,28.94,17.84,60.18,0.02,4.39,3.43,9.91,0.38
2008,237,22.81,28.69,17.77,60.9,0.04,4.2,3.37,12.35,0.38
2008,238,22.24,27.78,18.4,67.01,0.0,4.09,3.29,13.51,0.38
2008,239,22.03,28.01,17.57,65.97,0.0,2.9,2.26,12.58,0.38
2008,240,22.32,28.65,17.33,58.49,0.0,3.8,2.98,12.27,0.37
2008,241,23.24,30.29,17.07,57.9,0.0,4.24,3.34,12.24,0.37
2008,242,24.44,31.9,19.55,60.43,0.0,3.49,2.72,14.25,0.37
2008,243,24.17,30.9,19.61,68.48,0.0,2.76,2.1,18.62,0.37
2008,244,24.4,30.85,19.54,67.57,0.0,6.31,4.98,12.1,0.37
2008,245,23.74,30.16,19.74,68.69,0.13,7.69,6.05,27.5,0.37
2008,246,22.92,29.35,17.68,50.41,0.0,8.21,6.51,11.8,0.37
2008,247,23.35,29.45,18.74,61.91,0.0,4.86,3.89,14.46,0.37
2008,248,22.69,28.43,17.8,62.47,0.0,5.61,4.49,15.67,0.37
2008,249,23.29,30.92,17.91,63.46,0.0,4.39,3.52,12.02,0.37
2008,250,21.95,26.32,18.84,72.89,0.0,4.54,3.67,30.64,0.37
2008,251,21.26,25.97,18.19,63.16,0.0,4.86,3.99,21.03,0.37
2008,252,21.64,28.54,16.32,63.29,0.0,4.33,3.5,14.94,0.37
2008,253,23.3,30.28,17.72,62.76,0.0,4.01,3.18,13.92,0.37
2008,254,23.42,29.82,18.39,66.01,0.0,3.23,2.57,13.15,0.37
2008,255,22.78,28.87,18.34,63.61,0.0,4.47,3.64,15.23,0.37
2008,256,21.83,26.34,17.82,73.06,0.04,5.89,4.73,30.46,0.37
2008,257,21.55,25.78,18.16,65.53,2.23,12.13,9.52,37.08,0.37
2008,258,21.84,28.25,16.84,54.79,0.09,10.29,8.1,12.14,0.37
2008,259,23.45,31.95,15.93,51.27,0.01,5.41,4.27,11.54,0.37
2008,260,23.75,30.26,17.99,54.8,0.0,4.6,3.67,11.36,0.37
2008,261,23.53,28.64,19.58,62.92,0.0,3.95,3.13,10.46,0.37
2008,262,23.6,30.35,17.55,59.51,0.02,5.8,4.64,11.89,0.37
2008,263,25.11,32.67,19.93,58.24,0.0,4.32,3.4,8.5,0.37
2008,264,25.38,33.5,19.51,55.74,0.0,3.32,2.57,39.95,0.37
2008,265,25.38,31.87,21.48,61.37,0.01,4.71,3.69,19.75,0.37
2008,266,22.04,25.29,19.85,76.87,7.25,4.2,3.45,58.41,0.38
2008,267,20.88,24.65,17.8,65.48,0.0,3.82,3.11,22.75,0.38
2008,268,22.31,29.96,15.89,61.74,0.0,4.56,3.63,14.49,0.38
2008,269,24.58,32.41,18.74,61.43,0.0,3.95,3.13,16.06,0.38
2008,270,25.96,33.12,20.65,60.74,0.0,2.9,2.21,14.78,0.37
2008,271,25.67,32.14,21.49,69.11,0.0,4.08,3.21,16.74,0.37
2008,272,26.3,32.11,21.68,64.95,0.0,5.27,4.18,38.69,0.37
2008,273,26.48,31.79,21.59,61.83,0.01,5.7,4.59,25.35,0.37
2008,274,26.9,32.97,22.43,54.84,0.0,4.21,3.32,10.81,0.37
2008,275,26.45,32.61,22.28,54.66,0.0,4.02,3.14,9.74,0.37
2008,276,26.23,33.0,20.71,53.06,0.0,3.92,3.09,13.1,0.37
2008,277,26.9,33.68,21.52,56.27,0.0,4.08,3.23,14.27,0.37
2008,278,27.05,34.58,22.26,61.96,0.0,3.78,2.99,15.91,0.37
2008,279,25.79,31.81,22.1,70.83,0.04,4.7,3.77,29.95,0.37
2008,280,25.27,31.06,20.94,68.2,2.88,10.71,8.45,39.58,0.37
2008,281,25.53,31.62,20.23,61.14,0.16,8.34,6.63,23.06,0.37
2008,282,25.7,31.56,21.27,64.62,0.01,6.2,4.99,15.14,0.37
2008,283,26.46,32.34,22.53,69.92,0.0,4.4,3.55,16.09,0.37
2008,284,26.9,33.03,22.95,59.27,0.0,5.18,4.11,13.04,0.37
2008,285,25.76,30.49,21.93,66.86,0.0,7.09,5.68,64.6,0.37
2008,286,27.17,33.39,22.47,64.45,0.0,6.16,4.95,34.61,0.37
2008,287,27.63,34.65,23.64,67.09,0.0,4.8,3.82,20.3,0.37
2008,288,27.45,33.62,22.95,70.1,0.0,3.21,2.59,32.81,0.37
2008,289,28.78,34.36,23.97,57.55,0.0,5.99,4.8,27.18,0.37
2008,290,28.33,34.51,22.76,56.08,0.0,6.92,5.53,6.89,0.37
2008,291,27.8,33.82,23.46,55.62,0.0,4.15,3.33,12.62,0.37
2008,292,26.19,31.57,22.46,67.41,0.0,4.21,3.48,12.18,0.36
2008,293,26.14,31.37,21.8,66.39,0.16,5.88,4.78,8.74,0.36
2008,294,27.24,34.17,22.16,63.9,0.22,4.34,3.54,16.61,0.36
2008,295,28.14,34.1,24.66,54.95,0.36,4.92,3.88,58.63,0.36
2008,296,27.96,34.32,23.7,54.31,0.02,4.63,3.67,51.66,0.36
2008,297,27.42,32.71,23.27,60.43,0.28,4.66,3.72,12.72,0.36
2008,298,27.89,34.68,21.99,58.41,0.0,6.27,5.05,12.5,0.36
2008,299,26.45,31.6,22.12,67.31,2.94,8.74,6.99,19.32,0.37
2008,300,25.4,31.32,20.91,60.0,0.2,9.66,7.68,15.51,0.37
2008,301,26.2,31.99,21.63,58.06,3.25,5.34,4.31,9.94,0.37
2008,302,25.73,30.12,22.75,69.55,1.34,4.47,3.62,19.24,0.37
2008,303,26.36,31.66,22.24,64.34,1.68,6.04,4.88,13.13,0.37
2008,304,27.47,33.66,22.18,65.76,12.42,4.52,3.55,13.16,0.38
2008,305,26.41,30.87,23.81,75.71,12.38,4.45,3.56,28.19,0.4
2008,306,26.51,31.38,23.25,74.69,4.88,3.49,2.81,11.52,0.41
2008,307,27.61,33.93,22.98,69.29,4.81,3.73,3.0,8.95,0.41
2008,308,28.68,34.99,23.97,64.42,1.61,3.35,2.64,17.48,0.41
2008,309,28.49,32.93,25.09,66.14,7.88,4.11,3.26,23.27,0.41
2008,310,27.29,32.62,22.96,67.83,4.79,7.02,5.62,16.41,0.42
2008,311,25.95,31.52,21.39,65.82,0.28,8.49,6.76,26.97,0.41
2008,312,26.12,32.25,20.62,61.75,0.06,7.51,5.94,8.58,0.41
2008,313,26.78,32.85,21.44,59.08,0.0,6.34,5.04,19.27,0.4
2008,314,26.41,32.27,21.66,57.76,0.0,6.89,5.51,9.08,0.4
2008,315,26.74,32.8,21.21,59.35,0.05,5.67,4.56,14.03,0.4
2008,316,26.52,31.46,21.99,62.43,0.0,4.03,3.32,9.89,0.39
2008,317,26.87,31.85,22.76,65.66,0.01,4.27,3.5,15.55,0.39
2008,318,27.34,32.54,24.0,69.99,0.02,4.27,3.48,19.09,0.39
2008,319,27.22,31.64,24.02,69.85,0.01,4.4,3.59,27.47,0.39
2008,320,27.44,31.92,24.49,69.0,0.2,3.46,2.8,46.78,0.39
2008,321,27.19,31.34,23.87,71.29,0.55,4.3,3.5,53.82,0.39
2008,322,25.59,29.86,22.56,65.79,0.24,5.19,4.27,13.05,0.39
2008,323,25.76,31.12,21.08,63.25,0.06,7.5,6.04,20.28,0.39
2008,324,26.51,32.7,21.39,56.37,0.07,9.4,7.46,20.84,0.39
2008,325,27.32,33.76,21.63,51.44,0.0,7.33,5.85,12.81,0.39
2008,326,28.11,34.21,22.83,53.23,0.25,7.71,6.1,26.69,0.38
2008,327,27.8,34.07,23.15,58.42,0.55,5.2,4.14,59.93,0.38
2008,328,26.72,30.44,24.78,75.77,14.3,4.04,3.28,48.38,0.39
2008,329,26.6,30.78,23.61,77.33,17.37,4.27,3.45,71.49,0.42
2008,330,25.94,29.02,24.01,78.78,8.84,3.2,2.62,73.3,0.44
2008,331,26.76,30.42,23.63,74.82,9.7,5.27,4.23,59.27,0.45
2008,332,26.68,31.92,22.29,67.16,0.03,7.38,5.88,14.47,0.45
2008,333,27.04,32.98,21.74,64.0,0.0,5.0,4.0,7.52,0.44
2008,334,28.02,33.95,23.01,62.96,0.01,4.22,3.34,9.66,0.43
2008,335,28.22,33.73,23.99,67.14,0.06,3.64,2.9,10.27,0.43
2008,336,28.25,33.27,24.1,62.54,0.0,5.15,4.1,9.61,0.42
2008,337,28.45,34.15,22.84,61.27,0.1,4.49,3.58,6.92,0.42
2008,338,28.76,34.0,24.13,57.96,0.36,4.76,3.79,6.95,0.41
2008,339,27.98,32.93,23.61,62.05,0.03,3.8,3.08,15.56,0.41
2008,340,27.66,32.78,23.96,67.15,0.0,3.79,3.07,24.27,0.41
2008,341,27.43,31.87,23.68,65.82,0.61,5.34,4.29,15.65,0.4
2008,342,28.0,33.66,23.79,61.86,2.14,7.99,6.33,14.09,0.4
2008,343,27.52,33.67,22.03,58.66,1.27,7.34,5.85,7.98,0.4
2008,344,26.92,32.77,22.0,59.64,0.0,6.81,5.48,7.21,0.4
2008,345,27.35,32.77,22.39,58.52,0.0,6.59,5.29,9.87,0.4
2008,346,27.85,33.27,22.81,59.89,0.98,5.22,4.21,11.5,0.4
2008,347,27.59,31.77,24.23,63.74,0.26,4.57,3.69,17.27,0.4
2008,348,28.52,33.34,24.09,65.7,0.94,4.59,3.73,18.57,0.4
2008,349,28.35,33.04,25.25,69.5,6.1,3.43,2.8,20.8,0.4
2008,350,28.12,31.88,25.42,68.33,7.15,3.39,2.71,15.56,0.41
2008,351,28.46,32.7,23.64,65.51,3.47,4.98,4.03,30.37,0.42
2008,352,27.69,30.15,24.64,72.16,17.21,4.28,3.37,85.85,0.43
2008,353,26.54,29.42,24.22,76.7,7.18,2.61,2.13,94.35,0.45
2008,354,26.94,31.58,23.45,72.5,2.68,3.34,2.71,72.91,0.45
2008,355,27.21,32.25,23.95,67.09,0.04,3.66,3.0,68.36,0.44
2008,356,27.48,31.92,23.98,64.62,0.1,3.6,2.92,22.53,0.44
2008,357,28.25,32.74,24.61,67.9,0.72,3.26,2.66,17.39,0.43
2008,358,28.79,33.45,25.13,64.61,0.34,3.1,2.52,29.33,0.43
2008,359,29.24,33.88,25.66,65.6,0.36,3.36,2.72,18.65,0.42
2008,360,29.54,34.58,25.63,63.5,0.17,4.58,3.68,24.33,0.42
2008,361,29.23,33.76,25.63,67.82,1.78,5.89,4.71,25.37,0.42
2008,362,29.56,35.42,24.63,63.58,0.75,6.52,5.18,17.19,0.41
2008,363,29.96,34.78,25.8,65.46,1.09,4.53,3.59,40.16,0.41
2008,364,30.01,34.68,27.35,67.6,1.44,4.08,3.25,49.8,0.41
2008,365,30.17,34.54,27.35,67.63,0.73,3.11,2.49,42.54,0.41
2008,366,29.46,33.15,27.37,66.62,0.66,2.81,2.28,39.16,0.41
2009,1,28.99,32.22,26.68,66.87,0.45,3.52,2.84,77.44,0.41
2009,2,28.62,31.51,25.7,63.9,0.72,5.83,4.68,79.68,0.41
2009,3,29.35,33.64,24.99,63.07,1.66,4.28,3.38,48.64,0.41
2009,4,27.45,29.62,25.56,75.66,8.03,3.84,3.13,98.49,0.41
2009,5,26.74,28.87,24.96,82.27,13.43,4.36,3.55,72.34,0.43
2009,6,28.17,31.42,24.93,74.56,1.68,3.38,2.75,17.0,0.44
2009,7,29.96,34.97,25.94,65.25,1.07,3.89,3.13,32.54,0.43
2009,8,30.4,36.26,25.02,61.76,0.75,5.74,4.53,26.93,0.43
2009,9,30.37,36.31,24.59,60.54,0.02,4.98,3.92,8.88,0.42
2009,10,29.89,35.56,25.2,60.4,0.28,5.06,4.02,16.81,0.42
2009,11,30.04,34.62,26.06,62.61,0.55,3.67,2.97,22.17,0.41
2009,12,29.58,34.2,25.73,60.79,0.19,3.98,3.23,23.25,0.41
2009,13,29.29,33.52,25.76,62.66,1.27,3.93,3.19,40.57,0.41
2009,14,29.3,33.53,25.82,62.17,1.08,3.72,3.02,50.71,0.41
2009,15,29.33,32.92,26.44,63.5,3.25,3.49,2.85,53.7,0.41
2009,16,29.63,34.35,26.78,66.33,3.04,3.4,2.69,52.9,0.41
2009,17,28.12,29.79,26.81,77.79,5.49,5.24,4.15,71.96,0.42
2009,18,27.22,29.29,26.18,85.63,7.78,4.3,3.39,97.82,0.43
2009,19,27.17,29.49,25.51,83.88,11.26,4.58,3.64,98.27,0.44
2009,20,26.49,29.44,23.92,79.69,36.49,9.47,7.35,98.99,0.49
2009,21,25.26,28.3,22.87,80.03,14.26,9.64,7.49,98.2,0.52
2009,22,26.18,30.47,22.53,75.81,2.8,6.58,5.25,34.92,0.51
2009,23,26.44,31.09,22.32,74.05,0.41,4.36,3.52,8.81,0.5
2009,24,27.28,31.82,23.45,71.39,0.72,3.25,2.63,12.85,0.49
2009,25,28.53,33.02,24.25,71.62,2.69,4.35,3.51,51.52,0.48
2009,26,29.27,34.28,24.62,71.51,1.76,5.24,4.19,13.89,0.48
2009,27,29.86,34.71,25.59,69.49,1.59,3.95,3.17,15.64,0.47
2009,28,30.17,35.05,25.83,65.45,0.94,3.78,3.04,8.75,0.47
2009,29,29.85,35.7,25.35,66.71,0.83,3.97,3.2,18.67,0.46
2009,30,28.85,33.0,26.03,72.33,1.01,3.45,2.81,30.4,0.46
2009,31,28.05,32.1,25.3,69.21,0.08,3.43,2.78,36.92,0.45
2009,32,28.12,32.63,24.63,71.87,5.9,3.42,2.75,27.6,0.45
2009,33,28.88,34.17,24.3,66.17,0.43,5.38,4.31,12.64,0.45
2009,34,27.98,33.39,22.91,69.16,4.26,4.16,3.34,22.49,0.45
2009,35,28.54,31.95,25.65,71.88,0.4,4.63,3.72,49.09,0.45
2009,36,29.1,34.13,24.78,68.57,6.16,6.59,5.14,26.76,0.45
2009,37,27.98,34.05,22.5,67.03,1.33,8.56,6.64,16.07,0.45
2009,38,27.95,32.69,24.38,70.97,3.06,8.82,6.83,22.35,0.45
2009,39,27.59,32.88,22.89,70.84,1.95,7.62,5.99,18.65,0.45
2009,40,27.85,32.58,23.75,67.93,1.03,6.3,5.02,13.17,0.44
2009,41,28.28,33.21,22.88,67.46,0.52,4.46,3.56,16.16,0.44
2009,42,29.24,34.49,24.44,62.02,0.07,4.56,3.6,19.67,0.43
2009,43,28.93,33.46,24.94,65.01,0.26,5.31,4.12,27.85,0.43
2009,44,28.76,34.32,24.28,64.79,0.17,4.38,3.46,32.05,0.43
2009,45,28.95,34.15,24.87,66.24,0.15,4.43,3.52,32.51,0.42
2009,46,29.45,34.22,25.72,66.51,0.09,2.82,2.29,17.01,0.42
2009,47,30.57,37.14,25.5,60.65,0.01,3.85,3.03,9.16,0.42
2009,48,30.43,35.83,26.28,62.15,0.04,3.77,3.0,18.34,0.41
2009,49,30.68,35.34,26.64,62.62,0.01,3.77,3.05,12.87,0.41
2009,50,31.49,36.69,26.9,52.65,0.0,4.17,3.33,13.81,0.41
2009,51,30.9,36.83,25.89,54.53,0.08,3.82,3.06,13.34,0.41
2009,52,31.09,37.26,26.81,57.47,0.13,5.04,3.99,35.1,0.4
2009,53,30.54,35.64,26.95,59.03,0.13,4.94,3.97,33.7,0.4
2009,54,30.83,35.3,26.76,56.76,0.52,4.61,3.67,34.69,0.4
2009,55,30.99,36.69,25.59,54.73,0.01,4.71,3.78,14.78,0.4
2009,56,30.6,35.66,26.93,58.5,1.55,4.24,3.4,26.2,0.4
2009,57,29.62,34.34,26.69,66.8,2.94,3.78,3.07,50.87,0.4
2009,58,29.51,33.42,27.1,62.85,2.74,2.76,2.23,15.62,0.41
2009,59,28.81,32.26,26.19,67.34,2.4,3.5,2.78,20.39,0.41
2009,60,28.75,33.2,25.27,66.7,1.98,3.12,2.52,21.5,0.41
2009,61,29.14,33.42,25.84,63.96,1.73,3.13,2.53,76.03,0.41
2009,62,27.29,30.25,25.27,74.77,6.81,4.42,3.57,98.84,0.41
2009,63,26.27,29.72,23.69,78.72,9.14,6.3,4.96,70.57,0.43
2009,64,27.86,31.77,25.5,77.8,4.48,7.35,5.75,51.06,0.43
2009,65,27.77,31.84,25.12,79.02,5.8,6.99,5.47,42.59,0.43
2009,66,27.8,31.44,25.17,73.59,1.95,4.02,3.24,43.64,0.44
2009,67,27.56,32.46,24.22,72.97,1.95,6.01,4.8,21.7,0.43
2009,68,27.18,31.7,24.29,75.23,1.61,6.68,5.31,50.36,0.43
2009,69,26.4,30.87,23.73,71.54,0.02,6.46,5.16,40.73,0.43
2009,70,26.33,31.03,22.72,70.22,0.15,6.01,4.81,49.71,0.42
2009,71,27.41,33.05,22.74,67.69,0.09,7.42,5.86,12.55,0.42
2009,72,28.44,34.41,24.14,66.13,0.13,4.18,3.3,20.14,0.42
2009,73,28.69,33.81,25.1,67.58,0.34,3.86,3.07,20.03,0.41
2009,74,29.39,33.8,25.32,62.34,0.19,3.18,2.5,12.66,0.41
2009,75,28.87,34.38,24.81,62.27,0.03,3.72,2.97,21.8,0.41
2009,76,28.54,33.04,25.49,70.39,2.78,3.72,2.98,48.48,0.41
2009,77,28.57,33.51,25.47,69.36,1.11,3.61,2.9,49.58,0.41
2009,78,28.77,34.44,24.87,71.42,0.65,4.2,3.37,62.56,0.41
2009,79,27.82,30.76,26.06,78.47,5.77,4.39,3.48,96.7,0.41
2009,80,26.37,28.9,24.42,82.06,15.58,3.74,2.98,94.55,0.42
2009,81,26.31,30.26,24.37,81.22,9.0,7.29,5.74,99.31,0.45
2009,82,25.84,29.02,24.15,84.21,14.01,3.71,2.99,99.18,0.47
2009,83,26.89,30.26,24.49,83.76,14.11,4.11,3.24,99.12,0.48
2009,84,28.01,31.59,25.1,78.57,2.88,2.8,2.14,99.16,0.49
2009,85,28.16,32.02,24.61,74.96,14.84,2.95,2.35,99.43,0.49
2009,86,27.56,31.35,24.7,78.5,1.33,3.11,2.45,97.84,0.5
2009,87,27.95,32.0,24.99,74.9,0.77,3.27,2.58,40.89,0.49
2009,88,28.67,33.63,25.03,65.24,0.07,3.05,2.39,27.26,0.48
2009,89,28.64,33.76,23.95,68.07,0.42,4.71,3.64,11.92,0.48
2009,90,28.4,33.76,24.53,71.29,0.15,4.29,3.39,15.93,0.47
2009,91,28.51,32.89,25.06,68.67,0.04,3.34,2.65,17.62,0.47
2009,92,28.11,32.53,24.87,69.14,0.09,4.25,3.38,17.49,0.46
2009,93,26.89,32.11,22.69,68.5,0.0,7.97,6.25,14.71,0.46
2009,94,25.85,31.81,21.06,65.05,0.0,8.24,6.43,10.36,0.45
2009,95,26.42,32.01,21.3,69.84,0.11,5.09,4.02,34.67,0.45
2009,96,28.09,33.51,23.95,67.38,0.76,3.87,3.06,19.72,0.45
2009,97,27.57,32.65,23.74,70.85,1.25,7.46,5.77,54.13,0.45
2009,98,26.87,31.72,23.85,72.84,0.89,10.23,7.85,54.74,0.44
2009,99,26.72,30.82,23.6,74.21,2.15,7.37,5.74,9.53,0.44
2009,100,26.26,31.28,23.02,74.82,0.99,6.79,5.36,12.33,0.44
2009,101,24.45,28.55,20.24,70.1,0.06,7.49,5.9,22.98,0.44
2009,102,22.45,28.02,18.06,62.93,0.0,6.22,4.95,15.38,0.44
2009,103,22.35,26.76,17.59,72.21,0.17,5.15,4.12,31.51,0.44
2009,104,22.15,26.87,18.31,61.28,0.01,7.13,5.64,34.86,0.43
2009,105,23.07,29.13,17.97,66.2,0.01,7.81,6.12,15.09,0.43
2009,106,25.06,30.83,19.05,66.36,0.02,4.23,3.27,13.1,0.43
2009,107,26.1,31.68,20.83,65.2,0.02,5.01,3.86,10.23,0.42
2009,108,25.74,31.6,20.97,64.43,0.0,3.9,3.07,11.05,0.42
2009,109,26.16,32.16,22.02,70.52,0.03,3.31,2.54,11.24,0.42
2009,110,26.29,32.12,22.08,69.58,0.06,2.76,2.11,11.36,0.42
2009,111,23.97,27.85,20.69,78.39,4.45,5.25,4.13,33.75,0.42
2009,112,21.45,25.73,17.81,61.96,0.22,9.16,7.16,30.2,0.42
2009,113,21.47,28.08,15.64,61.81,0.0,7.42,5.82,15.63,0.42
2009,114,23.12,29.54,17.58,63.03,0.0,4.72,3.71,11.81,0.41
2009,115,23.58,30.2,18.42,61.9,0.0,4.23,3.31,15.04,0.41
2009,116,23.84,29.76,19.48,60.96,0.0,3.44,2.68,55.98,0.41
2009,117,24.03,29.16,20.06,66.48,0.0,3.44,2.66,79.54,0.41
2009,118,24.58,29.63,20.54,68.92,0.0,2.71,2.09,61.19,0.41
2009,119,24.47,29.17,21.62,72.97,0.0,3.0,2.44,18.56,0.41
2009,120,24.72,31.14,20.04,70.7,0.0,3.72,2.97,11.72,0.4
2009,121,24.78,30.11,21.11,72.2,0.0,3.53,2.77,9.52,0.4
2009,122,25.34,31.09,20.46,72.3,0.04,3.34,2.6,11.89,0.4
2009,123,26.4,31.84,21.54,67.79,0.03,3.91,3.1,22.28,0.4
2009,124,26.08,29.61,23.27,69.26,0.26,4.0,3.18,76.12,0.4
2009,125,25.82,31.18,22.82,70.42,0.26,3.69,2.93,98.63,0.4
2009,126,24.37,28.11,21.97,76.77,0.65,3.0,2.36,35.38,0.4
2009,127,23.89,27.15,21.9,79.69,0.59,3.93,3.14,36.37,0.4
2009,128,23.98,27.53,21.82,76.14,0.17,3.52,2.8,26.94,0.4
2009,129,23.79,27.18,21.27,71.22,0.06,3.15,2.56,63.81,0.4
2009,130,23.19,26.25,21.33,73.08,0.08,4.11,3.28,54.99,0.4
2009,131,23.15,26.46,20.87,71.72,0.69,3.99,3.16,30.57,0.4
2009,132,22.68,27.39,19.3,70.35,0.84,6.81,5.39,31.81,0.4
2009,133,22.11,28.19,17.75,65.0,0.02,9.12,7.13,13.29,0.4
2009,134,23.11,29.31,17.67,61.66,0.0,7.63,5.97,12.19,0.4
2009,135,23.84,30.0,18.63,61.02,0.01,4.47,3.54,12.28,0.4
2009,136,24.51,30.21,20.01,58.59,0.0,3.72,2.92,16.17,0.4
2009,137,24.3,29.54,20.37,66.06,0.0,4.54,3.55,44.31,0.4
2009,138,24.06,28.33,21.18,73.77,0.01,3.67,2.84,18.34,0.39
2009,139,24.19,28.88,21.05,71.96,0.02,4.18,3.34,25.93,0.39
2009,140,23.62,28.81,19.58,67.91,0.0,7.39,5.84,12.18,0.39
2009,141,23.6,28.8,19.72,67.35,0.48,9.02,7.01,12.26,0.39
2009,142,24.27,30.76,18.72,59.46,0.01,5.05,3.91,8.27,0.39
2009,143,23.98,30.08,19.56,68.1,0.02,4.69,3.71,13.31,0.39
2009,144,24.04,28.55,20.4,73.21,3.53,2.87,2.3,17.96,0.4
2009,145,23.53,28.27,20.03,77.01,1.57,3.85,3.09,50.76,0.4
2009,146,22.61,26.03,20.53,80.58,1.14,4.0,3.21,37.31,0.4
2009,147,22.05,25.38,19.75,75.7,0.01,4.03,3.24,24.94,0.4
2009,148,21.84,24.9,19.68,71.1,0.02,3.81,2.97,28.35,0.4
2009,149,21.37,25.56,18.33,67.87,0.0,2.42,1.92,21.92,0.4
2009,150,21.01,25.76,17.17,68.03,0.0,2.33,1.83,22.31,0.4
2009,151,21.54,27.11,16.78,67.28,0.0,2.32,1.79,26.52,0.4
2009,152,22.39,28.34,17.75,69.93,0.0,2.78,2.16,26.26,0.39
2009,153,22.78,26.75,19.87,79.73,0.0,3.25,2.55,25.53,0.39
2009,154,22.38,27.89,17.94,68.21,0.0,4.73,3.7,14.72,0.39
2009,155,22.98,29.07,18.09,70.11,0.0,4.44,3.55,12.66,0.39
2009,156,23.34,29.6,18.96,68.12,0.0,3.12,2.42,12.97,0.39
2009,157,23.78,30.67,18.52,65.67,0.0,2.35,1.79,13.23,0.39
2009,158,23.0,28.58,19.6,77.05,0.0,3.56,2.76,21.61,0.39
2009,159,22.92,28.18,18.98,74.96,0.0,3.92,3.1,14.09,0.39
2009,160,23.76,29.52,19.55,71.79,0.12,7.39,5.77,13.88,0.39
2009,161,23.61,28.65,19.38,66.75,0.02,7.23,5.64,12.2,0.39
2009,162,22.99,29.33,18.11,68.03,0.0,4.71,3.72,19.35,0.39
2009,163,23.0,28.7,19.53,72.06,0.04,3.43,2.64,24.4,0.39
2009,164,22.21,27.23,18.47,73.64,0.02,3.89,3.1,13.04,0.39
2009,165,22.82,29.38,17.54,67.13,0.0,4.91,3.91,12.11,0.39
2009,166,22.92,28.65,18.79,69.72,0.12,3.7,2.94,13.32,0.39
2009,167,22.87,28.88,18.46,71.69,0.0,3.41,2.71,28.61,0.39
2009,168,24.15,29.36,19.29,58.63,0.0,3.07,2.39,45.45,0.39
2009,169,23.63,29.24,19.18,54.24,0.0,4.21,3.33,10.92,0.39
2009,170,23.85,29.01,19.37,62.18,0.04,3.41,2.7,26.86,0.38
2009,171,23.98,29.15,19.86,63.05,0.0,3.8,3.03,27.2,0.38
2009,172,23.79,28.56,20.24,64.22,0.0,2.54,2.0,38.24,0.38
2009,173,23.32,28.11,19.73,66.72,0.0,2.19,1.78,18.01,0.38
2009,174,23.11,28.35,18.93,67.35,0.0,2.41,1.91,13.92,0.38
2009,175,23.09,28.58,18.89,68.29,0.0,3.91,3.05,23.4,0.38
2009,176,23.2,29.1,18.65,69.66,0.0,3.34,2.58,14.25,0.38
2009,177,22.75,27.19,20.01,78.62,1.21,7.29,5.69,34.0,0.38
2009,178,20.26,22.75,18.59,64.52,0.11,5.44,4.34,40.47,0.38
2009,179,20.03,23.76,17.28,65.83,0.08,3.5,2.78,35.92,0.38
2009,180,19.34,21.06,17.72,67.72,1.64,8.11,6.33,53.16,0.39
2009,181,18.76,21.93,15.92,58.72,1.03,8.0,6.34,51.35,0.39
2009,182,18.95,24.39,14.85,61.24,0.2,8.17,6.44,16.42,0.39
2009,183,20.24,26.77,14.36,62.36,0.04,6.96,5.47,19.1,0.39
2009,184,21.68,27.36,16.01,63.26,0.03,5.64,4.45,20.53,0.39
2009,185,21.77,27.31,16.65,63.07,0.03,6.52,5.16,14.18,0.39
2009,186,21.44,27.07,16.22,61.85,0.01,7.28,5.74,25.17,0.38
2009,187,22.28,27.36,17.72,60.17,0.34,5.28,4.14,40.39,0.38
2009,188,22.11,27.26,17.92,62.4,0.16,4.72,3.76,32.03,0.38
2009,189,21.91,26.48,18.15,67.27,0.22,6.42,5.09,13.92,0.38
2009,190,21.98,28.28,16.83,64.54,0.01,4.67,3.69,11.47,0.38
2009,191,22.4,28.47,17.64,63.95,0.0,4.62,3.66,12.11,0.38
2009,192,22.53,28.93,17.5,54.4,0.0,4.16,3.2,12.38,0.38
2009,193,21.74,27.61,16.72,59.18,0.0,3.98,3.1,14.57,0.38
2009,194,22.33,28.42,17.65,59.14,0.0,2.95,2.27,22.67,0.38
2009,195,22.39,27.77,18.51,67.43,0.0,2.98,2.32,20.96,0.38
2009,196,22.66,28.35,17.97,68.12,0.0,3.36,2.69,14.35,0.38
2009,197,23.07,29.34,18.2,63.15,0.0,5.66,4.47,13.1,0.38
2009,198,20.91,24.65,18.12,76.52,0.7,6.76,5.36,36.84,0.38
2009,199,19.65,23.52,16.3,60.8,0.06,8.26,6.53,36.1,0.38
2009,200,19.18,25.26,14.31,58.3,0.0,8.53,6.74,20.78,0.38
2009,201,19.29,25.07,14.22,61.43,0.0,7.35,5.85,18.28,0.38
2009,202,20.05,26.24,14.38,60.49,0.0,6.53,5.2,15.71,0.38
2009,203,20.64,26.99,15.37,62.62,0.0,4.1,3.25,15.78,0.38
2009,204,20.85,26.27,16.65,65.0,0.0,3.55,2.76,61.07,0.38
2009,205,20.83,25.07,18.33,72.03,0.02,3.41,2.7,47.47,0.38
2009,206,19.66,23.37,17.34,71.44,0.17,6.72,5.36,45.28,0.38
2009,207,19.16,24.05,15.17,62.91,0.0,7.3,5.84,33.03,0.38
2009,208,19.6,25.27,14.29,60.74,0.0,6.94,5.52,14.19,0.38
2009,209,21.39,27.13,15.55,63.18,0.06,5.76,4.57,11.44,0.38
2009,210,22.17,28.24,16.43,61.88,0.01,3.82,3.02,11.61,0.38
2009,211,22.03,27.69,16.96,64.94,0.0,4.23,3.35,12.92,0.38
2009,212,22.58,28.88,17.91,59.09,0.0,3.25,2.5,21.03,0.38
2009,213,23.48,30.29,17.93,57.95,0.0,3.44,2.66,30.61,0.38
2009,214,24.52,30.71,19.3,61.08,0.51,4.88,3.78,52.09,0.37
2009,215,24.05,29.06,20.32,58.05,0.02,4.52,3.58,60.7,0.38
2009,216,24.19,29.21,20.65,59.38,0.02,3.21,2.52,22.46,0.38
2009,217,24.0,29.81,19.22,56.08,0.0,3.42,2.63,10.29,0.37
2009,218,23.17,29.06,18.41,58.66,0.0,4.13,3.27,9.81,0.37
2009,219,23.2,28.53,18.64,58.32,0.0,3.94,3.14,16.81,0.37
2009,220,23.84,28.94,18.63,55.3,0.0,4.22,3.34,36.34,0.37
2009,221,23.96,28.8,19.96,54.84,0.0,4.61,3.68,44.64,0.37
2009,222,23.26,28.08,18.78,63.73,0.02,4.08,3.28,60.99,0.37
2009,223,23.84,28.8,19.88,62.62,0.27,3.39,2.71,69.48,0.37
2009,224,23.56,27.88,20.85,66.31,0.07,2.71,2.12,34.46,0.37
2009,225,23.2,27.95,19.88,65.85,0.0,3.43,2.7,13.04,0.37
2009,226,22.19,26.0,19.5,71.36,0.66,3.97,3.25,41.27,0.37
2009,227,20.87,25.04,18.13,63.15,0.08,6.59,5.32,37.39,0.37
2009,228,20.38,25.65,17.21,68.27,0.16,10.49,8.27,18.2,0.37
2009,229,21.2,27.18,16.78,63.42,0.05,10.72,8.42,11.58,0.37
2009,230,21.68,27.86,16.63,60.44,0.01,7.42,5.9,13.6,0.37
2009,231,22.71,28.53,18.01,53.95,0.0,3.65,2.9,12.92,0.37
2009,232,23.15,27.66,18.81,60.7,0.05,3.84,3.0,31.27,0.37
2009,233,22.63,26.58,20.03,73.41,0.04,4.33,3.45,36.83,0.37
2009,234,22.03,26.1,19.48,68.81,0.13,4.53,3.66,20.59,0.37
2009,235,22.29,28.96,17.86,71.36,0.03,5.66,4.57,13.33,0.37
2009,236,20.98,24.52,18.14,71.88,0.16,6.27,5.07,23.8,0.37
2009,237,20.69,25.46,17.23,62.22,0.45,8.08,6.46,27.04,0.37
2009,238,21.36,28.55,15.39,57.6,0.0,6.94,5.55,14.92,0.37
2009,239,21.6,27.89,16.26,61.99,0.0,4.41,3.53,26.72,0.37
2009,240,21.76,25.91,18.99,70.5,0.17,4.27,3.47,53.5,0.37
2009,241,20.19,23.72,17.1,67.35,0.01,5.37,4.33,44.67,0.37
2009,242,20.39,25.52,16.17,65.71,0.0,5.73,4.63,22.87,0.37
2009,243,21.74,27.89,16.55,59.1,0.0,7.19,5.77,15.12,0.37
2009,244,23.54,30.28,16.82,59.13,0.0,6.38,5.04,12.33,0.37
2009,245,24.27,30.66,18.77,59.76,0.0,4.76,3.76,7.71,0.37
2009,246,23.73,29.48,19.72,62.3,0.0,4.8,3.81,24.74,0.37
2009,247,24.82,31.22,19.59,59.96,0.0,4.27,3.34,23.23,0.37
2009,248,25.27,30.38,21.43,61.79,0.0,3.33,2.66,43.75,0.37
2009,249,25.06,30.78,20.81,57.21,0.0,4.09,3.26,40.31,0.37
2009,250,24.99,31.56,20.19,59.3,0.0,4.26,3.38,14.23,0.37
2009,251,25.37,31.97,21.61,64.09,0.0,4.46,3.5,18.25,0.37
2009,252,25.19,30.93,20.97,62.12,0.0,4.3,3.4,17.45,0.37
2009,253,24.53,30.22,19.95,57.21,0.0,5.2,4.17,9.89,0.37
2009,254,23.02,29.0,18.46,59.06,0.0,4.33,3.45,10.62,0.36
2009,255,21.53,25.41,18.42,68.51,1.48,5.6,4.53,30.51,0.37
2009,256,22.25,28.3,17.09,60.39,0.0,6.21,5.0,20.88,0.37
2009,257,23.28,29.56,18.19,62.31,0.0,4.61,3.72,16.44,0.37
2009,258,23.69,29.99,18.8,67.47,0.0,3.88,3.09,25.04,0.37
2009,259,24.18,30.06,20.22,69.9,0.0,3.34,2.71,20.92,0.37
2009,260,25.49,31.94,20.05,64.09,0.0,4.02,3.22,11.4,0.37
2009,261,25.53,31.43,21.41,64.13,0.0,3.55,2.82,12.14,0.36
2009,262,25.43,30.95,21.51,68.85,0.0,5.88,4.71,25.8,0.36
2009,263,25.27,30.53,20.98,62.32,0.27,8.29,6.57,17.93,0.36
2009,264,25.38,31.4,21.08,59.2,0.0,4.9,3.93,14.33,0.36
2009,265,23.47,28.34,20.01,71.18,0.01,5.39,4.37,29.63,0.36
2009,266,22.92,28.32,18.91,65.87,0.19,7.72,6.2,30.39,0.36
2009,267,23.21,29.35,18.32,64.65,0.02,8.01,6.44,13.85,0.36
2009,268,25.25,32.0,18.92,60.23,0.01,6.61,5.23,8.71,0.36
2009,269,26.41,32.22,22.11,57.82,0.03,5.03,3.98,27.25,0.36
2009,270,25.65,31.01,21.77,65.83,0.0,3.6,2.85,18.9,0.36
2009,271,25.04,31.02,21.09,67.88,0.0,3.95,3.15,12.88,0.36
2009,272,24.37,29.65,20.07,69.39,0.0,4.14,3.38,16.19,0.36
2009,273,26.0,32.03,21.47,61.16,0.08,5.03,4.06,13.99,0.36
2009,274,25.33,31.26,21.16,66.27,0.22,7.62,6.11,11.29,0.36
2009,275,23.99,30.11,19.67,63.25,0.05,10.33,8.18,18.05,0.36
2009,276,24.42,31.71,19.34,62.49,9.43,7.62,6.04,15.62,0.37
2009,277,25.68,31.66,20.01,65.74,3.38,4.06,3.16,9.84,0.38
2009,278,25.27,30.62,21.97,69.17,0.54,5.89,4.74,37.71,0.38
2009,279,24.56,28.53,21.94,69.87,2.42,4.53,3.67,19.5,0.38
2009,280,24.25,28.36,21.0,68.28,0.13,3.33,2.72,10.59,0.38
2009,281,24.33,30.55,19.45,65.7,0.0,3.43,2.76,9.22,0.38
2009,282,25.78,32.35,19.93,64.23,0.0,4.65,3.71,9.14,0.38
2009,283,27.76,34.28,21.73,59.39,0.0,6.5,5.15,9.69,0.37
2009,284,28.64,34.67,22.47,50.93,0.0,5.21,4.08,10.56,0.37
2009,285,27.76,34.63,22.83,56.99,0.0,4.91,3.91,14.28,0.37
2009,286,26.8,32.5,23.2,71.64,0.73,4.3,3.47,27.4,0.37
2009,287,26.17,31.01,22.84,69.47,0.11,4.97,4.03,34.6,0.37
2009,288,25.95,30.84,21.93,61.85,0.07,6.5,5.28,10.69,0.37
2009,289,27.18,34.03,21.69,59.82,0.0,5.15,4.1,10.6,0.37
2009,290,26.38,32.18,22.67,66.04,0.0,4.3,3.47,13.92,0.37
2009,291,25.98,32.02,21.56,64.35,0.02,4.26,3.43,30.4,0.37
2009,292,25.2,29.66,22.46,68.66,0.02,3.87,3.22,27.74,0.37
2009,293,23.77,27.65,20.94,70.47,1.28,5.9,4.82,29.75,0.37
2009,294,23.55,28.73,19.14,60.85,0.02,6.11,4.98,25.41,0.37
2009,295,24.16,30.12,19.51,58.36,0.0,9.45,7.53,10.84,0.37
2009,296,26.31,32.94,19.79,52.79,0.02,9.21,7.23,18.46,0.37
2009,297,26.83,32.92,22.4,53.71,2.31,5.94,4.73,23.56,0.37
2009,298,27.22,33.67,22.99,61.66,1.91,6.33,5.01,28.18,0.37
2009,299,27.51,33.16,23.31,59.61,2.96,5.39,4.29,28.88,0.38
2009,300,27.39,32.04,22.71,59.4,1.32,4.96,4.0,11.16,0.38
2009,301,27.38,33.4,23.01,57.42,0.01,5.05,4.03,7.99,0.38
2009,302,25.15,30.46,20.64,65.66,0.03,5.03,4.11,18.2,0.37
2009,303,24.0,28.53,20.71,65.82,0.07,5.66,4.58,20.57,0.37
2009,304,24.03,30.13,20.08,64.74,1.95,9.61,7.64,23.84,0.37
2009,305,25.44,32.32,18.92,58.17,0.62,7.96,6.32,9.29,0.37
2009,306,26.72,33.62,22.94,66.87,1.35,5.15,4.08,39.88,0.37
2009,307,25.55,29.66,22.72,73.35,2.37,5.04,4.07,25.94,0.38
2009,308,24.72,28.2,21.96,71.91,1.04,5.51,4.47,37.58,0.38
2009,309,23.87,28.36,19.71,66.67,0.11,6.72,5.44,48.63,0.38
2009,310,25.45,30.97,20.58,60.59,0.63,7.41,5.94,22.32,0.38
2009,311,25.81,32.18,20.07,55.52,0.0,8.17,6.49,6.49,0.37
2009,312,25.96,33.0,19.46,49.46,0.0,7.09,5.62,7.78,0.37
2009,313,25.77,33.34,19.01,51.85,0.0,5.54,4.42,9.0,0.37
2009,314,24.76,30.47,19.58,54.54,0.0,4.38,3.53,15.73,0.37
2009,315,25.65,30.77,20.55,57.68,0.0,4.46,3.61,50.9,0.37
2009,316,27.49,34.34,21.92,57.84,0.0,3.97,3.18,7.67,0.37
2009,317,29.11,35.71,23.71,59.84,0.0,3.36,2.64,12.56,0.37
2009,318,28.93,35.09,24.57,61.15,0.0,3.09,2.43,17.3,0.37
2009,319,28.66,33.36,24.88,57.35,0.0,4.16,3.35,10.96,0.37
2009,320,27.41,33.56,22.78,61.66,1.01,7.07,5.63,18.71,0.37
2009,321,23.69,28.23,19.43,61.14,0.87,11.06,8.74,54.31,0.37
2009,322,22.95,28.83,17.75,47.64,0.03,9.94,7.89,11.35,0.37
2009,323,24.53,30.79,18.33,54.27,0.02,7.52,6.01,19.94,0.37
2009,324,23.6,28.76,20.7,65.96,0.97,11.23,8.82,61.9,0.37
2009,325,26.62,33.11,20.69,55.39,1.28,6.6,5.11,46.75,0.37
2009,326,26.66,32.38,22.64,63.27,2.1,5.61,4.47,70.1,0.37
2009,327,25.42,29.0,22.56,72.61,2.09,5.38,4.38,49.38,0.38
2009,328,27.73,33.44,21.59,61.82,0.41,5.94,4.74,12.44,0.37
2009,329,28.18,34.86,23.93,58.45,10.59,5.86,4.6,21.0,0.38
2009,330,27.57,33.61,23.69,66.91,8.47,4.86,3.83,13.64,0.39
2009,331,27.52,33.06,23.98,71.39,11.32,4.04,3.18,27.07,0.4
2009,332,27.14,30.98,24.16,72.92,18.6,2.72,2.17,71.96,0.43
2009,333,26.52,30.67,22.92,73.03,1.63,3.45,2.79,21.03,0.43
2009,334,27.09,32.41,22.57,68.91,0.0,3.28,2.66,22.67,0.43
2009,335,27.92,32.7,24.11,63.56,0.33,2.81,2.27,44.97,0.42
2009,336,26.78,29.4,24.54,71.24,5.96,2.21,1.81,87.59,0.42
2009,337,26.54,29.25,24.58,77.59,14.14,3.61,2.91,86.78,0.43
2009,338,26.89,29.84,24.92,79.82,7.23,2.83,2.29,14.91,0.45
2009,339,26.78,29.71,24.22,77.69,6.33,4.06,3.25,45.92,0.45
2009,340,28.19,33.81,23.3,70.09,1.56,5.98,4.77,25.73,0.45
2009,341,28.34,34.0,23.67,65.61,0.02,6.29,5.01,14.18,0.45
2009,342,27.91,34.04,22.62,64.01,0.0,6.73,5.34,21.34,0.44
2009,343,28.94,34.35,25.24,61.51,0.05,4.45,3.52,12.76,0.43
2009,344,28.5,33.66,24.34,67.86,0.0,4.27,3.41,30.31,0.43
2009,345,27.71,32.84,23.81,67.81,0.01,4.14,3.35,17.33,0.42
2009,346,26.62,31.55,22.86,71.14,0.02,5.0,4.07,33.88,0.42
2009,347,25.61,29.81,21.9,68.29,0.15,6.21,5.04,32.53,0.42
2009,348,24.75,29.91,20.09,61.94,0.02,7.34,5.88,23.28,0.41
2009,349,25.87,31.76,21.38,60.15,0.03,8.85,6.99,27.6,0.41
2009,350,27.7,33.54,22.44,64.83,3.32,5.73,4.51,19.05,0.41
2009,351,26.79,30.38,24.05,73.07,8.14,4.13,3.33,40.49,0.42
2009,352,26.76,30.51,23.97,72.6,2.09,3.88,3.14,44.44,0.42
2009,353,27.73,32.8,23.47,68.71,0.12,4.47,3.61,8.76,0.42
2009,354,28.5,32.91,23.83,68.24,1.73,4.72,3.8,26.77,0.42
2009,355,29.5,33.92,25.15,69.05,2.53,5.35,4.28,41.6,0.42
2009,356,29.68,35.02,26.12,65.51,0.04,4.24,3.37,14.47,0.41
2009,357,29.48,34.49,25.8,67.06,0.0,4.11,3.26,21.57,0.41
2009,358,27.9,31.92,26.12,68.36,0.0,3.52,2.87,38.24,0.41
2009,359,29.48,34.28,25.77,62.04,0.0,3.66,2.95,30.52,0.41
2009,360,29.87,35.39,26.19,60.44,0.0,3.8,3.05,21.55,0.4
2009,361,29.56,33.93,26.03,63.43,0.0,3.96,3.19,29.15,0.4
2009,362,30.89,35.75,26.59,53.65,0.0,4.35,3.5,21.55,0.4
2009,363,31.28,36.64,26.16,49.68,0.0,4.53,3.62,15.57,0.4
2009,364,31.23,36.32,26.48,49.28,0.0,5.89,4.67,6.15,0.4
2009,365,30.73,36.96,25.09,52.91,0.0,7.01,5.54,7.82,0.39
2010,1,31.13,36.4,26.34,60.07,1.13,6.05,4.79,10.48,0.39
2010,2,30.88,35.9,27.09,62.46,5.29,6.33,5.0,17.06,0.4
2010,3,30.0,35.34,25.73,65.0,2.9,6.27,4.96,46.86,0.4
2010,4,28.7,33.25,26.33,70.17,7.48,5.14,4.05,76.19,0.41
2010,5,28.44,31.36,25.5,67.81,1.99,4.96,3.97,12.9,0.41
2010,6,28.31,33.46,23.86,64.03,2.47,7.95,6.23,39.94,0.41
2010,7,27.26,30.18,23.63,66.5,5.46,5.22,4.17,42.43,0.41
2010,8,28.32,33.16,23.96,66.77,7.18,3.74,2.99,43.45,0.42
2010,9,28.97,34.4,24.1,62.0,2.36,6.52,5.15,16.23,0.42
2010,10,29.81,35.35,24.16,57.61,0.05,6.59,5.13,8.62,0.41
2010,11,28.85,35.08,23.08,54.69,0.0,4.88,3.89,8.68,0.41
2010,12,29.7,34.91,25.43,58.92,0.09,4.67,3.75,9.64,0.4
2010,13,30.43,35.74,25.92,59.05,0.09,3.96,3.16,14.14,0.4
2010,14,31.14,36.06,26.48,59.18,1.58,3.32,2.64,42.79,0.4
2010,15,28.03,30.28,26.06,73.09,4.06,5.09,4.05,27.61,0.4
2010,16,28.19,31.29,26.07,75.2,9.89,4.58,3.68,16.53,0.41
2010,17,27.35,31.4,24.02,69.37,2.34,5.01,4.06,17.99,0.42
2010,18,27.71,33.7,22.46,63.34,0.47,6.05,4.87,9.88,0.41
2010,19,28.2,33.99,23.05,66.57,9.88,4.83,3.85,22.82,0.42
2010,20,28.39,32.84,24.87,71.88,7.85,4.01,3.22,43.65,0.43
2010,21,29.01,33.37,25.56,67.68,0.33,3.02,2.46,22.28,0.43
2010,22,28.93,33.82,25.24,66.54,0.19,3.8,3.08,15.96,0.42
2010,23,28.6,31.61,26.29,71.68,0.3,2.94,2.42,22.9,0.42
2010,24,28.57,31.4,26.24,67.55,1.96,2.81,2.27,63.51,0.42
2010,25,28.69,31.95,26.07,64.27,1.05,3.16,2.54,66.41,0.42
2010,26,29.0,33.75,25.26,65.17,2.51,3.49,2.8,33.61,0.42
2010,27,29.6,34.06,25.91,64.86,1.18,3.19,2.56,16.15,0.41
2010,28,29.93,34.36,26.72,63.14,0.26,3.67,2.95,17.71,0.41
2010,29,29.52,34.02,25.9,67.44,0.24,3.53,2.85,18.72,0.41
2010,30,28.04,30.64,26.16,71.42,3.59,2.61,2.14,66.72,0.41
2010,31,28.27,31.32,25.34,72.64,4.14,2.87,2.36,71.19,0.42
2010,32,28.04,32.22,25.16,76.88,0.9,3.55,2.86,63.4,0.41
2010,33,28.31,32.3,25.35,74.7,4.85,5.63,4.41,97.09,0.42
2010,34,26.98,31.17,24.19,66.02,0.07,6.38,5.12,26.23,0.42
2010,35,26.53,31.52,22.34,63.8,0.01,5.73,4.61,27.26,0.41
2010,36,27.12,32.72,22.21,59.65,0.0,7.13,5.7,15.89,0.41
2010,37,28.58,35.2,22.67,59.55,0.56,6.09,4.86,11.94,0.41
2010,38,29.54,34.56,24.57,61.6,1.13,4.89,3.93,24.41,0.4
2010,39,30.43,35.47,26.57,58.33,0.83,4.44,3.54,44.63,0.4
2010,40,30.82,35.68,26.07,53.33,0.17,4.21,3.38,36.37,0.4
2010,41,30.29,35.62,25.62,54.28,0.1,5.02,4.01,33.34,0.4
2010,42,29.61,34.86,25.16,55.06,0.51,3.63,2.92,25.04,0.4
2010,43,30.25,36.4,24.88,54.35,0.01,4.27,3.4,31.08,0.4
2010,44,30.25,35.4,26.27,59.72,0.84,3.77,3.02,13.23,0.4
2010,45,30.04,35.24,25.44,61.41,0.34,4.76,3.81,27.13,0.4
2010,46,30.8,36.12,26.96,62.68,1.08,3.62,2.96,59.57,0.4
2010,47,29.0,32.68,26.91,70.86,3.76,4.14,3.27,78.17,0.4
2010,48,28.21,31.17,26.61,74.12,3.52,2.83,2.27,82.3,0.41
2010,49,28.93,33.57,26.21,70.92,3.41,3.33,2.65,75.42,0.41
2010,50,28.76,32.86,25.38,70.95,1.84,3.23,2.58,47.25,0.41
2010,51,28.23,30.57,26.42,74.43,4.17,2.04,1.64,85.02,0.41
2010,52,29.19,34.75,25.97,65.89,1.64,3.37,2.68,28.01,0.41
2010,53,28.87,33.99,24.64,70.54,4.84,3.69,2.95,23.83,0.41
2010,54,29.53,34.09,26.15,66.16,2.55,3.37,2.7,15.24,0.41
2010,55,29.97,35.69,24.43,55.19,0.03,4.54,3.62,12.39,0.41
2010,56,30.51,36.1,25.1,55.65,0.01,4.63,3.7,13.93,0.4
2010,57,30.46,35.17,26.79,63.49,0.54,4.09,3.28,21.76,0.4
2010,58,29.66,32.87,27.22,68.72,0.9,3.18,2.56,60.65,0.4
2010,59,28.98,31.84,26.56,65.79,0.78,2.94,2.38,74.5,0.4
2010,60,29.31,33.95,25.6,67.38,0.79,4.27,3.48,25.41,0.4
2010,61,27.98,31.28,25.04,74.51,17.95,4.11,3.28,35.97,0.42
2010,62,27.7,32.65,24.06,65.88,0.16,6.49,5.18,28.83,0.42
2010,63,27.25,33.34,22.96,65.27,0.14,8.9,6.97,40.1,0.42
2010,64,27.9,33.93,22.52,62.91,0.9,8.46,6.57,18.99,0.41
2010,65,28.65,34.84,24.0,66.1,10.41,6.58,5.09,40.92,0.42
2010,66,28.84,33.56,25.2,71.99,8.23,5.24,4.09,73.34,0.43
2010,67,28.33,32.91,25.58,75.28,9.35,5.19,4.04,68.16,0.44
2010,68,28.43,32.97,24.78,74.62,16.05,3.56,2.8,32.84,0.46
2010,69,28.45,31.78,25.69,78.88,29.74,2.74,2.18,50.43,0.49
2010,70,28.39,32.7,25.8,76.75,13.09,3.22,2.5,51.38,0.51
2010,71,27.76,31.12,25.62,83.7,27.65,3.55,2.75,79.33,0.54
2010,72,27.23,29.87,25.4,84.09,7.93,5.81,4.53,61.52,0.55
2010,73,26.4,28.22,24.85,85.45,15.81,4.13,3.26,48.21,0.55
2010,74,26.35,28.92,23.54,82.2,6.2,4.58,3.62,43.0,0.56
2010,75,24.64,28.82,21.18,78.21,0.68,7.01,5.56,30.94,0.55
2010,76,24.68,29.41,20.66,78.07,0.83,5.55,4.46,27.67,0.54
2010,77,24.77,28.48,22.29,78.22,2.09,4.44,3.59,46.61,0.54
2010,78,25.3,30.39,21.3,70.3,0.23,5.15,4.13,15.89,0.53
2010,79,27.2,31.35,22.52,74.2,2.07,3.57,2.82,35.16,0.52
2010,80,27.6,31.45,24.59,79.12,9.51,2.95,2.34,39.7,0.53
2010,81,27.91,32.3,24.22,77.0,2.52,3.66,2.88,10.88,0.53
2010,82,27.21,30.36,24.97,82.34,4.73,3.09,2.47,22.8,0.53
2010,83,27.55,30.94,25.57,77.31,2.51,2.04,1.63,11.43,0.53
2010,84,27.76,32.06,24.39,77.68,0.93,3.39,2.69,10.26,0.52
2010,85,27.9,32.4,24.38,77.78,3.32,4.06,3.26,13.1,0.52
2010,86,27.94,33.02,24.22,75.9,0.12,3.73,2.98,13.63,0.51
2010,87,27.51,31.84,24.69,76.86,0.0,3.5,2.86,14.38,0.51
2010,88,27.27,32.27,23.8,73.77,0.0,4.97,3.96,15.27,0.5
2010,89,27.19,32.36,23.02,75.41,0.0,3.92,3.14,18.6,0.49
2010,90,27.25,32.14,23.15,73.86,0.0,3.97,3.2,12.31,0.49
2010,91,28.02,33.2,23.8,69.57,0.0,3.29,2.59,33.24,0.48
2010,92,28.29,33.35,24.31,67.8,0.0,3.17,2.5,28.02,0.48
2010,93,27.96,33.11,23.8,66.21,0.0,3.11,2.46,14.42,0.47
2010,94,28.09,32.77,24.62,72.14,0.0,3.17,2.52,21.02,0.47
2010,95,27.86,32.93,24.11,71.1,0.0,4.89,3.89,39.52,0.46
2010,96,28.37,34.06,23.8,71.0,0.0,3.54,2.79,14.47,0.46
2010,97,28.02,33.69,22.96,67.83,0.0,4.45,3.52,10.8,0.46
2010,98,28.51,32.94,24.93,69.35,0.0,3.75,2.96,31.86,0.45
2010,99,28.67,34.12,24.51,65.9,0.0,4.5,3.52,30.06,0.45
2010,100,28.01,33.27,24.36,69.56,0.0,4.57,3.63,36.97,0.45
2010,101,25.75,29.03,21.79,77.16,3.64,6.73,5.3,82.05,0.45
2010,102,25.41,31.34,21.03,68.73,0.28,7.97,6.25,13.21,0.45
2010,103,26.25,32.03,21.55,67.68,0.74,6.81,5.32,11.07,0.45
2010,104,26.53,32.56,21.58,62.74,0.01,4.65,3.64,11.86,0.44
2010,105,26.29,32.11,21.43,64.02,0.0,3.6,2.83,33.69,0.44
2010,106,26.27,31.51,22.37,64.68,0.0,3.02,2.36,54.99,0.44
2010,107,25.77,30.59,22.16,69.38,0.02,3.86,3.1,18.11,0.43
2010,108,26.25,31.52,22.62,68.59,0.09,3.92,3.17,24.64,0.43
2010,109,26.51,32.25,22.09,66.24,0.0,3.26,2.59,11.49,0.43
2010,110,27.07,32.77,22.8,63.49,0.0,3.46,2.7,23.79,0.43
2010,111,27.17,31.93,23.43,67.83,0.0,3.2,2.55,60.35,0.42
2010,112,27.89,33.18,24.15,67.79,0.72,2.9,2.29,22.23,0.42
2010,113,27.35,31.8,24.54,74.96,0.73,3.42,2.74,13.96,0.42
2010,114,25.2,29.46,21.39,75.14,2.35,8.77,6.87,52.36,0.42
2010,115,23.1,27.13,20.54,66.9,0.1,9.49,7.42,37.71,0.42
2010,116,25.01,30.83,20.32,65.89,0.13,8.05,6.29,12.8,0.42
2010,117,26.59,32.7,21.58,64.32,0.87,3.86,3.06,14.2,0.42
2010,118,27.2,32.61,23.46,72.15,0.29,3.74,2.95,21.71,0.41
2010,119,26.0,30.37,23.37,77.92,1.72,3.29,2.68,52.7,0.41
2010,120,24.33,27.58,22.04,82.72,25.25,3.99,3.2,26.64,0.44
2010,121,23.1,26.81,20.38,79.52,8.4,4.48,3.58,20.26,0.47
2010,122,22.57,27.11,19.32,71.16,0.05,5.51,4.38,22.94,0.46
2010,123,23.24,29.29,17.84,66.75,0.0,4.32,3.41,24.04,0.46
2010,124,24.52,28.75,21.22,70.52,0.0,3.55,2.71,72.46,0.45
2010,125,24.79,29.09,21.91,73.55,0.0,2.89,2.23,13.15,0.45
2010,126,25.17,30.38,21.04,68.96,0.03,3.17,2.45,11.1,0.45
2010,127,25.9,31.63,21.64,75.18,0.12,4.16,3.27,10.74,0.44
2010,128,25.43,30.53,21.61,78.24,5.53,2.82,2.21,18.63,0.44
2010,129,25.46,30.73,21.9,76.64,1.86,3.1,2.39,15.28,0.45
2010,130,25.32,29.96,21.7,76.25,0.0,3.26,2.55,11.85,0.45
2010,131,25.01,29.29,21.88,76.83,1.74,3.15,2.44,9.6,0.44
2010,132,24.84,29.39,21.53,74.62,0.08,3.01,2.33,13.71,0.44
2010,133,24.2,28.45,20.26,73.61,0.93,7.2,5.67,16.17,0.44
2010,134,22.07,28.26,17.77,64.59,0.02,8.09,6.35,11.79,0.44
2010,135,21.85,28.04,16.76,66.03,0.07,8.31,6.52,13.32,0.44
2010,136,22.46,27.97,18.16,77.5,1.34,8.19,6.41,30.32,0.43
2010,137,24.15,29.76,19.71,74.73,0.41,7.26,5.65,10.63,0.43
2010,138,25.87,32.01,20.58,69.8,0.45,4.56,3.52,16.68,0.43
2010,139,26.74,32.5,21.95,69.33,5.23,4.44,3.36,30.8,0.43
2010,140,25.3,27.84,23.24,76.86,13.68,4.13,3.13,48.35,0.45
2010,141,24.77,29.68,20.84,70.47,0.0,3.62,2.81,48.42,0.46
2010,142,24.71,28.87,21.53,72.81,0.07,2.69,2.02,47.04,0.45
2010,143,24.67,28.91,21.6,74.7,1.81,3.71,2.88,85.78,0.45
2010,144,23.46,25.61,21.79,82.32,8.59,3.41,2.7,95.38,0.45
2010,145,23.56,26.24,21.74,84.3,6.43,5.43,4.26,92.67,0.47
2010,146,24.41,26.84,22.91,81.53,1.96,7.43,5.79,51.0,0.47
2010,147,23.9,26.11,22.49,83.03,0.46,5.46,4.3,30.15,0.47
2010,148,23.63,27.03,21.64,79.68,0.09,3.21,2.5,21.7,0.47
2010,149,23.45,27.16,21.28,73.52,0.1,2.19,1.73,11.67,0.46
2010,150,23.63,28.03,20.52,75.49,0.1,5.02,3.98,22.7,0.46
2010,151,24.47,29.84,20.21,74.74,0.33,3.36,2.62,15.71,0.46
2010,152,24.44,29.01,21.8,76.7,2.85,4.23,3.3,29.89,0.46
2010,153,22.81,25.56,20.76,82.02,5.68,3.43,2.7,67.65,0.46
2010,154,21.19,23.28,18.66,78.68,14.37,5.17,4.09,60.27,0.49
2010,155,20.48,24.9,16.97,72.34,0.18,5.06,3.99,22.06,0.49
2010,156,20.52,25.98,16.22,70.44,0.0,4.32,3.43,20.02,0.48
2010,157,20.37,25.32,16.73,72.49,0.0,4.97,3.92,20.39,0.48
2010,158,21.32,28.11,16.16,70.36,0.04,5.64,4.42,17.27,0.47
2010,159,23.24,29.21,18.47,68.73,0.0,3.07,2.36,13.16,0.47
2010,160,23.18,28.51,18.94,71.85,0.0,3.28,2.5,13.29,0.47
2010,161,22.95,28.69,18.71,70.45,0.0,4.48,3.47,11.2,0.46
2010,162,22.59,28.48,17.59,70.34,0.01,5.36,4.19,13.22,0.46
2010,163,23.03,28.89,18.66,68.1,0.0,4.04,3.13,11.95,0.46
2010,164,22.7,27.89,18.89,71.92,0.0,3.61,2.79,12.67,0.46
2010,165,22.75,28.23,18.72,71.58,0.0,2.14,1.61,12.82,0.46
2010,166,22.76,28.2,18.47,69.49,0.0,3.51,2.66,16.01,0.45
2010,167,22.59,27.24,18.81,73.79,0.99,4.29,3.29,25.84,0.45
2010,168,22.34,26.56,19.59,75.01,0.11,6.18,4.93,55.43,0.45
2010,169,21.43,25.22,19.14,80.4,1.56,6.99,5.56,37.74,0.45
2010,170,20.96,24.49,18.55,77.43,2.89,7.38,5.84,29.06,0.45
2010,171,20.88,26.05,17.14,74.17,0.07,7.61,6.0,13.47,0.45
2010,172,21.78,27.52,17.74,73.05,0.01,7.25,5.71,10.9,0.45
2010,173,22.22,28.18,17.84,69.6,0.03,5.62,4.42,15.04,0.45
2010,174,22.39,27.69,18.23,67.02,0.02,3.59,2.81,19.47,0.45
2010,175,21.91,26.47,18.55,73.09,0.0,2.7,2.02,16.23,0.44
2010,176,21.87,27.17,17.51,73.54,0.03,3.93,3.08,13.44,0.44
2010,177,22.11,28.23,17.41,70.01,0.01,4.5,3.52,13.14,0.44
2010,178,22.02,27.64,18.32,74.05,0.05,5.06,3.94,17.88,0.44
2010,179,20.63,25.41,17.72,72.26,0.07,9.06,7.1,15.07,0.44
2010,180,20.77,27.67,15.99,63.95,0.0,8.1,6.31,13.96,0.43
2010,181,21.23,27.74,15.82,64.27,0.0,4.57,3.6,14.66,0.43
2010,182,21.14,25.8,17.31,71.56,0.0,4.56,3.6,13.28,0.43
2010,183,21.46,26.88,16.47,66.36,0.02,5.01,3.94,13.81,0.43
2010,184,21.08,26.3,16.79,67.14,0.07,7.76,6.12,11.97,0.43
2010,185,20.49,26.26,16.23,64.4,0.03,7.08,5.59,12.92,0.42
2010,186,19.74,25.61,14.97,65.17,0.11,7.45,5.88,14.79,0.42
2010,187,20.51,26.64,15.71,64.45,0.06,6.67,5.25,13.71,0.42
2010,188,21.0,27.23,15.05,67.66,1.38,6.0,4.73,17.68,0.42
2010,189,21.64,27.72,16.45,64.18,0.06,5.77,4.55,18.16,0.42
2010,190,22.82,27.87,19.23,67.52,2.78,4.53,3.54,20.86,0.42
2010,191,22.46,27.51,18.82,70.71,0.05,3.7,2.93,15.15,0.42
2010,192,22.29,27.55,18.52,72.01,0.0,2.02,1.56,10.58,0.42
2010,193,21.79,27.07,17.81,69.54,0.0,2.76,2.14,18.25,0.42
2010,194,21.51,26.47,17.56,74.45,0.0,5.01,3.99,14.46,0.42
2010,195,21.45,26.14,18.4,74.02,0.05,6.36,5.07,23.35,0.41
2010,196,21.96,28.27,17.3,70.4,0.0,4.64,3.68,20.33,0.41
2010,197,22.01,26.58,18.4,73.2,0.03,2.64,2.08,18.05,0.41
2010,198,22.36,25.97,20.02,73.62,0.54,3.31,2.68,51.63,0.41
2010,199,22.37,27.34,18.6,70.3,0.03,6.73,5.33,17.71,0.41
2010,200,23.75,29.93,18.35,64.09,0.01,6.87,5.32,9.76,0.41
2010,201,24.16,29.87,19.25,64.9,0.0,4.85,3.83,45.01,0.41
2010,202,23.6,27.56,20.54,67.68,0.0,5.61,4.47,29.82,0.41
2010,203,22.63,27.39,19.53,68.37,0.0,9.34,7.34,20.26,0.41
2010,204,23.13,29.27,17.75,59.3,0.0,6.6,5.15,15.46,0.4
2010,205,22.14,27.58,17.74,61.78,0.0,4.64,3.71,13.03,0.4
2010,206,21.46,27.39,16.59,55.22,0.0,3.71,2.89,17.81,0.4
2010,207,22.05,28.43,16.71,49.14,0.0,4.6,3.59,17.27,0.4
2010,208,22.1,29.02,16.09,58.85,0.0,4.69,3.73,14.49,0.4
2010,209,22.39,28.02,17.73,59.99,0.0,4.08,3.23,14.87,0.4
2010,210,21.55,26.5,17.79,66.64,0.0,3.89,3.11,19.76,0.4
2010,211,20.91,25.81,17.39,68.61,0.05,7.99,6.34,30.62,0.4
2010,212,21.5,27.7,15.61,59.77,0.0,7.17,5.71,27.75,0.4
2010,213,21.68,27.17,17.11,59.43,0.0,4.7,3.77,18.76,0.4
2010,214,22.47,28.37,17.67,56.21,0.0,5.27,4.15,12.19,0.4
2010,215,21.87,28.18,16.13,56.55,0.0,4.89,3.89,13.75,0.39
2010,216,22.39,28.11,17.12,57.14,0.0,4.65,3.68,13.19,0.39
2010,217,23.15,28.75,18.5,59.58,0.0,4.5,3.57,16.63,0.39
2010,218,22.67,27.52,18.6,63.09,0.54,4.25,3.39,24.94,0.39
2010,219,23.65,28.94,19.46,59.88,0.38,4.87,3.79,33.63,0.39
2010,220,23.45,29.34,18.97,57.32,0.19,4.93,3.92,62.63,0.39
2010,221,24.28,29.43,20.07,59.25,0.02,4.55,3.63,43.46,0.39
2010,222,23.28,27.64,20.21,68.55,0.56,4.84,3.81,68.58,0.39
2010,223,19.83,23.37,16.3,62.37,1.23,10.24,8.1,62.48,0.39
2010,224,18.08,23.01,14.68,59.74,0.05,11.27,8.87,24.51,0.39
2010,225,18.94,24.88,14.08,61.33,0.01,9.11,7.23,14.66,0.39
2010,226,19.71,26.23,13.89,61.4,0.0,6.27,5.05,14.68,0.39
2010,227,20.43,26.54,15.26,64.78,0.0,4.81,3.9,17.75,0.39
2010,228,20.17,25.82,15.39,69.39,0.0,5.04,4.07,19.76,0.39
2010,229,20.73,26.38,15.83,69.31,0.0,5.38,4.35,18.21,0.39
2010,230,20.9,26.09,16.83,73.62,0.0,3.52,2.83,18.09,0.39
2010,231,21.62,27.96,16.78,70.04,0.0,3.42,2.7,16.35,0.39
2010,232,22.02,27.87,17.29,70.34,0.0,3.96,3.16,16.06,0.39
2010,233,22.22,27.11,18.45,70.37,0.03,3.58,2.89,18.68,0.39
2010,234,23.07,28.93,18.48,67.98,0.08,3.2,2.51,16.08,0.39
2010,235,24.24,30.38,19.92,67.12,0.0,3.99,3.17,10.38,0.39
2010,236,24.69,30.33,20.34,69.55,0.27,5.58,4.46,15.35,0.39
2010,237,24.94,30.31,20.3,61.1,0.01,5.34,4.23,10.18,0.39
2010,238,24.34,30.51,19.95,61.07,0.94,5.02,4.01,7.64,0.39
2010,239,24.32,30.08,20.26,64.89,0.0,4.62,3.69,9.51,0.39
2010,240,24.24,30.02,19.67,59.84,0.0,3.69,2.94,9.84,0.39
2010,241,24.6,30.16,19.61,56.14,0.0,3.76,2.98,10.9,0.38
2010,242,25.2,31.04,19.75,54.74,0.0,4.92,3.86,7.37,0.38
2010,243,24.51,30.6,18.58,51.76,0.0,4.2,3.36,9.17,0.38
2010,244,23.77,31.43,17.31,53.58,0.0,4.87,3.88,11.88,0.38
2010,245,23.95,30.52,18.42,55.96,0.0,3.36,2.66,14.08,0.38
2010,246,23.13,28.08,19.76,68.51,0.15,3.68,2.98,24.78,0.38
2010,247,21.75,25.5,18.83,64.67,0.23,5.3,4.35,26.48,0.38
2010,248,21.52,27.41,16.64,64.86,0.0,5.93,4.83,14.77,0.38
2010,249,21.12,25.39,17.99,66.54,0.45,6.52,5.31,35.5,0.38
2010,250,20.14,25.57,15.44,64.45,0.0,5.47,4.47,18.16,0.38
2010,251,20.03,24.26,16.67,70.45,1.1,5.49,4.43,47.87,0.38
2010,252,21.04,25.62,17.86,64.83,0.33,6.02,4.86,39.34,0.38
2010,253,21.74,27.89,16.01,62.73,0.0,6.78,5.49,23.73,0.38
2010,254,21.48,26.32,17.69,68.05,0.02,7.77,6.24,41.75,0.38
2010,255,21.13,26.27,17.31,59.93,0.04,7.8,6.27,19.23,0.38
2010,256,21.9,29.53,15.5,53.45,0.0,7.69,6.16,13.58,0.38
2010,257,23.22,32.16,15.87,49.96,0.0,4.99,3.91,14.38,0.38
2010,258,23.31,30.81,16.64,56.94,0.0,4.6,3.65,19.47,0.38
2010,259,23.41,29.5,18.74,70.18,0.0,4.34,3.44,24.4,0.38
2010,260,24.19,31.38,17.65,60.58,0.0,6.49,5.08,10.57,0.38
2010,261,24.19,32.27,17.77,63.66,0.0,5.07,4.05,11.18,0.38
2010,262,24.02,29.66,19.77,67.98,0.0,4.35,3.46,20.8,0.38
2010,263,24.79,31.74,18.65,60.59,0.0,5.12,4.05,12.64,0.38
2010,264,25.45,32.88,19.97,61.41,0.0,4.28,3.41,17.83,0.37
2010,265,25.24,31.52,21.27,68.35,0.0,4.4,3.5,26.85,0.37
2010,266,24.97,30.76,20.96,66.63,0.0,4.48,3.64,12.24,0.37
2010,267,24.41,31.77,18.46,59.04,0.0,6.51,5.22,12.19,0.37
2010,268,25.09,31.75,18.77,61.99,0.0,6.69,5.36,14.83,0.37
2010,269,25.75,33.1,20.07,63.75,0.0,4.21,3.36,13.71,0.37
2010,270,25.75,32.5,21.36,62.85,0.0,5.33,4.25,22.37,0.37
2010,271,25.39,31.08,21.41,64.01,0.09,9.07,7.19,16.5,0.37
2010,272,26.48,33.24,19.97,56.94,0.02,6.16,4.84,14.12,0.37
2010,273,26.25,33.13,21.73,55.02,0.0,5.8,4.62,13.64,0.37
2010,274,26.22,32.16,21.72,55.44,0.0,4.41,3.53,22.19,0.37
2010,275,26.43,32.51,22.06,57.27,0.0,3.67,2.92,20.99,0.37
2010,276,27.17,32.94,22.54,47.54,0.0,4.35,3.43,11.14,0.37
2010,277,26.72,32.35,22.48,52.25,0.0,4.91,3.88,12.12,0.37
2010,278,24.59,29.95,19.95,64.13,0.37,6.09,4.91,15.26,0.37
2010,279,25.46,30.83,20.99,64.88,2.85,7.27,5.85,18.21,0.37
2010,280,24.44,30.05,20.73,67.46,1.05,10.68,8.45,38.29,0.38
2010,281,25.21,31.7,19.69,58.69,0.11,10.12,7.96,11.65,0.38
2010,282,25.83,30.75,20.96,55.98,0.0,4.98,4.03,7.91,0.37
2010,283,25.43,30.91,20.6,61.56,0.0,3.66,3.0,9.74,0.37
2010,284,26.06,31.92,21.33,65.4,0.0,3.04,2.46,13.68,0.37
2010,285,28.02,35.27,22.26,58.81,0.0,4.03,3.16,12.86,0.37
2010,286,29.03,36.38,22.38,53.46,0.0,6.3,4.98,14.63,0.37
2010,287,28.27,34.64,24.8,61.59,0.14,5.53,4.38,29.23,0.37
2010,288,27.31,32.42,24.09,69.64,0.21,4.65,3.74,17.42,0.37
2010,289,27.46,32.96,23.56,63.99,1.68,4.55,3.63,24.4,0.37
2010,290,27.8,35.34,23.64,65.65,1.69,5.62,4.48,13.47,0.37
2010,291,25.49,29.56,22.13,72.55,0.53,5.26,4.29,19.35,0.37
2010,292,25.15,30.96,20.39,64.84,0.16,6.23,5.09,19.32,0.37
2010,293,25.76,30.35,21.47,67.85,0.38,4.71,3.81,21.78,0.37
2010,294,25.92,30.87,22.56,70.52,0.36,3.19,2.62,56.23,0.37
2010,295,26.89,30.85,23.52,61.55,0.82,2.03,1.58,49.27,0.37
2010,296,26.33,31.08,23.78,63.94,14.49,3.44,2.71,50.2,0.39
2010,297,26.78,31.91,22.63,65.45,5.84,3.15,2.48,20.88,0.4
2010,298,26.85,32.39,22.48,66.95,0.48,4.39,3.5,9.71,0.4
2010,299,26.87,31.91,23.16,71.96,14.08,4.01,3.2,15.74,0.4
2010,300,24.84,27.99,21.7,77.91,25.15,5.03,4.12,27.25,0.46
2010,301,25.29,31.61,20.03,65.06,0.0,6.39,5.14,9.32,0.45
2010,302,25.64,31.34,20.0,69.07,0.32,5.42,4.39,29.83,0.44
2010,303,25.41,29.7,21.88,74.1,0.0,5.01,4.07,36.21,0.44
2010,304,24.67,31.0,20.06,62.77,0.0,7.71,6.19,13.71,0.43
2010,305,24.85,31.84,19.33,61.18,0.0,8.32,6.64,29.97,0.43
2010,306,25.19,31.1,19.79,62.69,0.0,6.25,5.04,39.6,0.42
2010,307,26.83,32.67,22.82,63.87,0.1,4.08,3.25,34.79,0.42
2010,308,27.43,33.4,23.46,70.03,0.4,3.88,3.06,14.44,0.41
2010,309,27.59,33.85,23.81,69.6,0.51,4.14,3.27,10.08,0.41
2010,310,28.03,34.15,23.61,67.54,0.05,3.99,3.13,8.94,0.41
2010,311,28.08,33.19,24.04,63.71,0.0,4.06,3.2,8.66,0.41
2010,312,27.84,33.95,22.77,61.59,0.0,3.6,2.91,8.96,0.4
2010,313,28.45,34.19,24.46,66.29,0.0,3.68,2.92,19.17,0.4
2010,314,28.84,35.17,24.95,68.17,0.0,3.88,3.07,18.28,0.4
2010,315,28.5,34.49,24.47,65.49,0.0,3.53,2.85,20.37,0.4
2010,316,28.66,34.57,24.38,65.41,0.05,3.15,2.55,11.8,0.39
2010,317,28.83,33.17,25.57,66.01,1.2,3.31,2.68,14.61,0.39
2010,318,30.3,36.22,25.67,51.62,0.0,7.27,5.7,11.1,0.39
2010,319,28.8,34.54,24.02,59.25,0.03,8.7,6.89,9.55,0.39
2010,320,28.2,34.53,23.1,55.7,0.0,5.28,4.25,8.93,0.39
2010,321,26.95,32.15,23.99,67.53,0.31,4.86,3.93,41.19,0.39
2010,322,25.07,29.61,22.29,69.0,0.28,3.46,2.85,73.36,0.39
2010,323,25.23,30.35,21.32,65.83,0.84,3.93,3.19,64.39,0.39
2010,324,25.47,27.92,23.39,61.52,3.63,2.22,1.81,98.73,0.39
2010,325,26.94,32.09,23.65,60.91,3.81,3.35,2.71,88.12,0.4
2010,326,26.66,30.15,24.01,66.52,10.02,2.98,2.41,77.85,0.41
2010,327,28.05,32.14,24.86,67.12,5.22,2.87,2.29,21.49,0.42
2010,328,28.64,33.2,25.12,67.14,4.93,4.01,3.2,31.66,0.42
2010,329,27.88,32.5,24.06,67.15,3.7,4.0,3.25,11.76,0.42
2010,330,28.04,32.42,23.86,68.58,3.4,4.7,3.8,12.64,0.42
2010,331,28.23,32.73,24.2,69.25,1.2,3.66,3.0,8.65,0.42
2010,332,28.1,32.19,25.06,71.61,0.67,4.83,3.91,10.24,0.41
2010,333,27.8,32.21,24.62,69.68,0.88,4.86,3.92,15.72,0.41
2010,334,27.98,32.68,23.92,65.92,3.29,5.93,4.78,32.99,0.41
2010,335,28.27,33.12,23.72,66.56,3.4,5.53,4.42,59.32,0.41
2010,336,28.75,33.21,24.53,65.21,0.66,4.0,3.21,35.76,0.41
2010,337,29.23,34.15,25.36,67.92,3.07,3.51,2.86,39.29,0.41
2010,338,29.13,34.32,25.67,67.86,4.99,4.32,3.47,52.07,0.41
2010,339,28.89,33.5,25.9,69.52,9.06,3.05,2.47,62.2,0.42
2010,340,27.4,30.94,24.54,70.44,3.56,4.66,3.76,31.22,0.43
2010,341,26.92,31.06,23.38,68.61,1.19,7.94,6.34,64.91,0.42
2010,342,25.93,30.54,22.26,64.74,0.23,8.28,6.6,56.67,0.42
2010,343,26.86,33.05,21.51,63.99,2.37,8.15,6.46,34.06,0.42
2010,344,27.32,30.71,23.73,74.05,23.6,5.79,4.56,67.86,0.44
2010,345,26.99,30.53,24.09,76.61,6.32,5.46,4.39,28.57,0.46
2010,346,26.69,30.1,24.1,74.31,2.39,3.62,2.94,14.88,0.46
2010,347,26.86,31.1,23.96,73.07,12.78,3.18,2.6,11.53,0.46
2010,348,26.9,30.86,24.16,70.66,2.31,3.73,3.04,12.59,0.47
2010,349,26.71,30.77,22.68,69.18,0.01,5.51,4.44,35.05,0.46
2010,350,27.55,33.0,22.42,64.71,0.01,5.6,4.52,18.56,0.45
2010,351,27.67,33.12,22.69,68.28,0.31,4.96,4.01,18.16,0.45
2010,352,27.9,31.97,24.7,72.88,1.35,4.1,3.3,20.18,0.44
2010,353,27.62,31.25,24.84,73.98,9.21,3.46,2.82,12.28,0.45
2010,354,26.96,30.53,24.24,74.41,3.98,3.84,3.08,66.17,0.45
2010,355,26.65,29.43,24.94,74.6,10.34,1.94,1.58,89.52,0.46
2010,356,26.81,30.2,24.45,77.7,12.02,4.66,3.73,54.08,0.47
2010,357,27.28,31.2,23.81,76.58,5.62,3.78,3.04,31.86,0.48
2010,358,28.53,32.43,25.33,71.53,3.34,3.07,2.48,20.85,0.48
2010,359,28.71,32.45,26.14,75.84,4.88,3.0,2.43,46.45,0.48
2010,360,26.98,30.13,24.71,76.12,11.64,3.51,2.84,88.27,0.49
2010,361,27.17,29.7,24.62,76.18,1.79,3.42,2.79,54.15,0.49
2010,362,27.87,31.5,25.1,71.65,1.88,2.85,2.27,20.02,0.49
2010,363,28.73,33.42,24.49,70.48,1.26,4.01,3.25,24.48,0.48
2010,364,29.05,33.77,25.06,69.64,1.37,4.27,3.45,47.75,0.47
2010,365,28.59,32.03,25.83,72.71,1.14,4.03,3.27,42.86,0.47
2011,1,29.48,34.58,24.79,66.07,0.14,5.22,4.19,17.88,0.47
2011,2,29.72,34.92,24.49,62.53,0.01,4.4,3.47,10.59,0.46
2011,3,29.54,34.56,24.26,60.89,0.04,4.56,3.64,17.46,0.45
2011,4,30.4,35.32,25.0,58.32,0.12,4.32,3.4,37.5,0.45
2011,5,29.43,34.46,23.91,56.77,0.17,4.96,3.95,54.43,0.44
2011,6,26.48,30.86,24.22,73.38,3.95,4.76,3.82,99.3,0.44
2011,7,26.57,29.57,24.29,74.51,4.56,6.15,4.87,99.46,0.45
2011,8,27.57,30.98,24.74,75.93,2.16,5.94,4.68,96.66,0.45
2011,9,28.51,33.15,25.26,73.13,1.16,3.65,2.94,57.79,0.45
2011,10,28.89,32.57,26.25,74.0,2.47,2.29,1.87,75.01,0.45
2011,11,29.07,32.44,26.59,73.67,2.46,3.38,2.7,62.86,0.45
2011,12,28.9,33.07,25.91,71.15,1.74,3.79,3.09,64.22,0.45
2011,13,29.25,33.93,25.94,69.9,4.89,2.94,2.38,48.51,0.45
2011,14,29.7,34.92,25.67,69.21,3.56,4.12,3.29,39.71,0.45
2011,15,29.2,33.3,26.28,73.1,5.69,3.74,3.0,63.37,0.45
2011,16,29.97,34.47,26.6,69.1,2.05,4.12,3.31,30.78,0.45
2011,17,30.19,35.19,26.6,68.07,3.89,3.92,3.1,22.22,0.45
2011,18,29.04,32.52,26.74,76.01,10.07,3.12,2.5,49.48,0.46
2011,19,28.22,31.55,25.7,73.18,4.62,2.89,2.31,65.76,0.46
2011,20,27.57,31.19,25.57,74.4,6.76,4.31,3.41,67.28,0.47
2011,21,26.94,29.49,24.87,78.56,5.16,3.8,3.07,87.35,0.48
2011,22,27.05,30.19,24.81,73.46,1.75,2.6,2.11,41.9,0.47
2011,23,28.08,32.62,24.17,69.91,1.01,2.98,2.38,47.23,0.47
2011,24,28.18,31.38,26.13,75.2,1.5,3.24,2.62,67.75,0.47
2011,25,27.65,30.76,25.46,78.06,2.48,3.24,2.64,43.86,0.46
2011,26,28.0,31.43,25.59,75.91,4.88,2.86,2.32,24.11,0.47
2011,27,28.13,31.72,25.73,77.31,16.35,3.77,3.04,40.79,0.48
2011,28,27.56,29.96,25.91,79.88,21.83,3.15,2.53,97.82,0.51
2011,29,27.17,31.03,24.83,82.65,18.48,6.77,5.35,93.94,0.53
2011,30,26.91,30.77,24.4,79.37,5.83,7.38,5.81,73.84,0.54
2011,31,26.66,30.2,24.09,78.8,1.95,5.95,4.75,62.02,0.53
2011,32,26.65,30.13,23.9,75.14,1.36,3.83,3.07,52.9,0.52
2011,33,27.52,32.35,23.61,72.15,0.61,5.74,4.56,38.45,0.51
2011,34,27.04,32.27,22.98,67.46,0.01,8.25,6.46,18.96,0.5
2011,35,27.02,32.27,22.81,68.27,0.03,8.49,6.62,10.95,0.49
2011,36,26.77,32.02,21.97,69.29,0.85,8.28,6.46,22.04,0.48
2011,37,28.02,33.36,23.12,69.86,1.3,6.11,4.69,10.61,0.48
2011,38,28.53,33.9,23.48,69.16,0.64,3.82,3.05,10.16,0.47
2011,39,28.68,32.88,25.25,72.1,3.5,3.07,2.43,15.69,0.47
2011,40,29.02,33.08,25.28,71.23,2.88,3.62,2.87,31.39,0.47
2011,41,28.37,33.12,24.4,72.47,2.39,6.41,5.11,29.4,0.47
2011,42,27.84,32.82,24.22,70.13,0.76,8.41,6.57,15.58,0.47
2011,43,28.87,34.47,23.91,66.57,0.78,6.9,5.31,10.59,0.46
2011,44,28.73,33.96,24.34,66.62,0.62,7.15,5.53,13.1,0.46
2011,45,28.43,34.22,23.16,68.27,1.28,7.94,6.12,13.42,0.45
2011,46,28.55,33.89,24.79,69.73,3.99,8.93,6.86,52.01,0.45
2011,47,27.71,32.1,25.28,72.57,12.89,10.63,8.12,95.09,0.46
2011,48,25.35,27.3,23.78,82.83,36.0,12.63,9.62,97.03,0.52
2011,49,24.51,27.07,22.57,85.37,15.52,15.88,11.97,98.52,0.54
2011,50,23.52,24.87,22.54,84.49,30.45,12.26,9.31,91.11,0.57
2011,51,24.43,26.14,23.13,83.92,9.29,7.18,5.58,86.52,0.59
2011,52,25.14,27.53,23.6,84.44,8.09,4.76,3.74,55.07,0.59
2011,53,25.39,28.27,23.16,81.58,2.18,3.89,3.06,23.85,0.58
2011,54,25.55,29.78,21.79,77.75,0.33,4.98,3.95,10.61,0.57
2011,55,26.22,30.48,21.97,75.22,2.35,3.8,3.01,11.38,0.55
2011,56,26.35,30.24,23.52,77.95,2.0,3.92,3.07,19.86,0.55
2011,57,26.21,29.54,23.66,79.35,1.9,4.65,3.64,17.01,0.54
2011,58,26.18,29.99,22.83,78.04,0.43,3.08,2.43,18.31,0.54
2011,59,26.62,30.35,23.71,77.3,2.26,2.8,2.24,20.38,0.53
2011,60,26.38,30.1,23.68,75.9,1.74,2.6,2.09,15.3,0.53
2011,61,26.79,31.42,22.7,73.77,2.15,4.5,3.6,14.35,0.52
2011,62,27.22,31.98,22.61,75.0,2.08,4.46,3.51,23.28,0.52
2011,63,27.99,32.58,23.71,73.39,1.15,4.12,3.19,10.66,0.51
2011,64,27.64,31.52,24.14,75.63,1.81,4.15,3.28,17.09,0.51
2011,65,27.53,31.89,23.89,76.44,2.85,4.1,3.23,19.96,0.51
2011,66,27.59,32.82,23.4,73.68,1.85,5.37,4.25,14.51,0.5
2011,67,27.19,31.95,22.85,74.74,4.95,4.03,3.26,15.43,0.5
2011,68,27.35,31.76,23.64,75.11,9.15,3.29,2.64,17.17,0.5
2011,69,27.59,31.92,23.97,77.1,13.47,3.32,2.66,28.72,0.52
2011,70,27.34,31.17,24.17,78.79,14.45,3.42,2.75,26.37,0.53
2011,71,27.65,31.33,24.38,78.34,1.59,2.54,2.03,14.21,0.54
2011,72,28.12,30.96,25.37,77.39,1.15,2.14,1.71,22.78,0.53
2011,73,28.55,33.25,24.26,69.43,0.08,3.65,2.88,14.46,0.52
2011,74,28.41,33.34,23.52,65.91,0.11,4.58,3.56,27.88,0.51
2011,75,28.38,33.78,23.48,65.04,0.08,4.79,3.73,13.41,0.5
2011,76,28.35,33.44,23.38,66.54,0.92,4.19,3.3,13.18,0.49
2011,77,28.46,33.64,24.11,67.27,0.36,4.12,3.25,12.21,0.49
2011,78,28.52,33.28,24.15,66.46,0.15,3.43,2.74,24.86,0.48
2011,79,28.65,33.22,24.1,63.76,0.02,3.46,2.74,29.67,0.48
2011,80,28.27,33.32,23.94,64.14,0.08,3.78,3.02,12.02,0.47
2011,81,27.91,31.72,24.96,70.92,2.98,2.46,1.95,13.87,0.47
2011,82,27.34,31.31,23.98,74.08,3.49,2.85,2.29,12.43,0.47
2011,83,27.51,32.3,23.69,73.23,10.59,3.33,2.66,12.58,0.48
2011,84,28.01,33.72,23.6,66.1,0.05,4.18,3.32,9.3,0.48
2011,85,27.41,33.01,22.32,71.08,2.37,3.42,2.73,10.26,0.48
2011,86,28.35,33.61,24.28,69.98,0.47,4.37,3.44,12.98,0.47
2011,87,27.74,32.92,23.46,69.07,0.14,5.09,4.05,15.46,0.47
2011,88,27.24,32.19,23.55,71.65,3.91,4.78,3.83,13.68,0.47
2011,89,27.03,31.58,23.5,76.38,11.94,5.32,4.24,14.52,0.47
2011,90,27.75,32.52,23.46,75.65,5.74,3.01,2.42,13.68,0.48
2011,91,27.59,30.51,25.82,80.6,2.71,2.0,1.57,40.03,0.49
2011,92,27.31,30.15,25.42,81.49,1.36,2.48,1.98,57.79,0.49
2011,93,26.99,29.5,25.27,83.46,3.55,3.13,2.5,45.21,0.49
2011,94,27.51,31.0,24.82,78.64,4.19,2.79,2.2,18.43,0.49
2011,95,26.81,29.54,24.71,80.26,3.69,4.23,3.35,19.58,0.49
2011,96,28.05,32.64,24.18,72.72,4.93,3.49,2.67,32.29,0.49
2011,97,27.24,31.07,24.57,77.17,2.66,4.4,3.47,62.37,0.49
2011,98,26.19,28.94,23.18,78.88,3.64,5.98,4.7,41.04,0.49
2011,99,24.92,29.03,22.78,80.93,3.64,8.02,6.3,51.16,0.49
2011,100,24.76,28.2,22.03,80.9,10.18,3.68,2.94,44.19,0.5
2011,101,23.87,27.35,21.37,78.37,1.17,5.29,4.24,27.37,0.5
2011,102,23.93,28.45,20.57,78.02,1.8,5.46,4.31,17.91,0.5
2011,103,24.32,29.06,20.58,76.5,0.54,5.55,4.41,14.49,0.5
2011,104,24.08,29.05,20.02,74.72,0.03,4.91,3.96,12.79,0.49
2011,105,24.51,29.4,20.22,74.38,0.15,4.9,3.94,17.24,0.48
2011,106,24.63,29.13,20.93,76.53,0.75,4.12,3.32,12.1,0.48
2011,107,25.0,29.51,21.5,76.36,0.41,3.58,2.84,15.42,0.48
2011,108,24.59,28.72,21.83,75.49,0.43,4.12,3.29,13.37,0.47
2011,109,24.37,28.82,21.15,75.05,0.05,6.41,5.09,54.76,0.47
2011,110,25.0,30.14,21.57,74.42,0.53,6.63,5.23,54.15,0.47
2011,111,25.37,30.48,21.22,74.74,0.0,3.57,2.84,16.21,0.47
2011,112,24.82,28.51,22.63,80.31,0.09,3.79,3.01,53.44,0.46
2011,113,24.94,29.34,21.99,74.5,0.06,6.25,4.96,35.03,0.46
2011,114,24.77,29.05,21.64,75.12,0.08,6.16,4.87,32.32,0.46
2011,115,24.94,29.82,20.92,75.53,0.36,3.64,2.92,20.92,0.46
2011,116,25.27,29.35,22.6,78.63,0.21,2.87,2.28,16.09,0.45
2011,117,25.4,29.5,22.34,75.6,0.03,3.03,2.42,13.32,0.45
2011,118,25.3,29.45,22.73,73.38,0.0,2.34,1.85,23.21,0.45
2011,119,24.65,28.87,21.65,74.26,0.05,5.76,4.56,23.95,0.45
2011,120,23.74,28.07,20.68,75.56,0.02,6.76,5.38,11.2,0.44
2011,121,23.45,27.54,20.98,73.19,0.32,7.67,6.04,57.18,0.44
2011,122,23.4,27.96,20.34,69.1,0.09,8.56,6.69,17.99,0.44
2011,123,23.5,28.5,19.83,71.15,0.41,7.57,5.94,15.87,0.44
2011,124,24.12,30.07,19.44,71.79,0.02,6.28,4.94,10.29,0.44
2011,125,24.4,29.61,19.99,69.79,0.72,4.02,3.2,25.44,0.43
2011,126,24.44,29.31,20.63,69.74,0.07,3.79,2.99,22.2,0.43
2011,127,24.06,28.35,20.75,73.98,0.0,2.53,1.99,16.04,0.43
2011,128,23.63,27.45,20.85,77.76,0.03,2.91,2.33,18.31,0.43
2011,129,23.76,28.33,20.09,70.2,0.02,2.95,2.36,14.22,0.43
2011,130,23.36,28.46,18.85,70.65,0.02,3.81,3.05,15.32,0.42
2011,131,23.34,27.52,20.2,75.2,0.03,2.27,1.84,14.65,0.42
2011,132,23.89,29.0,19.74,71.31,0.47,3.41,2.69,15.21,0.42
2011,133,23.87,29.81,19.22,70.94,3.13,4.42,3.5,10.75,0.42
2011,134,24.26,29.81,20.13,68.8,0.27,3.59,2.85,11.25,0.42
2011,135,23.79,28.3,20.41,76.4,2.38,2.81,2.19,14.73,0.42
2011,136,23.65,28.21,20.91,75.32,0.01,2.53,1.98,11.02,0.42
2011,137,23.24,28.77,19.57,74.62,0.0,2.63,2.02,14.05,0.42
2011,138,23.26,29.19,19.01,71.36,0.0,3.13,2.44,16.78,0.42
2011,139,22.8,27.92,18.69,74.33,0.0,3.32,2.58,56.68,0.42
2011,140,23.14,27.39,20.03,73.81,0.0,5.22,4.15,54.13,0.42
2011,141,22.78,27.0,19.87,72.44,0.02,6.05,4.86,52.68,0.41
2011,142,22.85,27.43,19.44,70.84,0.01,5.59,4.45,48.91,0.41
2011,143,24.5,30.53,19.01,68.8,0.0,3.87,3.05,28.09,0.41
2011,144,25.36,31.08,21.55,72.04,0.0,3.77,2.94,13.74,0.41
2011,145,25.14,30.69,20.83,74.22,0.0,2.45,1.91,8.56,0.41
2011,146,25.65,31.14,21.05,74.05,0.42,4.45,3.47,10.94,0.41
2011,147,24.31,26.87,22.1,82.25,6.04,4.86,3.83,67.72,0.42
2011,148,22.86,25.73,20.76,70.58,1.44,4.24,3.36,49.94,0.42
2011,149,21.64,24.97,19.06,63.7,0.02,3.01,2.35,27.24,0.42
2011,150,20.67,25.91,16.44,63.23,0.0,2.82,2.16,18.43,0.42
2011,151,22.53,28.27,17.73,58.36,0.0,1.97,1.48,16.42,0.41
2011,152,23.09,28.01,18.93,67.5,0.02,2.59,1.99,21.51,0.41
2011,153,23.06,27.27,19.8,74.24,0.42,5.05,4.0,29.67,0.41
2011,154,23.26,28.9,19.12,73.67,0.14,6.08,4.81,13.39,0.41
2011,155,23.19,29.01,18.65,71.0,0.0,4.17,3.32,16.38,0.41
2011,156,23.19,28.73,19.12,72.03,0.1,5.09,4.03,14.6,0.41
2011,157,23.92,29.67,18.85,66.7,0.0,3.53,2.77,32.84,0.41
2011,158,23.96,29.8,19.53,65.88,0.0,3.35,2.63,15.1,0.4
2011,159,23.18,29.28,18.6,69.49,0.0,3.08,2.39,13.53,0.4
2011,160,23.63,29.41,19.07,65.95,0.0,3.21,2.49,19.72,0.4
2011,161,24.13,29.58,19.9,66.35,0.94,5.95,4.61,82.73,0.4
2011,162,23.32,25.54,21.98,72.0,2.88,6.37,4.98,52.04,0.41
2011,163,22.54,25.17,20.24,70.82,0.33,4.77,3.77,41.0,0.41
2011,164,22.19,24.98,19.87,76.76,1.97,4.87,3.82,50.69,0.41
2011,165,21.74,25.87,18.38,74.11,0.25,6.03,4.79,23.42,0.41
2011,166,22.47,28.18,17.35,66.17,0.02,5.59,4.41,12.74,0.41
2011,167,23.07,28.74,18.61,69.31,0.0,4.73,3.74,11.94,0.4
2011,168,23.46,27.45,19.82,77.12,0.02,4.76,3.72,16.0,0.4
2011,169,22.12,25.12,18.6,69.28,1.18,5.77,4.51,30.8,0.4
2011,170,20.76,26.11,16.82,67.93,0.25,5.91,4.67,17.9,0.4
2011,171,20.6,26.0,16.03,70.51,0.0,4.28,3.36,17.82,0.4
2011,172,21.39,26.42,17.15,67.18,0.0,4.4,3.46,25.18,0.4
2011,173,20.76,24.49,18.46,70.08,0.0,4.48,3.56,27.14,0.4
2011,174,20.15,24.1,17.35,57.57,0.0,3.23,2.55,32.07,0.4
2011,175,19.54,25.35,14.74,61.05,0.0,3.42,2.63,17.35,0.4
2011,176,19.9,24.39,16.19,69.19,0.0,3.42,2.64,22.17,0.4
2011,177,20.87,23.84,19.05,69.72,0.14,4.37,3.49,51.77,0.4
2011,178,20.66,24.73,17.42,66.61,0.0,4.1,3.25,18.01,0.4
2011,179,21.63,27.91,16.59,69.56,0.0,5.68,4.53,14.18,0.4
2011,180,22.29,28.17,17.77,72.28,0.0,5.57,4.39,12.72,0.4
2011,181,22.08,28.66,17.73,74.2,0.0,4.84,3.83,11.93,0.4
2011,182,21.44,24.21,19.25,70.75,0.78,5.08,4.01,25.0,0.4
2011,183,20.25,23.81,17.92,63.66,0.51,3.35,2.62,26.44,0.4
2011,184,20.56,24.18,17.65,68.53,0.11,3.17,2.5,39.96,0.4
2011,185,21.18,24.93,17.26,67.65,1.65,6.02,4.78,36.72,0.4
2011,186,19.09,24.44,14.89,65.52,0.0,6.55,5.22,15.62,0.4
2011,187,19.21,22.76,14.99,74.29,0.87,4.86,3.95,43.03,0.4
2011,188,19.81,22.36,17.71,63.84,0.87,6.45,5.09,48.84,0.4
2011,189,20.53,24.16,17.81,64.68,0.28,4.76,3.76,31.23,0.4
2011,190,20.15,25.06,16.5,69.65,0.21,6.9,5.47,18.02,0.4
2011,191,19.31,24.91,15.18,65.05,0.09,8.64,6.79,13.67,0.4
2011,192,19.29,25.5,14.07,62.99,0.04,8.16,6.43,39.7,0.4
2011,193,19.42,24.01,15.54,61.47,0.02,7.4,5.84,96.94,0.39
2011,194,20.05,26.66,14.3,58.09,0.01,4.56,3.63,16.61,0.39
2011,195,20.86,27.19,15.67,66.37,0.0,4.06,3.21,14.23,0.39
2011,196,21.16,26.1,17.17,70.97,0.0,3.32,2.61,37.54,0.39
2011,197,20.72,25.1,17.34,76.71,0.13,3.51,2.76,29.68,0.39
2011,198,21.0,25.53,16.98,75.0,0.13,5.51,4.33,36.8,0.39
2011,199,21.52,25.31,19.26,78.61,0.12,5.42,4.28,34.56,0.39
2011,200,21.1,25.09,18.44,79.68,0.03,3.7,2.9,29.57,0.39
2011,201,21.12,25.02,18.47,73.36,0.0,2.53,2.04,18.3,0.39
2011,202,20.89,25.97,17.69,68.42,0.02,4.51,3.6,17.43,0.39
2011,203,20.38,26.44,15.37,67.0,0.0,6.67,5.31,14.4,0.39
2011,204,20.35,25.23,16.27,65.75,0.02,6.84,5.44,19.96,0.39
2011,205,20.38,26.89,14.72,58.1,0.0,6.6,5.24,14.91,0.39
2011,206,21.26,27.15,16.54,67.58,0.0,5.85,4.66,19.04,0.39
2011,207,21.65,26.24,17.85,69.14,0.0,3.66,2.92,36.97,0.39
2011,208,21.44,26.18,17.71,67.5,0.0,4.29,3.38,17.83,0.39
2011,209,20.87,24.96,18.43,75.35,0.0,3.13,2.47,33.75,0.39
2011,210,21.01,27.05,16.38,71.55,0.0,3.49,2.73,16.17,0.39
2011,211,21.07,26.42,17.17,74.67,0.0,3.66,2.88,20.5,0.39
2011,212,21.34,25.72,17.65,72.92,0.1,5.52,4.38,35.18,0.39
2011,213,21.85,27.68,17.31,67.16,0.0,7.46,5.92,9.57,0.39
2011,214,21.16,26.6,16.91,60.44,0.0,8.45,6.72,32.06,0.38
2011,215,22.59,27.84,17.93,56.7,0.03,6.73,5.34,27.82,0.38
2011,216,23.43,29.2,17.95,54.39,0.15,4.83,3.78,13.81,0.38
2011,217,23.95,29.97,19.25,58.95,0.09,4.09,3.22,26.07,0.38
2011,218,24.56,30.18,19.54,56.64,0.01,3.8,2.98,17.22,0.38
2011,219,23.74,28.97,19.16,61.98,0.01,3.44,2.75,23.88,0.38
2011,220,22.33,26.39,19.95,73.19,1.55,4.02,3.25,30.64,0.38
2011,221,21.03,24.43,18.75,73.22,0.66,3.81,3.08,39.47,0.39
2011,222,21.06,24.72,18.43,75.4,0.25,4.03,3.24,37.5,0.39
2011,223,20.72,25.0,17.83,70.49,0.06,4.51,3.62,20.15,0.39
2011,224,19.43,23.86,15.86,68.77,0.0,2.94,2.34,21.02,0.38
2011,225,19.84,24.87,15.44,67.43,0.0,2.84,2.25,16.02,0.38
2011,226,21.15,27.5,15.95,71.63,0.0,4.23,3.38,12.91,0.38
2011,227,22.12,27.11,18.1,77.97,3.23,3.01,2.4,31.44,0.38
2011,228,22.28,26.67,19.14,74.74,3.73,2.52,2.01,33.35,0.39
2011,229,21.71,27.1,17.86,74.2,10.09,4.66,3.73,59.44,0.4
2011,230,21.65,26.52,18.99,73.48,2.75,6.85,5.43,90.84,0.41
2011,231,22.15,26.4,18.65,75.07,2.33,4.78,3.76,67.97,0.41
2011,232,21.53,25.13,18.86,79.06,0.6,4.89,3.89,37.96,0.41
2011,233,21.78,27.19,17.66,72.07,0.02,6.28,5.04,10.54,0.41
2011,234,23.66,29.74,18.63,67.88,0.0,6.3,4.94,8.19,0.41
2011,235,24.68,30.59,20.08,62.11,0.0,5.25,4.08,7.56,0.4
2011,236,23.85,29.54,19.32,62.59,0.0,4.28,3.39,9.15,0.4
2011,237,22.21,27.4,18.22,66.43,0.0,4.52,3.59,11.78,0.4
2011,238,21.37,25.87,18.11,77.1,0.0,4.61,3.72,21.81,0.4
2011,239,22.27,27.66,17.77,74.53,0.0,4.35,3.47,11.76,0.39
2011,240,22.84,28.38,18.33,70.32,0.0,5.84,4.65,12.35,0.39
2011,241,23.17,28.74,19.05,71.02,0.68,7.1,5.67,16.38,0.39
2011,242,24.34,30.47,19.02,60.24,0.0,5.08,3.99,7.48,0.39
2011,243,24.21,29.91,19.23,56.12,0.0,4.36,3.47,6.98,0.39
2011,244,24.05,29.95,19.21,57.35,0.0,4.57,3.64,8.84,0.39
2011,245,23.93,29.57,19.11,58.66,0.0,4.41,3.5,8.21,0.39
2011,246,23.33,28.38,20.21,70.51,0.0,3.61,2.92,10.33,0.39
2011,247,22.81,29.07,18.76,71.87,0.0,6.03,4.86,10.88,0.39
2011,248,21.94,27.58,17.45,67.05,0.0,7.12,5.72,9.96,0.38
2011,249,21.09,26.9,16.61,63.2,0.0,6.39,5.18,15.02,0.38
2011,250,21.84,28.07,16.47,66.57,0.0,6.95,5.59,12.12,0.38
2011,251,22.7,28.88,17.51,60.2,0.02,7.24,5.79,10.17,0.38
2011,252,23.08,30.18,16.69,56.79,0.0,5.36,4.26,11.31,0.38
2011,253,24.48,31.06,18.76,57.21,0.0,4.18,3.3,10.97,0.38
2011,254,24.85,31.89,18.36,52.09,0.0,4.81,3.8,7.38,0.38
2011,255,24.38,30.91,18.29,53.44,0.0,4.2,3.36,7.02,0.38
2011,256,24.46,30.75,19.62,57.04,0.0,4.84,3.86,9.13,0.38
2011,257,24.84,31.55,19.9,58.31,0.0,3.95,3.14,8.87,0.38
2011,258,24.61,30.74,19.87,60.99,0.0,2.9,2.29,22.6,0.38
2011,259,24.55,30.29,20.63,68.21,0.14,4.22,3.42,12.54,0.38
2011,260,22.28,26.41,17.88,59.56,0.04,8.26,6.65,27.61,0.38
2011,261,22.0,30.36,15.46,53.56,0.0,5.34,4.32,14.41,0.38
2011,262,23.91,30.95,18.1,61.09,0.0,5.19,4.08,15.05,0.38
2011,263,24.63,30.57,21.09,70.45,0.01,3.65,2.92,20.49,0.38
2011,264,24.4,29.86,20.3,66.05,0.0,4.08,3.33,11.95,0.38
2011,265,25.02,31.25,20.31,63.88,0.0,7.63,6.08,11.15,0.38
2011,266,24.89,31.75,19.36,59.16,0.0,8.13,6.47,8.57,0.37
2011,267,24.07,29.97,19.61,59.63,0.0,9.3,7.4,9.28,0.37
2011,268,23.72,30.25,17.89,54.18,0.0,8.92,7.08,8.45,0.37
2011,269,24.12,30.23,18.96,55.46,0.07,4.88,3.94,9.92,0.37
2011,270,25.06,31.25,20.98,60.87,0.0,4.11,3.26,8.98,0.37
2011,271,24.21,30.24,19.35,59.01,0.0,4.48,3.58,9.18,0.37
2011,272,24.03,31.24,18.06,54.35,0.0,4.94,4.0,15.28,0.37
2011,273,24.85,31.58,20.02,63.06,0.0,4.09,3.26,25.29,0.37
2011,274,25.4,31.23,20.48,66.48,0.0,5.95,4.78,30.24,0.37
2011,275,26.55,33.24,21.98,61.39,0.0,4.73,3.74,32.32,0.37
2011,276,26.4,32.44,22.78,61.35,0.02,4.07,3.23,18.53,0.37
2011,277,24.95,29.96,21.62,71.12,0.01,3.59,2.91,70.91,0.37
2011,278,23.9,26.74,21.55,72.07,0.32,4.81,3.91,60.3,0.37
2011,279,21.82,25.35,19.37,61.58,0.05,9.02,7.22,68.01,0.37
2011,280,22.42,27.73,18.22,51.28,0.01,8.43,6.77,25.98,0.37
2011,281,24.06,31.27,16.75,49.82,0.0,7.24,5.78,13.3,0.37
2011,282,24.68,31.43,18.77,54.74,0.0,5.1,4.11,10.87,0.37
2011,283,25.69,32.09,20.3,54.11,0.03,5.42,4.32,8.51,0.37
2011,284,25.81,32.49,20.67,53.42,0.29,5.36,4.27,41.36,0.37
2011,285,25.79,31.8,22.03,60.45,0.26,5.55,4.4,74.59,0.37
2011,286,25.74,29.35,22.54,59.35,1.28,3.27,2.56,80.67,0.37
2011,287,27.13,33.01,21.93,52.92,0.01,5.65,4.48,50.77,0.37
2011,288,27.47,34.33,23.52,55.93,0.67,4.57,3.61,56.06,0.37
2011,289,25.42,27.69,23.53,64.86,1.41,4.44,3.56,91.21,0.37
2011,290,24.82,28.1,22.31,64.82,2.9,3.17,2.56,54.16,0.38
2011,291,24.73,29.67,20.91,62.28,0.26,3.9,3.19,17.32,0.38
2011,292,26.2,32.85,20.42,60.64,0.0,4.67,3.75,10.09,0.37
2011,293,27.31,33.18,23.03,59.48,0.0,4.94,3.88,24.61,0.37
2011,294,25.66,29.66,22.18,69.67,0.09,4.47,3.6,54.93,0.37
2011,295,25.63,30.94,21.66,66.11,0.12,6.2,5.04,17.66,0.37
2011,296,25.67,32.0,21.08,65.83,0.0,5.43,4.42,7.49,0.37
2011,297,25.46,31.25,21.61,64.39,0.0,4.05,3.3,12.05,0.37
2011,298,25.31,31.69,20.08,61.01,0.0,3.85,3.12,9.71,0.37
2011,299,25.47,31.13,20.78,69.34,0.0,3.81,3.09,29.54,0.37
2011,300,26.28,32.18,21.75,64.56,0.0,4.43,3.62,20.85,0.37
2011,301,28.09,34.24,22.07,53.85,0.0,6.24,4.96,12.87,0.37
2011,302,28.28,34.34,23.41,54.25,0.18,4.64,3.69,17.04,0.37
2011,303,27.88,33.47,23.99,61.92,0.0,4.23,3.35,16.03,0.37
2011,304,27.19,33.27,23.06,67.15,0.0,3.54,2.83,18.73,0.37
2011,305,26.51,32.08,22.44,67.62,0.73,6.26,5.0,17.29,0.37
2011,306,24.67,29.33,21.99,61.68,0.53,8.38,6.73,76.05,0.37
2011,307,23.68,28.48,19.59,60.71,0.0,6.86,5.58,24.62,0.37
2011,308,24.9,31.85,19.64,61.1,0.0,4.69,3.81,9.02,0.37
2011,309,24.51,29.06,20.6,65.58,0.0,3.88,3.14,10.6,0.37
2011,310,25.56,30.99,19.99,58.4,0.0,3.4,2.74,21.95,0.37
2011,311,25.93,30.05,22.24,56.08,4.71,5.31,4.16,74.53,0.37
2011,312,26.29,32.96,19.39,57.02,0.01,7.26,5.78,6.99,0.37
2011,313,27.23,33.8,21.65,57.03,0.0,4.52,3.6,7.98,0.37
2011,314,27.08,32.53,22.4,59.4,0.0,3.56,2.82,8.41,0.37
2011,315,28.0,34.45,21.83,56.1,0.0,4.93,3.89,7.75,0.37
2011,316,29.89,36.66,24.8,47.17,0.0,4.82,3.79,7.66,0.37
2011,317,29.44,36.19,24.73,52.27,0.31,3.76,2.96,9.87,0.37
2011,318,27.78,33.17,23.43,72.19,1.1,4.28,3.45,15.13,0.37
2011,319,27.92,32.62,25.06,70.46,3.49,3.38,2.75,23.96,0.37
2011,320,28.79,34.45,24.26,59.42,1.14,5.74,4.59,9.76,0.37
2011,321,29.5,35.4,24.8,56.64,0.13,6.18,4.9,10.95,0.37
2011,322,28.85,34.22,23.73,59.95,0.0,6.39,5.13,8.01,0.37
2011,323,27.18,32.0,23.38,62.76,0.55,8.24,6.56,27.84,0.37
2011,324,26.57,32.49,21.21,58.55,1.27,9.11,7.23,12.76,0.37
2011,325,27.44,33.41,22.66,58.83,2.39,5.29,4.23,7.97,0.37
2011,326,26.71,31.97,22.88,65.02,0.0,5.28,4.26,10.6,0.37
2011,327,27.07,33.04,23.64,65.37,0.0,3.92,3.19,8.08,0.37
2011,328,27.58,33.3,23.23,63.11,0.0,4.03,3.27,9.79,0.37
2011,329,27.97,34.04,23.53,62.47,0.0,4.44,3.59,22.77,0.37
2011,330,27.51,32.13,24.04,69.92,0.03,3.9,3.18,16.53,0.37
2011,331,27.64,32.71,24.25,65.15,0.46,7.62,6.1,15.05,0.37
2011,332,28.02,34.1,22.78,59.29,0.11,9.03,7.13,11.83,0.37
2011,333,30.06,36.01,24.26,56.96,1.18,4.43,3.45,9.95,0.37
2011,334,29.59,34.23,26.4,64.28,2.79,4.28,3.38,16.41,0.37
2011,335,28.32,32.46,25.2,71.85,1.3,4.02,3.27,25.17,0.37
2011,336,27.57,31.89,24.89,70.47,0.11,4.71,3.83,22.82,0.37
2011,337,27.21,31.33,24.64,66.35,0.42,4.35,3.52,44.87,0.37
2011,338,25.5,29.36,21.75,59.99,0.21,8.24,6.58,57.73,0.37
2011,339,25.78,31.73,20.23,52.36,0.0,8.0,6.39,9.54,0.37
2011,340,27.73,33.93,22.53,56.63,0.13,6.08,4.85,10.85,0.37
2011,341,27.88,32.74,24.32,65.04,1.01,4.35,3.47,32.49,0.37
2011,342,27.23,31.75,24.68,67.95,0.85,4.1,3.33,32.81,0.37
2011,343,26.99,31.09,23.82,62.78,0.08,4.02,3.27,7.71,0.37
2011,344,28.12,33.08,23.65,64.33,0.72,3.64,2.94,25.22,0.37
2011,345,28.6,33.21,25.16,66.49,1.76,3.46,2.8,11.08,0.37
2011,346,28.66,33.2,24.61,64.66,0.32,3.95,3.18,12.54,0.37
2011,347,28.44,32.76,25.05,64.14,0.35,3.79,3.08,42.44,0.37
2011,348,28.7,33.81,24.72,58.93,0.0,4.01,3.25,7.76,0.37
2011,349,29.22,34.81,24.87,57.0,0.01,4.13,3.28,30.95,0.37
2011,350,27.97,32.85,24.22,68.46,0.12,4.78,3.86,61.67,0.37
2011,351,27.1,30.37,24.94,72.99,2.45,6.11,4.93,47.85,0.37
2011,352,26.53,30.04,22.67,73.1,7.05,7.05,5.63,28.85,0.38
2011,353,25.06,29.09,21.65,67.71,1.02,6.96,5.58,31.94,0.38
2011,354,24.49,26.9,22.17,73.64,7.4,4.54,3.69,59.73,0.38
2011,355,25.43,28.37,23.18,74.81,3.25,5.4,4.31,27.77,0.39
2011,356,26.28,30.14,23.19,72.87,3.4,4.82,3.87,19.84,0.39
2011,357,26.91,30.89,23.77,69.51,0.3,3.81,3.11,17.12,0.39
2011,358,27.91,33.63,23.56,67.25,0.48,5.39,4.3,8.25,0.38
2011,359,28.79,33.82,24.26,68.08,3.16,5.26,4.19,12.73,0.38
2011,360,30.2,35.85,25.56,61.18,3.2,6.05,4.69,11.03,0.38
2011,361,30.56,35.78,25.54,57.85,0.95,4.17,3.19,13.9,0.38
2011,362,28.87,33.47,25.73,68.75,3.97,5.44,4.31,14.23,0.38
2011,363,27.67,31.13,25.25,74.04,1.85,5.15,4.13,41.84,0.39
2011,364,26.85,30.34,24.48,69.6,1.32,3.9,3.18,33.14,0.39
2011,365,27.61,33.2,22.85,61.86,0.39,5.03,4.07,13.82,0.38
2012,1,28.12,32.62,23.93,64.55,0.43,4.13,3.35,54.85,0.38
2012,2,28.25,32.47,25.35,67.34,2.47,3.3,2.7,98.94,0.38
2012,3,28.69,32.5,26.17,67.33,1.61,2.84,2.34,34.19,0.38
2012,4,30.06,35.8,25.13,58.1,0.04,3.42,2.69,11.28,0.38
2012,5,29.79,35.29,26.28,62.95,0.33,4.73,3.75,29.08,0.38
2012,6,28.62,33.02,25.8,70.15,24.09,2.57,2.08,58.08,0.4
2012,7,26.73,29.21,25.18,82.38,23.35,2.1,1.68,93.03,0.44
2012,8,27.46,31.01,24.87,74.64,29.05,3.8,2.97,94.74,0.48
2012,9,27.03,31.58,24.03,73.94,5.42,9.61,7.42,84.95,0.5
2012,10,26.99,31.01,23.7,73.7,2.09,9.56,7.41,36.83,0.49
2012,11,27.38,32.57,23.26,70.24,0.2,6.85,5.38,8.87,0.48
2012,12,27.2,33.08,21.88,66.29,0.97,6.58,5.15,8.6,0.47
2012,13,27.57,32.92,22.05,70.58,0.71,5.51,4.37,21.36,0.46
2012,14,27.65,31.21,24.43,75.75,2.16,3.9,3.17,26.33,0.46
2012,15,27.38,31.59,24.89,77.79,5.53,3.39,2.74,53.06,0.46
2012,16,28.05,31.21,25.04,73.21,1.76,3.82,2.99,49.4,0.46
2012,17,27.82,32.42,23.76,63.14,0.64,3.65,2.94,61.9,0.46
2012,18,28.9,33.47,24.37,60.99,0.01,3.28,2.61,46.67,0.45
2012,19,28.82,34.24,23.3,58.85,0.14,4.28,3.35,55.55,0.45
2012,20,28.03,33.48,23.1,61.65,0.09,4.04,3.24,48.71,0.44
2012,21,28.76,33.94,24.36,63.7,1.97,5.17,4.06,65.11,0.44
2012,22,28.65,33.19,24.71,67.85,4.37,3.13,2.51,59.3,0.44
2012,23,28.12,31.66,25.24,74.44,7.49,3.55,2.78,97.02,0.44
2012,24,28.55,32.84,25.41,72.18,2.16,7.48,5.83,69.81,0.45
2012,25,28.72,32.6,25.74,69.36,3.34,9.94,7.68,99.64,0.45
2012,26,28.22,31.35,25.62,72.84,5.37,10.63,8.17,90.87,0.45
2012,27,27.36,30.69,25.07,78.52,9.31,8.6,6.67,69.11,0.46
2012,28,26.83,29.88,24.46,81.34,2.59,7.19,5.65,72.75,0.46
2012,29,26.26,29.65,23.63,72.88,2.03,5.91,4.73,30.47,0.46
2012,30,27.39,32.43,23.0,74.48,4.08,5.87,4.66,61.22,0.46
2012,31,27.41,31.73,24.42,77.68,8.31,4.65,3.62,95.77,0.46
2012,32,26.49,29.86,23.63,73.25,0.29,4.01,3.2,55.08,0.46
2012,33,27.7,31.65,23.98,70.44,1.63,3.16,2.54,41.16,0.46
2012,34,29.2,33.8,24.91,72.41,0.89,4.23,3.42,17.48,0.46
2012,35,29.59,34.53,24.91,67.18,1.09,3.41,2.74,18.51,0.45
2012,36,29.02,33.41,24.93,71.48,0.55,3.37,2.74,21.12,0.45
2012,37,28.81,33.24,24.76,68.32,0.63,4.7,3.8,15.08,0.44
2012,38,28.42,32.51,24.46,69.34,1.11,5.23,4.21,20.85,0.44
2012,39,28.76,33.39,24.16,65.97,0.71,5.04,4.03,15.08,0.43
2012,40,28.52,32.67,25.43,67.27,0.49,3.98,3.19,14.29,0.43
2012,41,27.93,31.85,25.26,72.29,1.66,4.18,3.35,25.98,0.43
2012,42,28.07,32.54,25.05,68.26,0.45,3.3,2.66,23.27,0.43
2012,43,28.45,33.67,24.41,66.31,0.73,3.54,2.82,13.82,0.42
2012,44,29.58,34.87,25.68,65.19,0.45,5.32,4.24,32.48,0.42
2012,45,29.99,34.71,25.43,63.5,1.29,6.68,5.07,95.21,0.42
2012,46,28.55,31.45,26.49,67.56,0.11,12.01,9.17,99.46,0.42
2012,47,28.9,32.65,26.31,70.36,0.58,11.48,8.8,98.86,0.42
2012,48,27.46,29.96,26.25,82.87,2.81,7.93,6.12,87.27,0.42
2012,49,27.4,30.56,25.7,81.68,2.7,6.17,4.82,76.33,0.42
2012,50,27.43,31.52,24.32,72.57,1.13,7.71,6.03,48.54,0.42
2012,51,27.52,33.3,22.94,62.46,0.05,8.0,6.23,17.88,0.42
2012,52,28.12,34.13,22.78,63.04,0.08,5.23,4.12,16.52,0.41
2012,53,28.27,34.0,23.79,64.3,0.39,4.13,3.28,18.81,0.41
2012,54,28.17,33.15,24.67,69.77,1.24,4.98,3.96,16.29,0.41
2012,55,28.65,33.07,25.3,67.89,1.27,4.8,3.84,14.14,0.41
2012,56,29.59,34.6,25.44,65.67,4.41,4.61,3.63,28.26,0.41
2012,57,30.26,35.82,25.1,54.27,0.01,4.48,3.41,30.54,0.41
2012,58,30.52,34.88,26.55,59.69,2.98,5.86,4.44,24.53,0.41
2012,59,29.74,35.23,25.84,63.18,2.13,9.21,7.04,19.87,0.41
2012,60,29.12,34.15,25.43,63.83,3.14,7.82,5.98,55.86,0.41
2012,61,27.53,32.35,25.05,70.24,10.11,10.55,8.04,99.66,0.41
2012,62,27.78,30.56,25.82,76.2,29.13,10.05,7.62,99.16,0.45
2012,63,27.71,30.69,25.6,79.36,5.05,6.05,4.64,71.22,0.47
2012,64,27.06,29.91,24.76,81.33,7.41,4.24,3.29,79.0,0.48
2012,65,27.25,33.11,22.19,67.12,0.28,4.28,3.35,17.79,0.47
2012,66,26.78,31.31,23.09,70.16,1.2,3.32,2.62,11.69,0.46
2012,67,26.53,30.56,23.59,75.75,0.13,2.71,2.16,20.33,0.46
2012,68,26.97,31.78,23.05,72.18,0.19,3.5,2.78,15.77,0.45
2012,69,27.57,32.95,23.36,69.32,0.01,4.37,3.49,12.3,0.45
2012,70,27.9,33.85,23.01,71.06,0.01,5.12,4.06,12.25,0.44
2012,71,28.31,33.51,24.4,73.9,0.13,5.23,4.19,18.59,0.44
2012,72,28.04,32.42,25.21,77.14,0.2,4.14,3.36,23.93,0.43
2012,73,27.41,31.39,24.76,76.37,2.51,3.25,2.61,16.73,0.43
2012,74,26.6,30.74,23.96,72.23,1.24,3.42,2.77,14.4,0.43
2012,75,26.79,30.91,23.81,72.51,5.24,2.57,2.07,25.91,0.43
2012,76,27.33,32.51,24.32,72.31,17.04,3.59,2.82,20.67,0.45
2012,77,27.31,31.84,24.05,75.59,1.26,3.49,2.75,14.25,0.46
2012,78,26.98,30.2,25.08,77.34,0.94,2.9,2.35,31.44,0.46
2012,79,27.05,31.78,23.69,72.56,0.12,4.91,3.95,28.27,0.45
2012,80,27.1,31.97,23.6,70.23,0.08,6.01,4.79,53.97,0.45
2012,81,27.48,33.22,22.0,67.27,0.17,6.12,4.86,29.92,0.44
2012,82,28.29,34.04,24.3,66.42,0.45,4.23,3.32,45.28,0.44
2012,83,28.12,33.19,24.98,65.26,0.5,3.94,3.09,27.03,0.43
2012,84,27.54,31.79,24.01,65.9,0.23,4.32,3.43,18.83,0.43
2012,85,27.7,31.7,24.2,70.65,0.69,2.47,1.96,15.32,0.43
2012,86,27.51,31.16,24.86,72.69,1.24,3.07,2.44,31.97,0.43
2012,87,27.5,31.71,24.88,72.53,0.76,2.42,1.96,27.27,0.43
2012,88,27.61,31.35,24.54,71.82,0.63,2.64,2.13,28.87,0.42
2012,89,27.64,31.75,24.8,75.35,0.56,3.32,2.64,44.33,0.42
2012,90,27.82,32.12,25.44,72.07,0.3,4.1,3.27,40.75,0.42
2012,91,28.22,33.03,24.49,69.5,0.46,3.26,2.56,30.57,0.42
2012,92,27.92,31.6,25.63,75.02,5.33,3.07,2.44,66.92,0.42
2012,93,26.27,29.59,23.9,78.42,2.18,4.66,3.76,71.53,0.42
2012,94,25.18,28.65,22.91,78.42,2.89,6.65,5.28,93.68,0.43
2012,95,24.9,28.91,22.47,76.64,1.53,6.86,5.45,55.39,0.43
2012,96,25.48,29.71,22.57,73.72,0.12,6.28,5.01,60.1,0.42
2012,97,25.88,30.35,22.5,74.04,0.34,6.43,5.04,52.03,0.42
2012,98,27.52,33.8,22.59,67.26,0.72,3.86,3.02,40.49,0.42
2012,99,26.88,31.11,24.25,73.13,1.35,2.62,2.08,18.84,0.42
2012,100,27.32,31.59,24.17,74.78,1.73,2.55,2.02,27.68,0.42
2012,101,26.72,31.27,24.14,77.92,0.47,3.44,2.71,24.08,0.42
2012,102,26.09,30.73,23.08,71.92,0.15,5.1,4.04,42.48,0.41
2012,103,25.37,29.25,22.99,69.04,2.31,7.46,5.89,69.02,0.41
2012,104,24.3,27.83,22.1,76.57,5.27,8.56,6.69,68.51,0.42
2012,105,26.31,30.68,22.48,75.05,2.76,3.66,2.95,46.94,0.42
2012,106,25.96,28.97,24.4,82.21,11.76,3.39,2.65,55.79,0.43
2012,107,26.52,31.01,23.95,77.26,2.29,5.37,4.28,22.27,0.44
2012,108,26.47,31.21,23.1,76.13,0.29,3.35,2.66,13.88,0.44
2012,109,25.58,28.76,23.66,79.87,1.15,4.17,3.32,50.38,0.43
2012,110,24.89,28.39,22.41,72.56,0.48,5.71,4.52,35.71,0.43
2012,111,23.62,27.52,20.7,71.68,0.18,7.04,5.57,23.4,0.43
2012,112,24.99,30.57,20.36,67.65,0.03,5.77,4.53,11.9,0.42
2012,113,26.06,31.43,22.18,67.28,0.06,3.95,3.09,15.63,0.42
2012,114,25.72,30.06,22.55,74.02,0.2,3.6,2.8,20.75,0.42
2012,115,25.19,29.34,21.79,72.29,0.02,7.69,6.03,23.3,0.42
2012,116,23.33,27.79,20.18,63.32,0.0,8.05,6.32,19.32,0.41
2012,117,22.7,28.41,18.15,60.71,0.0,7.67,6.01,13.37,0.41
2012,118,23.8,30.27,17.73,63.08,0.0,4.63,3.59,12.09,0.41
2012,119,23.76,29.16,19.35,65.09,0.0,4.3,3.38,13.07,0.41
2012,120,23.77,29.92,18.69,62.15,0.0,3.54,2.77,15.23,0.41
2012,121,24.42,30.98,19.31,58.55,0.0,4.12,3.2,15.3,0.41
2012,122,24.52,31.1,19.04,61.86,0.0,3.66,2.83,10.33,0.4
2012,123,25.2,30.85,20.49,66.85,0.0,3.79,2.98,12.4,0.4
2012,124,25.71,31.25,21.97,68.42,0.09,3.65,2.86,11.95,0.4
2012,125,26.38,31.77,21.87,66.64,0.11,2.96,2.31,11.49,0.4
2012,126,26.49,31.49,22.24,60.22,0.05,3.83,3.0,9.82,0.4
2012,127,25.37,30.65,21.17,60.3,0.0,3.78,2.96,8.28,0.4
2012,128,24.5,30.12,19.2,60.42,0.0,5.77,4.52,11.21,0.4
2012,129,24.33,30.05,19.45,64.21,0.1,6.43,5.02,12.97,0.4
2012,130,25.2,31.19,19.39,62.07,0.03,3.99,3.13,9.92,0.4
2012,131,25.7,31.53,21.29,64.02,0.03,3.98,3.13,11.74,0.4
2012,132,25.71,31.08,21.98,64.78,0.17,3.63,2.83,30.5,0.4
2012,133,24.43,29.6,20.3,62.68,0.24,4.93,3.94,61.84,0.4
2012,134,23.58,28.63,19.47,66.59,0.0,5.46,4.39,9.46,0.39
2012,135,23.04,28.19,18.77,69.6,0.04,5.49,4.43,12.73,0.39
2012,136,22.4,27.0,19.17,70.71,0.03,4.84,3.91,17.26,0.39
2012,137,23.02,28.04,18.39,67.23,0.0,5.61,4.49,15.08,0.39
2012,138,23.09,28.08,18.55,62.6,0.0,5.9,4.7,14.63,0.39
2012,139,23.39,29.33,18.33,66.18,0.0,3.97,3.17,14.21,0.39
2012,140,23.79,28.33,21.17,74.8,0.0,2.92,2.35,16.56,0.39
2012,141,23.46,28.01,20.72,73.41,0.0,2.99,2.37,17.82,0.39
2012,142,22.82,27.46,19.39,74.01,0.02,4.65,3.71,22.03,0.39
2012,143,22.96,27.86,19.45,70.36,0.65,8.1,6.35,33.83,0.39
2012,144,23.17,27.21,20.9,69.99,0.47,4.73,3.75,11.98,0.39
2012,145,23.83,28.93,19.54,64.41,0.0,2.95,2.29,11.92,0.39
2012,146,24.5,30.31,19.17,64.2,0.0,4.36,3.4,13.1,0.39
2012,147,25.78,31.92,20.11,61.57,0.1,5.63,4.3,12.36,0.39
2012,148,26.21,31.94,21.72,60.6,0.2,4.7,3.61,30.37,0.39
2012,149,25.45,30.4,21.3,63.68,0.51,3.94,3.12,38.65,0.39
2012,150,24.88,30.27,20.87,64.3,0.0,4.45,3.53,32.97,0.39
2012,151,24.19,29.49,20.74,68.65,0.0,3.84,3.04,22.32,0.39
2012,152,24.2,29.07,21.01,69.21,0.22,5.52,4.4,32.88,0.39
2012,153,24.04,29.15,19.71,64.95,0.01,5.39,4.31,25.21,0.39
2012,154,22.53,27.18,19.19,71.45,0.11,5.83,4.69,12.33,0.39
2012,155,21.06,24.77,18.18,74.74,0.04,4.66,3.74,25.88,0.39
2012,156,21.19,25.34,18.23,61.03,0.05,7.67,6.07,30.79,0.39
2012,157,21.39,27.71,16.03,60.54,0.01,7.62,5.96,16.18,0.39
2012,158,21.89,28.42,16.63,61.58,0.0,4.61,3.65,13.47,0.39
2012,159,21.85,27.5,17.13,62.61,0.0,2.85,2.16,21.58,0.38
2012,160,22.29,28.89,17.24,65.39,0.0,2.91,2.21,17.2,0.38
2012,161,23.0,29.31,18.34,65.12,0.0,4.05,3.12,24.29,0.38
2012,162,22.49,27.1,18.97,64.78,0.21,4.23,3.23,19.08,0.38
2012,163,22.19,25.44,19.26,68.9,0.85,5.66,4.48,34.13,0.39
2012,164,22.42,27.82,17.27,66.44,0.05,5.92,4.66,17.92,0.39
2012,165,23.47,28.64,18.83,66.95,0.16,5.83,4.59,10.94,0.38
2012,166,22.6,27.32,19.42,65.18,0.05,8.71,6.81,17.11,0.38
2012,167,22.05,27.63,17.98,69.22,0.01,8.54,6.68,17.29,0.38
2012,168,23.52,29.29,18.11,63.79,0.02,5.19,4.07,11.77,0.38
2012,169,24.48,29.75,20.0,61.11,0.0,3.92,3.03,11.95,0.38
2012,170,24.09,29.68,19.82,65.48,0.0,4.33,3.37,10.57,0.38
2012,171,23.23,28.97,18.8,57.51,0.0,4.49,3.48,9.13,0.38
2012,172,22.42,27.22,18.73,70.74,0.0,4.21,3.35,13.01,0.38
2012,173,21.48,26.39,18.16,74.53,0.0,4.5,3.6,14.42,0.38
2012,174,21.83,27.9,16.99,73.35,0.02,4.09,3.26,18.71,0.38
2012,175,22.19,26.77,19.17,79.18,0.02,2.81,2.22,18.41,0.38
2012,176,22.34,27.32,18.61,75.09,0.02,3.44,2.67,17.12,0.38
2012,177,22.89,28.34,18.64,80.6,0.0,4.07,3.17,25.98,0.38
2012,178,23.69,28.03,21.01,79.03,0.0,3.35,2.65,18.49,0.38
2012,179,23.12,28.08,19.52,74.64,0.0,5.2,4.16,14.13,0.38
2012,180,22.07,26.22,18.86,75.43,0.0,5.81,4.65,20.94,0.38
2012,181,21.74,26.82,17.65,66.4,0.0,6.03,4.82,12.61,0.38
2012,182,21.75,27.67,16.91,65.08,0.0,5.18,4.14,13.95,0.38
2012,183,21.86,28.31,16.54,61.81,0.0,4.07,3.21,15.24,0.38
2012,184,21.75,28.15,16.76,59.08,0.0,3.58,2.81,14.18,0.38
2012,185,21.65,27.74,16.98,55.15,0.0,3.18,2.45,15.84,0.38
2012,186,21.22,27.61,16.12,53.34,0.0,3.39,2.66,16.69,0.38
2012,187,20.63,26.04,16.43,61.85,0.0,3.64,2.82,16.75,0.38
2012,188,20.29,26.08,15.23,68.31,0.02,5.58,4.43,16.81,0.38
2012,189,20.75,26.9,15.73,65.63,0.0,5.07,4.01,15.36,0.38
2012,190,20.12,25.86,15.32,67.45,0.0,3.55,2.78,16.62,0.38
2012,191,20.69,25.75,17.4,69.63,0.13,4.64,3.65,16.87,0.38
2012,192,21.07,27.6,15.66,59.25,0.0,4.92,3.87,14.35,0.38
2012,193,21.51,27.85,16.67,64.87,0.0,3.84,3.02,15.35,0.38
2012,194,22.23,27.9,17.02,64.9,0.0,2.78,2.22,39.13,0.38
2012,195,22.98,27.64,19.68,66.16,0.0,3.51,2.79,28.25,0.38
2012,196,22.81,28.2,18.86,71.94,0.0,2.68,2.09,13.97,0.37
2012,197,22.05,27.23,18.15,71.49,0.0,2.92,2.28,14.59,0.37
2012,198,21.14,24.83,19.07,75.5,0.51,5.2,4.05,45.62,0.38
2012,199,20.12,23.16,18.14,59.99,0.0,4.23,3.4,27.77,0.38
2012,200,19.93,23.96,16.66,65.13,0.06,3.85,3.04,58.05,0.38
2012,201,20.64,25.58,16.57,69.46,0.13,6.06,4.77,45.61,0.37
2012,202,21.27,25.95,17.8,75.39,0.05,4.99,3.98,34.76,0.37
2012,203,21.62,27.13,17.81,72.28,0.0,2.99,2.36,11.17,0.37
2012,204,22.98,29.05,18.42,67.81,0.0,2.9,2.28,20.82,0.37
2012,205,23.48,27.23,20.99,74.22,0.0,4.42,3.52,53.58,0.37
2012,206,23.72,28.26,19.91,66.31,0.0,6.41,5.09,22.68,0.37
2012,207,22.53,26.97,19.68,75.4,0.08,7.29,5.82,15.49,0.37
2012,208,22.21,26.74,18.94,70.95,0.04,7.08,5.64,18.14,0.37
2012,209,22.54,28.61,17.6,65.96,0.0,4.58,3.65,11.14,0.37
2012,210,22.07,26.42,18.94,72.62,0.02,4.12,3.25,20.12,0.37
2012,211,21.2,25.04,18.73,75.39,0.13,4.83,3.85,24.81,0.37
2012,212,20.06,24.39,16.86,66.12,0.0,4.99,4.01,18.65,0.37
2012,213,20.02,25.38,15.68,65.75,0.0,4.03,3.21,18.66,0.37
2012,214,20.06,24.45,16.55,71.18,0.0,3.4,2.68,24.55,0.37
2012,215,20.72,25.08,17.44,73.77,0.0,4.69,3.71,39.63,0.37
2012,216,20.01,23.45,17.68,64.21,0.0,4.27,3.39,53.35,0.37
2012,217,20.2,25.22,15.44,62.67,0.0,4.73,3.76,27.16,0.37
2012,218,20.79,26.77,15.81,65.42,0.0,5.1,4.09,14.31,0.37
2012,219,20.75,26.08,16.55,70.82,0.0,3.61,2.83,14.82,0.37
2012,220,23.09,29.45,17.51,62.39,0.0,4.49,3.41,32.87,0.37
2012,221,24.67,30.33,21.25,64.06,0.0,3.14,2.4,65.42,0.37
2012,222,23.86,30.12,20.43,70.22,0.0,3.88,3.01,36.54,0.37
2012,223,23.1,27.86,19.65,74.85,0.0,3.51,2.75,53.33,0.37
2012,224,23.13,28.29,19.63,72.36,0.0,4.01,3.2,9.13,0.37
2012,225,23.6,29.19,19.42,68.86,0.0,3.33,2.59,11.67,0.37
2012,226,22.4,26.0,19.19,75.4,0.0,5.39,4.28,23.22,0.37
2012,227,22.01,27.63,17.13,61.19,0.0,6.38,5.11,11.62,0.37
2012,228,24.48,31.31,18.8,56.55,0.0,4.55,3.51,7.93,0.37
2012,229,23.63,29.78,18.26,55.82,0.0,4.62,3.65,8.48,0.37
2012,230,23.54,29.24,18.41,53.7,0.0,5.46,4.33,9.87,0.37
2012,231,23.77,30.2,17.99,56.54,0.0,5.17,4.08,8.5,0.37
2012,232,23.86,30.31,19.3,58.37,0.0,4.32,3.42,9.43,0.37
2012,233,23.5,29.8,18.78,59.66,0.0,4.42,3.51,11.82,0.37
2012,234,23.57,29.44,19.16,60.01,0.0,4.43,3.51,12.24,0.37
2012,235,23.05,29.0,18.09,57.76,0.0,4.3,3.44,13.55,0.37
2012,236,22.82,29.21,17.87,58.38,0.0,5.18,4.14,13.51,0.37
2012,237,23.6,30.82,17.64,56.98,0.0,3.99,3.15,14.34,0.37
2012,238,24.8,32.59,18.82,52.97,0.0,4.24,3.31,12.93,0.37
2012,239,24.07,30.47,19.19,59.88,0.0,3.91,3.11,14.33,0.37
2012,240,23.41,28.73,18.33,64.34,0.0,4.45,3.53,14.53,0.37
2012,241,24.4,31.01,18.56,61.83,0.0,6.33,5.03,13.11,0.37
2012,242,23.56,29.05,18.69,58.21,0.0,3.86,3.1,11.86,0.36
2012,243,23.33,28.6,19.34,67.69,0.0,3.04,2.38,12.72,0.36
2012,244,23.49,29.74,19.19,67.47,0.0,3.29,2.62,15.41,0.36
2012,245,23.81,29.23,19.87,72.44,0.0,3.37,2.66,11.11,0.36
2012,246,24.15,28.79,20.93,72.74,0.0,4.89,3.91,20.56,0.36
2012,247,23.54,29.44,19.66,69.51,0.03,5.44,4.41,17.55,0.36
2012,248,22.51,26.72,19.7,70.66,0.06,5.43,4.41,20.35,0.36
2012,249,21.87,26.17,19.0,62.15,0.44,8.09,6.5,22.34,0.36
2012,250,23.37,30.2,17.7,55.99,0.01,9.53,7.52,16.04,0.36
2012,251,24.45,30.54,19.27,54.03,0.0,5.49,4.38,8.67,0.36
2012,252,24.25,30.62,18.81,50.67,0.0,4.71,3.76,7.25,0.36
2012,253,24.08,30.23,19.59,61.38,0.0,5.22,4.19,9.67,0.36
2012,254,24.63,30.86,20.13,62.81,0.0,3.91,3.11,6.47,0.36
2012,255,24.37,29.57,20.25,67.99,0.0,4.94,3.97,9.16,0.36
2012,256,24.42,30.46,19.77,65.77,0.0,6.72,5.4,9.91,0.36
2012,257,24.86,31.07,20.72,61.29,0.05,3.88,3.12,12.27,0.36
2012,258,23.89,28.34,20.35,66.71,0.0,3.91,3.15,14.16,0.36
2012,259,23.83,29.67,19.24,69.2,1.09,7.79,6.21,12.52,0.36
2012,260,24.87,30.69,20.06,61.65,0.37,8.65,6.84,10.77,0.36
2012,261,25.21,31.79,20.29,58.29,6.39,6.1,4.83,17.26,0.36
2012,262,24.68,29.69,21.22,67.2,0.36,5.53,4.41,62.57,0.38
2012,263,24.29,29.3,20.77,71.7,0.0,3.57,2.86,10.41,0.37
2012,264,24.84,30.3,19.6,66.52,0.0,5.85,4.68,9.29,0.37
2012,265,26.67,34.24,21.55,56.0,0.0,4.62,3.63,9.85,0.37
2012,266,25.96,32.52,21.49,61.55,0.0,4.23,3.34,11.47,0.37
2012,267,25.46,31.11,21.32,70.5,0.0,3.59,2.84,29.51,0.37
2012,268,25.4,30.93,21.85,71.14,0.84,3.21,2.59,23.41,0.37
2012,269,23.44,27.25,20.3,71.01,5.06,5.74,4.62,25.99,0.38
2012,270,24.26,30.77,18.65,63.94,0.0,5.95,4.79,8.82,0.37
2012,271,26.05,33.26,21.69,64.23,0.01,4.96,3.92,15.57,0.37
2012,272,26.41,33.34,21.34,67.36,0.0,2.94,2.33,26.21,0.37
2012,273,26.85,32.05,22.78,70.59,0.03,4.02,3.18,39.84,0.37
2012,274,26.39,30.18,22.86,68.73,0.91,4.56,3.65,36.32,0.37
2012,275,25.04,30.37,21.39,67.44,1.9,8.16,6.55,19.97,0.37
2012,276,26.49,33.13,20.09,59.29,0.0,5.93,4.72,10.34,0.37
2012,277,27.2,34.13,22.31,58.45,0.0,5.15,4.1,12.44,0.37
2012,278,26.58,32.28,22.58,61.58,0.0,4.25,3.45,15.64,0.37
2012,279,26.69,32.34,22.75,61.32,0.0,4.2,3.42,13.08,0.37
2012,280,27.06,34.03,21.49,47.93,0.0,4.77,3.81,13.35,0.37
2012,281,27.13,33.83,22.39,57.18,0.0,4.13,3.29,12.67,0.37
2012,282,26.54,31.92,22.42,58.91,0.0,5.32,4.29,18.88,0.36
2012,283,26.1,32.5,21.48,64.77,0.0,6.9,5.58,14.2,0.36
2012,284,26.1,32.14,21.56,67.61,0.0,4.39,3.55,12.19,0.36
2012,285,25.53,29.94,22.48,70.89,0.0,4.28,3.49,27.6,0.36
2012,286,27.01,32.67,22.28,63.67,0.0,7.44,5.96,25.74,0.36
2012,287,27.32,33.74,22.36,63.59,2.48,7.62,6.09,30.93,0.36
2012,288,26.73,32.12,22.4,67.79,1.38,5.33,4.35,27.51,0.37
2012,289,26.68,31.57,23.88,71.02,13.38,3.62,2.96,17.97,0.38
2012,290,26.32,32.02,23.24,71.3,6.07,3.91,3.14,23.73,0.39
2012,291,26.38,31.67,23.22,72.65,1.01,3.32,2.73,19.75,0.4
2012,292,27.26,33.0,23.14,65.48,0.0,3.2,2.59,26.82,0.39
2012,293,28.18,33.66,24.1,64.51,0.03,2.95,2.4,24.78,0.39
2012,294,29.56,35.68,24.19,63.14,0.22,3.15,2.51,40.43,0.38
2012,295,29.99,35.33,25.47,57.86,0.1,4.44,3.56,45.57,0.38
2012,296,28.79,34.61,24.69,63.91,1.41,3.95,3.2,23.31,0.38
2012,297,26.99,31.33,24.28,69.93,1.16,4.72,3.85,38.78,0.38
2012,298,25.96,30.78,21.93,63.33,0.44,8.65,6.94,75.25,0.38
2012,299,23.59,27.89,20.86,65.27,2.63,10.89,8.62,63.75,0.38
2012,300,26.2,30.98,21.72,62.88,5.38,4.69,3.75,16.24,0.39
2012,301,25.93,29.9,22.6,71.79,4.74,4.64,3.77,22.16,0.39
2012,302,25.59,31.69,21.28,64.88,0.52,8.48,6.77,8.17,0.39
2012,303,25.05,31.71,20.24,62.84,0.44,9.14,7.26,8.82,0.39
2012,304,25.77,32.08,20.3,64.33,2.44,4.91,3.92,20.15,0.39
2012,305,25.81,30.31,23.03,76.19,20.84,5.74,4.59,38.62,0.4
2012,306,23.96,26.41,20.93,79.15,38.22,7.18,5.73,89.6,0.46
2012,307,21.67,25.45,17.39,60.81,0.85,7.54,6.04,33.16,0.48
2012,308,21.19,26.73,15.96,58.7,0.0,6.99,5.63,16.02,0.47
2012,309,23.74,30.25,17.33,64.66,0.0,5.58,4.49,7.86,0.46
2012,310,24.31,29.16,20.31,70.27,0.08,4.21,3.36,9.24,0.45
2012,311,24.06,28.86,19.8,70.87,0.24,3.91,3.16,6.96,0.45
2012,312,25.48,31.04,20.08,67.44,0.0,4.84,3.89,10.87,0.44
2012,313,24.92,30.5,20.56,70.34,1.01,4.81,3.87,36.95,0.44
2012,314,24.18,28.44,20.57,69.19,1.11,7.06,5.7,46.0,0.44
2012,315,25.41,31.99,19.06,66.2,0.02,6.22,4.99,8.62,0.43
2012,316,25.95,30.18,21.83,71.82,16.48,5.23,4.13,25.96,0.44
2012,317,26.98,33.24,21.5,68.21,1.63,5.15,4.06,13.23,0.45
2012,318,28.02,33.4,23.92,68.01,7.26,2.93,2.27,44.71,0.45
2012,319,28.1,33.25,23.93,65.4,0.03,4.76,3.78,21.22,0.45
2012,320,27.06,32.99,21.91,64.51,0.39,5.48,4.41,26.46,0.45
2012,321,27.43,32.75,22.99,67.0,2.28,3.69,2.99,29.0,0.44
2012,322,27.82,33.35,24.39,69.86,0.22,3.0,2.41,39.37,0.44
2012,323,27.1,31.89,23.46,64.91,0.0,4.09,3.35,8.26,0.43
2012,324,25.7,31.02,21.49,72.02,15.63,4.68,3.82,14.51,0.44
2012,325,25.58,30.09,21.86,71.35,1.14,6.56,5.33,12.87,0.46
2012,326,26.83,32.94,21.22,68.5,0.36,4.84,3.93,17.98,0.45
2012,327,27.16,31.59,22.95,70.67,2.44,3.98,3.25,11.97,0.45
2012,328,26.95,30.54,23.75,73.77,2.93,2.85,2.36,20.18,0.45
2012,329,27.56,32.23,24.4,71.92,3.72,4.49,3.6,14.41,0.45
2012,330,27.75,32.36,24.79,69.92,0.28,4.38,3.52,18.76,0.45
2012,331,26.78,31.15,23.61,70.7,0.37,5.67,4.61,29.37,0.44
2012,332,24.75,28.5,21.06,67.55,0.61,8.75,6.98,91.37,0.44
2012,333,23.93,29.12,20.1,68.63,0.34,8.4,6.71,47.22,0.43
2012,334,25.29,31.11,19.8,69.42,8.56,5.04,4.07,6.71,0.44
2012,335,26.63,30.69,23.06,73.04,11.5,4.23,3.4,19.07,0.45
2012,336,27.77,33.18,22.66,68.58,0.41,4.6,3.68,31.13,0.45
2012,337,28.45,33.56,23.22,62.86,0.15,5.31,4.13,16.87,0.45
2012,338,27.79,34.29,22.47,60.54,0.62,4.93,3.9,17.85,0.44
2012,339,28.1,33.64,23.53,62.35,1.77,3.96,3.16,37.35,0.43
2012,340,27.54,31.75,24.77,67.7,0.49,2.84,2.33,62.44,0.43
2012,341,28.9,34.41,23.7,61.28,0.0,4.24,3.39,16.44,0.43
2012,342,28.03,31.56,24.73,70.23,2.48,3.14,2.56,50.94,0.43
2012,343,28.68,33.09,25.22,69.56,3.94,3.34,2.66,30.28,0.43
2012,344,27.19,30.46,24.76,75.71,2.22,2.6,2.12,31.56,0.43
2012,345,26.83,30.37,24.42,73.8,3.89,3.21,2.64,33.97,0.43
2012,346,26.96,30.28,23.94,71.35,2.78,3.28,2.68,68.43,0.43
2012,347,26.77,31.37,22.1,68.82,1.51,8.77,6.94,33.92,0.43
2012,348,26.48,32.88,20.46,59.1,0.02,7.91,6.27,8.91,0.43
2012,349,27.46,33.29,22.0,57.71,2.5,4.67,3.75,21.81,0.42
2012,350,28.23,32.11,25.0,70.43,11.54,3.19,2.58,74.39,0.43
2012,351,27.49,31.27,24.65,77.52,26.97,4.05,3.27,23.96,0.46
2012,352,26.76,29.37,24.8,80.57,22.3,5.24,4.19,52.88,0.5
2012,353,26.0,28.57,23.21,79.82,15.2,5.34,4.28,33.52,0.52
2012,354,25.43,29.24,22.27,72.91,1.68,5.45,4.44,17.06,0.52
2012,355,25.96,31.18,20.97,66.1,0.01,6.21,5.01,19.57,0.5
2012,356,27.0,32.12,22.21,68.49,4.56,5.54,4.41,49.75,0.49
2012,357,26.82,31.01,23.36,71.1,24.62,3.94,3.18,52.16,0.51
2012,358,27.33,31.68,24.48,76.4,8.35,4.37,3.5,46.79,0.53
2012,359,27.22,30.47,25.07,79.09,16.76,2.91,2.35,27.51,0.54
2012,360,27.2,30.38,24.42,79.07,5.94,3.53,2.86,20.3,0.54
2012,361,27.52,30.09,25.55,78.25,5.54,2.96,2.38,19.61,0.54
2012,362,27.99,31.11,25.37,74.91,1.31,2.84,2.31,16.45,0.54
2012,363,28.04,31.71,25.17,74.8,0.83,3.51,2.83,32.62,0.53
2012,364,28.45,32.17,25.43,71.86,1.01,3.02,2.47,16.85,0.52
2012,365,28.88,33.52,25.78,69.1,0.22,3.23,2.61,9.12,0.51
2012,366,29.22,34.61,24.6,65.04,0.01,3.54,2.84,18.09,0.5
2013,1,29.14,33.94,25.48,68.13,1.84,3.62,2.91,23.03,0.49
2013,2,28.35,32.82,24.67,69.58,0.03,4.26,3.45,24.19,0.49
2013,3,28.63,34.12,24.14,66.65,0.01,3.5,2.84,15.38,0.48
2013,4,28.31,31.99,25.45,73.45,2.89,4.48,3.55,12.99,0.48
2013,5,27.55,30.96,23.73,72.59,7.2,5.42,4.35,70.79,0.49
2013,6,27.22,32.94,21.97,70.84,0.08,4.51,3.66,27.46,0.48
2013,7,28.85,33.33,25.53,72.21,2.33,3.08,2.48,48.2,0.48
2013,8,28.32,31.86,26.15,76.68,2.78,3.88,3.1,80.99,0.48
2013,9,29.1,33.97,25.87,70.72,1.47,3.22,2.58,39.21,0.48
2013,10,29.77,34.36,26.39,69.73,1.94,2.46,2.0,41.64,0.47
2013,11,29.48,33.84,25.97,70.21,0.47,3.41,2.76,27.07,0.47
2013,12,29.65,34.53,25.87,65.85,0.55,3.5,2.82,37.01,0.46
2013,13,29.34,33.57,26.51,69.3,0.47,3.6,2.92,31.5,0.46
2013,14,29.84,35.13,25.9,65.39,0.24,2.82,2.3,36.51,0.45
2013,15,29.76,33.12,26.86,64.75,0.61,2.82,2.25,36.17,0.45
2013,16,29.23,32.56,25.6,70.32,0.89,2.96,2.45,33.08,0.45
2013,17,29.72,34.68,26.44,61.03,1.59,3.9,3.12,19.57,0.44
2013,18,28.71,32.31,26.2,68.86,1.33,3.44,2.83,20.13,0.44
2013,19,28.37,32.84,24.59,65.43,0.43,3.06,2.47,50.21,0.44
2013,20,28.64,33.25,25.15,69.42,0.8,3.21,2.61,31.05,0.44
2013,21,29.47,33.58,26.04,71.62,5.3,4.5,3.6,63.11,0.44
2013,22,28.7,30.54,27.35,83.75,9.61,6.65,5.19,99.08,0.45
2013,23,28.62,31.18,27.03,83.05,11.03,8.59,6.64,93.81,0.47
2013,24,29.46,32.52,27.25,80.14,8.7,5.52,4.29,98.4,0.48
2013,25,28.25,29.62,26.87,83.59,5.44,2.19,1.75,78.26,0.48
2013,26,29.34,33.21,25.93,77.98,10.42,3.3,2.61,95.76,0.49
2013,27,27.46,29.62,25.54,83.02,17.67,2.48,2.0,60.17,0.51
2013,28,28.26,31.61,25.39,76.91,19.77,3.94,3.12,18.06,0.53
2013,29,28.37,33.21,24.75,74.61,7.57,7.64,5.98,11.05,0.54
2013,30,28.95,33.53,24.84,72.55,8.38,5.81,4.52,23.44,0.53
2013,31,29.37,34.19,24.35,71.89,5.23,3.95,3.11,15.54,0.53
2013,32,28.39,32.26,24.82,72.61,5.42,3.66,2.94,13.44,0.53
2013,33,27.02,29.62,24.78,80.88,12.15,3.84,3.06,52.77,0.53
2013,34,27.26,30.16,25.33,80.94,12.09,6.3,4.96,61.46,0.54
2013,35,27.42,29.84,25.64,78.71,8.51,6.12,4.81,39.42,0.55
2013,36,26.96,30.06,24.44,77.87,15.12,3.97,3.15,54.28,0.55
2013,37,25.87,29.55,22.78,81.64,22.23,5.63,4.52,22.3,0.58
2013,38,25.87,29.53,22.44,80.0,18.61,4.28,3.45,25.67,0.59
2013,39,26.04,29.25,22.99,80.55,14.87,2.63,2.14,51.56,0.61
2013,40,26.71,28.97,24.34,81.18,27.8,2.53,2.0,84.44,0.62
2013,41,27.66,31.14,24.93,78.77,43.08,3.77,2.94,55.92,0.67
2013,42,26.93,31.06,23.63,81.8,9.13,6.21,4.87,22.49,0.69
2013,43,27.39,31.64,23.69,76.63,1.18,6.21,4.86,31.01,0.67
2013,44,27.34,31.27,23.59,76.5,9.7,4.11,3.23,47.69,0.66
2013,45,26.98,29.94,24.12,79.34,16.09,4.94,3.81,62.32,0.67
2013,46,26.14,28.15,24.34,84.62,10.15,3.96,3.1,89.26,0.69
2013,47,26.75,30.33,23.94,80.86,2.46,4.81,3.78,98.76,0.68
2013,48,25.75,28.45,23.7,82.5,4.91,5.46,4.3,99.48,0.68
2013,49,24.9,27.0,23.21,86.52,6.41,6.82,5.35,99.16,0.68
2013,50,26.21,28.95,23.69,85.36,10.46,5.63,4.4,99.15,0.69
2013,51,27.36,30.95,25.0,83.63,45.45,7.3,5.65,92.38,0.71
2013,52,26.95,29.66,25.14,84.1,88.02,9.78,7.5,99.55,0.82
2013,53,25.6,27.3,24.26,87.08,31.17,14.61,11.03,98.87,0.87
2013,54,25.76,27.57,24.24,86.53,16.19,8.26,6.4,82.74,0.86
2013,55,24.78,27.09,22.12,82.74,5.98,6.1,4.8,53.19,0.85
2013,56,24.29,28.17,20.79,81.79,0.02,6.01,4.75,16.74,0.84
2013,57,24.95,29.56,20.68,80.26,0.22,5.75,4.55,11.28,0.82
2013,58,25.8,29.98,21.87,78.24,0.5,4.15,3.29,16.14,0.81
2013,59,26.02,30.19,22.46,73.97,0.83,3.52,2.76,13.7,0.8
2013,60,25.22,29.34,21.12,75.33,1.18,3.29,2.58,15.75,0.79
2013,61,26.45,30.19,23.25,73.72,0.61,2.61,2.05,25.3,0.79
2013,62,26.78,30.44,23.58,80.99,0.88,3.96,3.17,30.52,0.78
2013,63,26.54,29.54,24.05,84.37,0.56,5.23,4.15,15.88,0.77
2013,64,27.33,31.05,24.06,81.91,0.22,5.18,4.03,19.1,0.76
2013,65,27.04,30.69,23.87,79.15,0.78,4.29,3.35,38.32,0.75
2013,66,26.44,29.43,23.87,77.02,0.37,4.86,3.75,58.0,0.75
2013,67,26.33,30.13,22.98,75.17,0.03,3.94,3.07,15.67,0.74
2013,68,26.6,30.77,23.11,77.11,0.05,3.91,3.05,10.68,0.73
2013,69,26.38,29.78,24.03,81.4,0.1,3.29,2.59,22.52,0.72
2013,70,25.88,28.78,23.79,83.65,0.15,1.95,1.55,42.15,0.71
2013,71,25.51,27.91,23.51,83.73,1.37,2.87,2.23,55.72,0.71
2013,72,25.45,28.91,22.44,81.25,1.09,3.16,2.47,27.72,0.71
2013,73,26.1,29.45,23.04,78.58,1.07,2.57,1.99,28.57,0.7
2013,74,26.09,29.64,22.53,79.1,0.63,3.14,2.49,46.56,0.69
2013,75,26.14,29.44,23.94,81.41,1.16,2.94,2.33,77.7,0.68
2013,76,25.91,28.84,23.55,82.18,6.75,2.59,2.03,25.43,0.68
2013,77,25.31,28.28,22.78,82.36,4.67,2.48,1.94,20.86,0.68
2013,78,24.83,28.22,21.99,80.83,1.78,2.34,1.78,90.79,0.68
2013,79,24.95,27.41,22.95,81.62,4.4,3.27,2.63,41.79,0.67
2013,80,24.03,27.5,20.95,80.73,0.31,6.91,5.46,28.86,0.67
2013,81,23.57,28.32,19.96,79.2,0.0,7.28,5.74,16.5,0.66
2013,82,24.6,29.67,20.15,78.76,0.0,4.66,3.68,56.02,0.65
2013,83,25.04,29.34,21.45,80.17,0.09,4.41,3.45,62.25,0.64
2013,84,25.24,29.79,21.63,78.12,0.02,4.65,3.66,11.31,0.64
2013,85,24.47,29.24,20.96,79.26,0.01,6.86,5.4,12.61,0.62
2013,86,24.19,28.85,20.53,77.24,0.03,7.66,5.98,12.61,0.62
2013,87,24.57,29.76,20.23,77.2,0.76,7.12,5.53,16.2,0.61
2013,88,25.24,30.08,20.92,78.56,4.71,5.51,4.26,14.22,0.6
2013,89,24.69,29.02,20.26,75.65,2.7,4.32,3.39,11.48,0.6
2013,90,25.63,30.49,21.14,75.16,0.4,4.39,3.41,10.18,0.6
2013,91,25.24,29.98,21.36,76.1,0.0,5.02,3.94,10.46,0.59
2013,92,25.01,29.64,20.17,67.73,0.0,3.3,2.63,12.07,0.58
2013,93,24.71,28.97,20.74,73.78,0.0,3.5,2.75,14.0,0.57
2013,94,25.05,28.94,21.58,78.12,0.0,2.75,2.16,25.94,0.57
2013,95,25.43,29.52,22.08,78.02,0.03,2.69,2.1,63.11,0.56
2013,96,25.48,28.73,23.12,80.1,0.82,2.6,2.08,92.62,0.56
2013,97,25.63,29.19,23.03,78.8,0.78,2.73,2.13,32.82,0.55
2013,98,26.25,30.46,22.64,75.58,0.08,2.55,1.99,9.27,0.55
2013,99,27.45,32.36,23.17,75.61,0.15,3.51,2.75,14.97,0.54
2013,100,27.61,32.31,24.04,76.85,0.08,3.74,2.94,15.9,0.54
2013,101,26.59,30.04,24.33,82.85,8.24,4.38,3.46,54.28,0.54
2013,102,24.41,27.63,20.9,81.04,3.52,8.2,6.43,37.08,0.54
2013,103,22.89,26.99,20.0,76.73,0.19,7.86,6.19,26.33,0.54
2013,104,23.34,28.18,19.98,76.02,0.12,8.39,6.55,13.13,0.53
2013,105,23.89,29.04,19.92,76.62,0.1,6.45,5.05,34.63,0.53
2013,106,24.98,29.59,21.06,70.7,0.65,3.6,2.84,19.23,0.52
2013,107,25.92,30.37,22.15,70.48,1.2,3.05,2.35,21.72,0.52
2013,108,25.81,30.45,21.56,71.68,1.07,3.45,2.7,15.22,0.52
2013,109,25.76,30.94,21.4,72.26,0.0,2.96,2.29,11.38,0.51
2013,110,25.6,31.32,20.95,72.32,0.0,3.69,2.84,10.56,0.51
2013,111,25.57,31.08,21.22,75.22,0.0,3.86,3.02,9.72,0.5
2013,112,25.54,30.39,22.32,78.07,0.01,3.22,2.49,20.13,0.5
2013,113,24.5,26.82,22.56,81.93,0.28,3.52,2.8,73.68,0.5
2013,114,23.68,27.73,20.69,75.16,0.02,6.62,5.26,22.2,0.49
2013,115,22.78,27.85,19.3,70.46,0.0,8.28,6.5,14.63,0.49
2013,116,22.74,28.13,18.65,70.38,0.03,8.14,6.39,13.78,0.48
2013,117,23.53,29.56,18.51,71.91,0.63,6.17,4.81,13.23,0.48
2013,118,24.8,30.23,20.49,64.19,0.49,4.67,3.64,12.08,0.48
2013,119,24.02,29.65,19.77,71.1,0.0,4.22,3.32,14.52,0.48
2013,120,23.23,27.93,19.81,74.22,0.02,5.63,4.42,14.47,0.47
2013,121,22.7,28.04,18.91,73.24,0.09,8.3,6.5,14.21,0.47
2013,122,23.86,29.99,18.47,68.81,0.04,6.55,5.09,15.33,0.47
2013,123,24.31,30.11,19.8,67.96,0.33,4.55,3.57,16.27,0.46
2013,124,24.8,29.92,20.79,70.43,1.77,3.57,2.79,12.62,0.46
2013,125,23.92,28.62,20.79,77.45,2.42,3.04,2.37,25.53,0.46
2013,126,22.48,25.67,20.48,78.29,2.94,5.6,4.43,36.56,0.47
2013,127,21.22,25.38,18.19,69.14,0.1,7.51,5.93,41.68,0.47
2013,128,20.71,26.35,16.62,68.34,0.01,6.92,5.47,17.44,0.46
2013,129,21.31,27.45,16.02,71.86,0.0,4.25,3.33,15.44,0.46
2013,130,22.49,25.93,20.3,73.46,0.19,3.48,2.77,60.6,0.46
2013,131,22.09,27.29,18.18,71.95,0.04,6.88,5.41,19.2,0.46
2013,132,22.27,27.65,18.11,73.42,0.49,7.26,5.73,26.29,0.45
2013,133,21.55,24.15,19.41,81.88,13.91,8.19,6.39,63.5,0.47
2013,134,24.53,29.22,20.7,76.22,4.17,4.75,3.61,25.78,0.48
2013,135,24.27,29.78,19.81,71.25,0.0,3.95,3.09,29.36,0.47
2013,136,24.81,30.6,19.92,67.93,0.0,3.37,2.65,12.48,0.47
2013,137,24.05,29.25,19.98,75.51,0.73,4.25,3.37,8.8,0.46
2013,138,23.14,27.18,20.26,80.9,5.77,5.85,4.61,27.36,0.47
2013,139,22.37,26.76,19.59,79.05,1.09,7.6,5.99,21.22,0.47
2013,140,22.68,27.43,18.6,73.22,0.0,3.7,2.92,57.49,0.47
2013,141,23.34,28.31,19.18,69.47,0.03,2.75,2.13,43.29,0.46
2013,142,23.2,27.74,20.45,75.26,0.35,3.16,2.46,41.34,0.46
2013,143,22.46,25.95,19.95,78.89,0.1,3.26,2.67,22.74,0.46
2013,144,22.32,27.1,18.51,73.92,0.01,4.73,3.77,13.71,0.46
2013,145,22.41,27.57,18.36,74.6,0.01,5.42,4.31,13.22,0.45
2013,146,22.69,28.28,18.38,73.23,0.06,4.55,3.6,12.96,0.45
2013,147,22.05,26.53,18.5,74.32,0.06,2.64,2.06,19.95,0.45
2013,148,22.15,26.07,19.95,76.4,0.0,2.17,1.73,27.02,0.45
2013,149,21.91,26.4,18.66,73.02,0.0,3.19,2.5,17.35,0.45
2013,150,21.12,26.75,16.99,65.33,0.0,4.94,3.88,16.51,0.44
2013,151,21.26,27.68,16.58,62.19,0.0,3.81,2.93,18.06,0.44
2013,152,21.41,27.11,17.0,63.79,0.0,4.98,3.85,13.67,0.44
2013,153,22.07,28.13,17.51,69.51,0.37,6.53,5.05,12.97,0.44
2013,154,21.58,27.3,17.29,65.93,0.05,4.55,3.59,10.88,0.44
2013,155,20.83,26.44,16.25,65.55,0.0,3.46,2.67,14.95,0.43
2013,156,20.98,25.91,16.79,66.06,0.0,3.19,2.41,17.05,0.43
2013,157,21.47,26.0,17.94,71.19,0.09,5.82,4.54,31.3,0.43
2013,158,19.91,24.59,16.2,69.07,0.0,5.14,4.1,20.28,0.43
2013,159,19.85,25.2,15.33,67.39,0.0,2.9,2.25,17.83,0.43
2013,160,20.75,25.81,16.24,73.23,0.0,3.72,2.82,18.9,0.43
2013,161,21.75,25.98,18.99,75.58,4.46,5.19,4.08,26.54,0.43
2013,162,20.95,24.81,18.57,77.85,0.69,8.35,6.55,17.04,0.43
2013,163,21.98,28.14,17.07,68.33,0.0,4.8,3.71,9.59,0.43
2013,164,21.48,27.67,16.41,71.86,0.0,3.86,3.0,13.82,0.43
2013,165,21.42,26.99,17.21,73.95,0.0,2.88,2.2,27.79,0.43
2013,166,21.89,26.29,19.11,76.83,0.0,2.75,2.18,26.18,0.42
2013,167,21.27,25.25,17.55,73.24,0.06,6.77,5.33,25.67,0.42
2013,168,19.02,23.41,15.36,67.85,0.0,6.79,5.38,21.57,0.42
2013,169,20.2,25.03,16.88,67.25,0.01,6.75,5.33,34.39,0.42
2013,170,20.13,26.08,15.3,66.58,0.0,4.54,3.58,14.53,0.42
2013,171,20.46,26.26,15.25,64.5,0.0,3.63,2.86,14.98,0.42
2013,172,21.62,27.21,17.08,65.59,0.01,3.94,3.07,13.23,0.42
2013,173,21.34,26.59,17.21,69.87,0.0,4.08,3.19,13.38,0.41
2013,174,21.15,26.95,16.43,65.67,0.0,3.29,2.51,13.06,0.41
2013,175,21.25,26.94,16.01,63.9,0.0,3.7,2.94,14.02,0.41
2013,176,21.11,27.11,16.59,63.73,0.0,3.79,2.92,14.84,0.41
2013,177,20.82,26.78,16.18,65.53,0.0,3.7,2.88,15.24,0.41
2013,178,20.74,25.71,16.76,67.56,0.0,2.58,1.95,16.22,0.41
2013,179,20.84,25.56,16.85,73.49,0.16,3.57,2.86,31.97,0.41
2013,180,20.93,27.12,16.53,71.22,0.04,5.76,4.54,11.63,0.41
2013,181,20.71,26.5,16.16,70.65,0.0,4.18,3.31,12.5,0.41
2013,182,20.25,26.27,15.49,69.33,0.0,4.9,3.86,13.32,0.41
2013,183,20.27,27.21,14.76,61.67,0.0,5.02,3.91,14.91,0.4
2013,184,20.95,27.97,15.63,64.39,0.0,3.15,2.43,17.26,0.4
2013,185,21.71,27.74,17.65,66.63,0.0,3.07,2.46,16.37,0.4
2013,186,20.46,25.09,16.6,75.88,1.66,6.03,4.8,23.16,0.4
2013,187,18.82,23.58,15.27,68.74,0.1,6.63,5.28,26.92,0.4
2013,188,18.96,24.65,14.19,67.56,0.13,6.56,5.2,15.67,0.4
2013,189,19.59,25.66,14.86,67.37,0.01,7.7,6.08,13.49,0.4
2013,190,19.88,26.28,14.65,65.47,0.0,6.48,5.11,13.85,0.4
2013,191,19.66,25.45,14.75,66.48,0.0,6.69,5.3,12.73,0.4
2013,192,19.26,24.39,15.25,68.83,0.3,7.61,6.01,12.47,0.4
2013,193,19.39,25.71,14.15,64.1,0.07,6.8,5.35,12.57,0.4
2013,194,20.32,26.16,15.31,64.14,0.01,4.72,3.74,60.33,0.4
2013,195,20.95,25.5,17.03,64.33,0.0,2.77,2.18,28.76,0.4
2013,196,21.19,26.7,16.66,71.16,0.0,5.92,4.64,12.86,0.4
2013,197,21.31,27.65,16.8,70.58,0.0,4.29,3.4,10.06,0.4
2013,198,21.22,25.28,17.66,75.21,0.18,3.64,2.92,30.22,0.4
2013,199,19.82,24.01,16.31,69.38,0.26,8.29,6.54,32.98,0.4
2013,200,18.88,24.89,13.97,56.74,0.0,7.21,5.72,14.56,0.4
2013,201,19.31,25.01,14.4,67.07,0.0,4.28,3.4,15.27,0.39
2013,202,20.18,23.98,17.6,69.76,0.02,4.16,3.39,20.43,0.39
2013,203,20.35,25.85,15.69,69.9,0.41,6.85,5.43,28.81,0.39
2013,204,21.21,27.62,15.77,67.9,0.0,4.95,3.92,14.86,0.39
2013,205,21.9,27.81,16.96,62.57,0.0,3.75,2.95,13.06,0.39
2013,206,22.13,27.68,17.42,64.81,0.0,5.5,4.34,16.89,0.39
2013,207,22.12,27.58,17.28,62.03,0.0,4.89,3.81,11.11,0.39
2013,208,21.95,27.4,17.48,68.19,0.0,5.5,4.37,11.74,0.39
2013,209,21.68,27.67,17.34,69.4,0.0,3.19,2.47,13.3,0.39
2013,210,21.13,26.43,16.77,70.0,0.0,3.74,2.93,14.14,0.39
2013,211,20.4,25.01,17.23,71.45,0.46,7.66,6.07,26.85,0.39
2013,212,19.68,25.2,15.52,66.1,0.08,8.1,6.42,19.37,0.39
2013,213,19.76,25.75,15.29,65.52,0.0,8.92,7.05,12.81,0.39
2013,214,20.07,26.23,14.97,64.94,0.02,8.18,6.47,10.91,0.39
2013,215,20.99,27.66,14.63,61.79,0.01,6.6,5.16,12.88,0.39
2013,216,21.52,27.53,16.06,59.71,0.03,5.82,4.55,16.5,0.39
2013,217,22.02,28.32,16.6,59.97,0.16,5.54,4.35,20.04,0.39
2013,218,22.61,28.84,17.44,58.76,0.62,5.06,3.99,41.64,0.39
2013,219,22.86,28.0,19.03,60.59,0.22,4.51,3.56,25.45,0.39
2013,220,23.37,29.09,18.03,57.21,0.01,3.65,2.85,14.35,0.39
2013,221,23.99,29.88,19.74,55.3,0.17,4.16,3.26,51.24,0.39
2013,222,23.7,29.28,19.2,58.63,0.0,3.91,3.11,37.92,0.39
2013,223,23.0,28.57,19.02,55.6,0.0,4.26,3.36,13.67,0.38
2013,224,22.94,29.6,17.2,55.84,0.0,3.69,2.85,14.39,0.38
2013,225,22.88,28.18,19.12,51.79,0.0,2.57,1.96,16.23,0.38
2013,226,22.58,28.97,17.38,50.51,0.0,3.36,2.6,21.2,0.38
2013,227,23.12,30.35,17.67,54.74,0.0,3.17,2.44,21.58,0.38
2013,228,22.58,29.03,17.89,61.47,0.0,3.02,2.34,14.04,0.38
2013,229,22.25,28.11,17.95,71.54,0.0,2.75,2.16,17.82,0.38
2013,230,23.37,30.12,18.09,57.36,0.0,2.72,2.09,18.59,0.38
2013,231,22.27,26.5,18.27,68.3,0.64,6.55,5.22,24.53,0.38
2013,232,20.38,26.47,15.87,58.37,0.0,8.53,6.79,20.27,0.38
2013,233,20.47,27.76,14.42,58.41,0.0,5.13,4.11,14.24,0.38
2013,234,22.32,27.65,18.47,65.95,0.0,4.02,3.12,19.99,0.38
2013,235,22.14,26.23,19.16,73.01,0.99,4.42,3.56,22.52,0.38
2013,236,22.57,28.66,18.12,68.56,0.0,6.2,4.97,19.23,0.38
2013,237,21.03,26.1,17.12,69.31,0.14,8.46,6.73,20.13,0.38
2013,238,21.8,28.71,15.91,59.03,0.0,8.14,6.42,12.78,0.38
2013,239,22.25,29.3,15.97,53.55,0.0,5.76,4.53,13.56,0.38
2013,240,22.42,29.05,16.78,55.39,0.0,4.43,3.55,12.61,0.38
2013,241,23.12,29.71,18.03,55.14,0.0,4.36,3.45,12.64,0.38
2013,242,23.41,30.12,17.95,59.43,0.0,4.16,3.28,13.86,0.38
2013,243,24.12,30.58,19.17,65.59,0.0,4.59,3.61,12.26,0.38
2013,244,23.84,29.86,19.85,70.69,0.0,3.76,2.95,24.45,0.38
2013,245,22.73,27.56,19.34,69.69,0.02,7.78,6.16,50.13,0.38
2013,246,23.13,29.12,18.0,58.57,0.0,7.88,6.25,8.45,0.38
2013,247,24.03,28.95,19.87,62.81,0.0,5.86,4.67,11.67,0.38
2013,248,23.11,28.58,19.21,65.08,0.0,8.68,6.91,8.88,0.38
2013,249,22.81,29.39,17.77,61.36,0.0,7.51,6.01,11.03,0.38
2013,250,23.26,30.05,17.46,58.46,0.0,6.85,5.47,10.62,0.37
2013,251,22.97,29.29,18.22,62.69,0.0,3.66,2.91,11.6,0.37
2013,252,23.13,29.5,18.76,64.15,0.0,2.78,2.2,13.36,0.37
2013,253,24.01,30.82,18.1,49.41,0.0,4.07,3.24,11.5,0.37
2013,254,25.34,32.56,19.69,48.03,0.0,4.56,3.56,10.31,0.37
2013,255,25.44,31.74,19.73,50.31,0.0,5.18,4.08,13.36,0.37
2013,256,25.18,32.39,19.66,59.69,0.0,4.08,3.23,11.44,0.37
2013,257,24.77,31.32,20.26,66.35,0.0,3.39,2.69,18.83,0.37
2013,258,25.35,31.55,20.47,66.12,0.0,2.82,2.29,11.15,0.37
2013,259,25.53,31.51,21.07,63.85,0.0,3.56,2.81,14.47,0.37
2013,260,25.89,33.09,20.36,55.19,0.0,2.94,2.32,15.26,0.37
2013,261,25.91,32.85,21.19,60.83,0.0,3.2,2.56,18.18,0.37
2013,262,25.18,31.5,20.14,62.99,0.0,3.83,3.08,13.89,0.37
2013,263,26.17,32.66,21.53,61.44,0.0,3.61,2.88,16.78,0.37
2013,264,26.54,32.97,21.94,59.88,0.0,4.74,3.77,15.45,0.37
2013,265,26.91,32.82,22.2,56.42,0.0,4.42,3.54,10.91,0.37
2013,266,25.41,31.91,20.13,52.37,0.0,5.3,4.28,12.15,0.37
2013,267,24.57,29.75,20.86,68.16,0.0,3.47,2.79,23.21,0.37
2013,268,24.81,30.6,20.94,69.51,0.0,3.59,2.92,17.29,0.37
2013,269,24.87,30.17,20.46,67.3,0.0,4.71,3.84,10.36,0.37
2013,270,26.27,33.96,20.34,62.24,0.0,3.46,2.77,11.32,0.37
2013,271,27.07,34.44,22.06,65.67,0.0,4.37,3.42,13.83,0.37
2013,272,25.82,29.73,22.58,72.96,4.62,5.7,4.56,42.14,0.37
2013,273,22.14,26.29,18.58,64.62,1.99,11.77,9.29,97.22,0.38
2013,274,20.77,24.95,18.01,63.26,1.52,9.08,7.24,97.1,0.38
2013,275,22.14,26.99,18.29,65.73,2.29,3.66,2.98,99.45,0.38
2013,276,23.9,30.02,19.41,65.59,0.14,4.27,3.37,94.02,0.38
2013,277,24.95,29.57,21.0,62.92,0.01,4.44,3.6,79.79,0.38
2013,278,25.47,31.75,20.27,57.96,0.0,4.34,3.5,32.92,0.38
2013,279,25.82,31.92,21.12,59.95,0.0,4.23,3.36,31.15,0.38
2013,280,25.29,30.6,22.11,68.5,0.04,3.87,3.13,40.43,0.37
2013,281,24.52,29.6,20.47,69.22,2.66,6.38,5.16,25.5,0.37
2013,282,24.94,30.45,20.16,63.92,1.82,7.18,5.79,19.58,0.38
2013,283,25.29,30.87,19.8,65.54,1.07,5.88,4.79,8.57,0.38
2013,284,25.32,31.0,21.56,70.22,2.38,4.9,3.96,29.83,0.38
2013,285,25.47,30.91,21.76,68.35,0.01,3.77,3.02,17.69,0.38
2013,286,26.74,32.14,21.54,63.48,0.01,6.28,4.95,9.56,0.38
2013,287,25.24,29.41,21.79,73.38,0.25,5.18,4.16,51.48,0.38
2013,288,24.35,29.97,20.19,61.29,0.01,8.83,7.08,40.15,0.38
2013,289,24.33,30.68,18.73,55.87,0.0,9.33,7.41,12.74,0.38
2013,290,24.94,31.2,19.02,56.01,0.0,5.55,4.5,10.31,0.37
2013,291,24.85,30.01,21.47,68.24,0.0,4.56,3.68,16.07,0.37
2013,292,24.19,28.8,21.2,69.34,0.0,4.21,3.43,24.16,0.37
2013,293,26.0,32.43,20.75,61.01,0.0,6.91,5.53,16.58,0.37
2013,294,26.27,33.26,21.12,65.59,0.0,6.66,5.31,23.11,0.37
2013,295,26.48,32.06,22.46,70.76,0.0,4.64,3.69,60.93,0.37
2013,296,25.14,29.73,21.63,70.66,0.53,6.21,5.0,56.21,0.37
2013,297,24.8,30.64,20.39,59.86,0.25,9.06,7.23,19.6,0.37
2013,298,26.38,32.94,19.91,61.36,6.64,5.21,4.18,15.7,0.37
2013,299,25.61,29.84,22.49,72.42,3.31,4.51,3.65,56.5,0.38
2013,300,25.14,29.47,21.7,68.84,0.78,3.92,3.19,38.64,0.39
2013,301,25.16,30.5,22.69,69.42,7.84,4.61,3.61,80.21,0.39
2013,302,25.59,31.72,21.88,65.31,4.18,5.3,4.2,35.99,0.4
2013,303,26.07,31.38,22.05,68.38,1.69,4.44,3.56,34.12,0.4
2013,304,27.54,33.68,22.62,63.95,0.07,3.86,3.0,33.73,0.39
2013,305,27.78,32.98,23.99,65.86,1.34,4.87,3.82,10.76,0.39
2013,306,27.27,31.95,24.1,76.75,3.57,4.69,3.71,24.71,0.39
2013,307,25.22,28.11,22.38,78.94,2.2,3.99,3.24,57.85,0.4
2013,308,24.78,29.38,21.29,66.71,0.01,6.49,5.28,46.96,0.4
2013,309,26.96,33.93,20.72,62.54,0.05,5.87,4.7,7.2,0.39
2013,310,26.96,32.36,23.35,66.64,0.02,4.32,3.5,8.85,0.39
2013,311,27.84,35.12,22.97,64.02,0.2,3.12,2.53,11.77,0.39
2013,312,27.46,33.31,23.96,68.15,0.75,3.56,2.86,33.75,0.39
2013,313,27.03,32.2,22.67,64.4,1.55,4.95,4.0,8.27,0.39
2013,314,26.44,32.22,22.36,63.78,1.39,6.67,5.39,39.39,0.39
2013,315,25.29,31.5,20.41,61.01,0.0,8.06,6.48,14.87,0.39
2013,316,25.07,30.9,19.98,58.82,0.0,7.62,6.14,10.25,0.39
2013,317,25.51,31.37,19.38,62.44,0.0,6.94,5.6,7.96,0.38
2013,318,28.09,34.85,21.35,59.11,0.01,5.61,4.43,8.76,0.38
2013,319,29.28,36.17,24.68,58.21,0.54,4.99,3.89,9.9,0.38
2013,320,28.12,33.98,23.64,61.95,0.03,3.64,2.9,8.63,0.38
2013,321,27.66,34.29,22.11,56.35,0.04,4.06,3.26,9.2,0.38
2013,322,27.93,33.04,22.9,54.11,0.0,3.86,3.06,22.85,0.38
2013,323,27.31,31.72,24.09,60.71,0.0,3.74,3.05,16.66,0.38
2013,324,27.43,32.55,23.26,65.36,0.0,4.26,3.47,11.8,0.38
2013,325,27.98,33.47,23.37,58.55,0.0,5.05,4.05,9.86,0.38
2013,326,28.21,34.36,23.15,60.24,1.03,7.72,6.16,24.58,0.38
2013,327,28.19,34.42,23.32,61.8,6.46,7.37,5.86,39.42,0.38
2013,328,26.19,30.86,22.34,71.4,11.03,8.84,7.03,46.8,0.4
2013,329,26.2,31.29,21.68,67.66,12.3,7.65,6.08,24.39,0.41
2013,330,26.34,31.05,21.58,69.76,18.78,4.32,3.43,24.68,0.43
2013,331,25.88,29.36,23.45,77.52,7.52,3.18,2.61,16.71,0.45
2013,332,26.0,30.49,22.61,73.83,1.97,3.41,2.78,20.79,0.45
2013,333,26.58,30.84,23.37,73.5,2.18,3.68,3.01,12.09,0.44
2013,334,26.25,30.03,23.28,74.38,2.92,5.48,4.4,13.19,0.44
2013,335,26.31,30.16,23.64,71.37,0.33,3.88,3.16,42.34,0.44
2013,336,26.75,31.9,22.4,68.2,0.54,6.91,5.53,15.83,0.43
2013,337,25.96,32.24,21.11,60.51,0.03,9.62,7.57,13.22,0.43
2013,338,26.79,33.03,21.27,57.06,0.01,5.51,4.4,31.95,0.42
2013,339,26.9,31.1,24.0,70.25,10.72,3.94,3.19,26.71,0.42
2013,340,26.1,29.2,23.36,75.92,16.4,4.36,3.52,31.94,0.44
2013,341,24.89,29.34,21.25,65.38,0.87,8.03,6.42,35.68,0.46
2013,342,24.42,29.71,19.91,70.11,0.17,8.25,6.58,16.58,0.45
2013,343,25.88,31.66,20.66,71.47,3.31,7.52,5.98,25.46,0.44
2013,344,26.64,31.14,22.36,73.64,2.13,4.96,3.99,43.02,0.44
2013,345,26.78,31.13,23.23,75.18,5.83,4.41,3.55,22.49,0.45
2013,346,26.81,30.76,23.98,75.47,0.02,5.02,4.0,30.95,0.44
2013,347,26.84,31.32,24.09,74.54,0.03,4.13,3.36,15.45,0.44
2013,348,26.65,31.02,23.89,71.84,0.01,3.2,2.62,27.53,0.43
2013,349,26.73,32.09,22.9,68.59,0.0,3.86,3.13,15.92,0.43
2013,350,28.08,34.4,22.44,64.07,0.0,3.94,3.17,9.16,0.42
2013,351,28.22,32.15,24.66,66.74,0.0,4.26,3.45,30.15,0.42
2013,352,27.31,32.17,23.25,68.41,6.44,6.17,4.96,64.29,0.42
2013,353,25.71,31.58,21.02,63.81,7.05,7.75,6.18,74.28,0.44
2013,354,26.56,32.45,20.94,64.72,0.1,7.03,5.58,16.83,0.43
2013,355,28.01,33.95,22.47,62.74,1.06,6.88,5.4,20.89,0.43
2013,356,28.47,34.17,23.11,55.27,0.0,6.49,5.06,17.22,0.42
2013,357,27.64,33.31,21.68,52.19,0.0,4.53,3.59,9.5,0.42
2013,358,28.21,34.36,22.63,56.69,0.0,4.62,3.67,9.86,0.41
2013,359,28.45,33.46,24.44,60.64,0.02,4.66,3.74,14.28,0.41
2013,360,29.23,34.06,24.57,54.58,0.2,3.99,3.2,12.64,0.41
2013,361,29.69,35.06,25.76,55.52,0.01,3.7,2.95,35.88,0.4
2013,362,29.43,34.29,26.19,56.04,0.01,3.55,2.84,53.52,0.4
2013,363,28.46,32.81,25.29,66.36,6.89,2.88,2.36,60.07,0.41
2013,364,29.4,34.79,25.29,61.39,0.54,3.57,2.87,18.74,0.41
2013,365,28.41,32.49,25.76,71.21,5.51,4.69,3.79,45.62,0.41
2014,1,27.5,31.0,25.48,73.25,3.44,3.35,2.72,53.83,0.41
2014,2,27.07,30.26,24.75,75.96,25.94,2.9,2.36,50.38,0.44
2014,3,27.74,31.96,24.15,71.85,10.17,3.2,2.6,10.92,0.46
2014,4,27.73,31.51,24.78,75.32,34.06,2.98,2.43,54.58,0.49
2014,5,27.36,30.61,24.11,79.21,80.47,3.49,2.77,25.25,0.57
2014,6,27.41,30.27,25.06,83.64,18.52,3.62,2.9,63.9,0.64
2014,7,26.15,27.29,25.1,88.85,15.04,3.57,2.8,99.35,0.64
2014,8,25.47,26.96,24.0,85.43,29.19,2.5,2.04,99.51,0.66
2014,9,26.26,28.44,24.19,86.8,23.81,7.55,5.85,88.06,0.7
2014,10,26.83,28.86,25.39,80.98,4.94,6.13,4.82,58.63,0.69
2014,11,26.78,29.05,24.89,77.43,0.87,2.6,2.12,47.42,0.67
2014,12,27.42,30.5,24.31,82.04,4.07,4.5,3.58,47.88,0.66
2014,13,27.16,30.49,25.22,85.48,12.33,4.03,3.19,76.03,0.66
2014,14,25.96,27.32,24.26,84.49,8.55,3.52,2.8,57.98,0.67
2014,15,26.06,29.34,23.36,82.59,2.92,7.54,5.92,46.57,0.67
2014,16,26.07,28.59,23.82,83.87,5.61,6.93,5.43,98.74,0.67
2014,17,26.56,28.88,24.3,85.61,12.95,7.76,6.02,98.82,0.67
2014,18,27.29,30.78,24.23,82.0,5.57,6.85,5.36,65.16,0.67
2014,19,27.71,30.93,25.31,80.94,2.6,4.44,3.55,43.02,0.67
2014,20,27.43,29.95,25.11,82.14,5.42,1.79,1.41,87.49,0.66
2014,21,27.82,30.68,25.53,84.49,25.73,3.18,2.49,96.07,0.69
2014,22,27.31,29.23,25.83,84.97,13.33,2.93,2.29,85.6,0.7
2014,23,26.67,29.62,24.7,82.94,22.81,2.69,2.12,79.89,0.73
2014,24,26.78,28.81,25.31,82.59,11.92,2.46,1.95,49.72,0.74
2014,25,26.81,29.04,24.82,83.91,7.0,2.68,2.12,32.07,0.74
2014,26,27.07,29.62,25.06,82.99,12.09,2.76,2.19,19.76,0.75
2014,27,27.86,30.92,25.06,82.26,12.14,2.96,2.34,35.54,0.76
2014,28,27.97,31.71,25.33,82.39,22.1,4.2,3.34,40.23,0.77
2014,29,27.31,30.04,25.22,82.6,25.68,3.74,2.98,54.31,0.79
2014,30,27.07,29.24,25.5,82.19,28.68,1.95,1.55,58.57,0.81
2014,31,27.24,30.53,24.72,80.73,9.41,2.44,1.93,31.28,0.82
2014,32,27.2,29.58,25.12,82.02,3.53,2.48,1.98,15.07,0.81
2014,33,27.02,29.58,25.0,82.78,3.39,2.53,2.03,28.08,0.8
2014,34,26.67,29.75,23.83,82.11,1.86,3.56,2.84,24.46,0.79
2014,35,26.24,29.32,23.49,82.02,0.24,4.34,3.5,22.08,0.78
2014,36,26.4,30.1,23.25,79.72,1.57,4.9,3.92,18.39,0.77
2014,37,26.32,30.26,22.44,79.41,0.5,5.32,4.26,17.63,0.76
2014,38,26.33,29.98,23.5,79.78,1.33,6.17,4.91,45.66,0.75
2014,39,26.06,29.54,22.59,80.7,1.61,5.23,4.2,15.62,0.74
2014,40,26.58,29.91,23.28,82.99,6.81,5.34,4.28,19.82,0.73
2014,41,27.65,30.79,25.17,83.26,3.27,3.56,2.79,47.86,0.73
2014,42,27.21,30.13,24.82,81.45,4.33,4.02,3.16,91.69,0.73
2014,43,26.5,29.33,24.11,79.32,1.82,3.95,3.11,77.54,0.73
2014,44,26.52,31.0,22.91,76.6,0.01,6.52,5.1,16.49,0.72
2014,45,26.19,30.78,22.12,77.09,0.06,6.56,5.15,14.94,0.71
2014,46,26.16,30.67,22.43,76.83,0.25,6.71,5.27,16.36,0.7
2014,47,25.79,30.51,21.37,75.8,0.07,5.95,4.69,20.71,0.68
2014,48,25.91,30.01,22.32,76.38,0.21,5.17,4.05,66.46,0.67
2014,49,26.03,30.06,22.47,77.34,0.55,4.34,3.42,83.69,0.66
2014,50,27.05,30.32,24.23,81.14,1.56,3.9,3.04,98.2,0.66
2014,51,27.37,30.39,25.37,84.1,0.96,7.12,5.51,96.69,0.66
2014,52,27.21,30.43,24.49,83.28,1.0,3.23,2.58,87.43,0.65
2014,53,27.43,30.04,25.41,80.78,1.77,3.07,2.44,59.78,0.64
2014,54,27.09,30.83,24.02,80.1,0.71,3.56,2.81,20.78,0.64
2014,55,27.51,30.86,24.44,79.37,0.65,2.2,1.74,20.78,0.63
2014,56,27.1,31.02,24.0,77.26,2.07,3.29,2.6,58.57,0.62
2014,57,26.25,28.13,24.89,84.55,9.14,1.98,1.59,72.31,0.62
2014,58,26.24,28.88,24.13,81.89,6.67,2.93,2.33,52.07,0.63
2014,59,26.21,28.82,24.48,80.18,5.44,2.28,1.82,46.67,0.63
2014,60,26.64,29.59,23.82,80.45,1.73,2.46,1.94,42.21,0.63
2014,61,27.78,30.94,25.11,79.12,0.7,3.08,2.39,41.67,0.62
2014,62,27.54,31.4,24.46,76.29,0.52,3.89,3.03,21.46,0.62
2014,63,28.04,31.72,24.66,73.3,0.53,2.87,2.25,26.21,0.61
2014,64,27.24,31.24,23.42,73.82,0.13,3.53,2.79,21.66,0.6
2014,65,27.49,31.48,24.08,73.27,0.0,3.63,2.85,26.92,0.59
2014,66,28.15,31.63,25.63,76.44,0.0,2.85,2.23,61.22,0.58
2014,67,28.42,31.69,26.12,77.42,0.0,2.97,2.34,50.86,0.58
2014,68,27.37,30.69,24.58,70.95,0.0,3.44,2.68,22.16,0.57
2014,69,27.43,31.46,24.04,70.86,0.0,3.1,2.43,19.5,0.56
2014,70,27.61,32.49,23.27,71.92,0.0,3.08,2.45,23.19,0.55
2014,71,27.79,32.2,24.03,74.23,0.49,2.85,2.22,24.67,0.55
2014,72,27.84,32.1,24.15,74.58,0.44,4.57,3.58,36.41,0.54
2014,73,27.98,32.14,24.5,77.1,1.89,6.19,4.86,31.61,0.54
2014,74,27.65,32.16,24.15,78.47,5.52,3.63,2.9,14.39,0.54
2014,75,27.43,30.86,24.78,79.56,6.44,4.74,3.77,23.15,0.54
2014,76,26.8,30.84,23.64,76.11,0.04,6.05,4.82,14.29,0.54
2014,77,26.7,31.64,22.93,71.93,0.01,6.32,5.0,13.58,0.53
2014,78,26.71,31.82,22.03,72.73,0.25,4.09,3.26,12.77,0.52
2014,79,27.16,30.92,24.16,72.0,0.09,3.45,2.72,15.52,0.51
2014,80,27.19,32.27,23.31,71.09,0.06,6.08,4.79,15.82,0.51
2014,81,27.47,33.12,22.82,70.54,0.0,6.83,5.27,12.92,0.5
2014,82,27.11,32.97,21.57,67.75,0.0,5.96,4.59,10.92,0.5
2014,83,26.65,32.59,21.45,68.04,0.0,7.15,5.55,11.96,0.49
2014,84,25.96,31.92,20.96,66.87,0.0,6.97,5.43,11.98,0.48
2014,85,25.98,32.05,20.06,62.27,0.0,4.49,3.52,11.25,0.48
2014,86,26.4,31.87,21.27,64.95,0.0,3.14,2.48,10.92,0.48
2014,87,26.19,32.45,21.21,63.34,0.0,5.9,4.63,11.41,0.47
2014,88,25.96,32.33,20.48,63.55,0.0,5.26,4.14,13.01,0.47
2014,89,26.8,32.5,21.28,65.46,0.03,3.55,2.82,38.14,0.46
2014,90,27.48,32.59,22.52,62.77,0.98,3.55,2.82,18.78,0.46
2014,91,26.93,32.35,21.91,63.46,0.0,3.75,2.97,14.58,0.46
2014,92,27.37,31.11,24.2,65.29,0.03,3.1,2.44,49.7,0.45
2014,93,28.05,33.66,23.5,65.15,0.01,3.83,3.03,15.88,0.45
2014,94,27.81,32.95,24.01,67.28,0.0,2.7,2.14,13.79,0.45
2014,95,26.81,30.98,23.53,74.39,0.06,4.24,3.36,39.64,0.44
2014,96,25.67,28.34,23.85,73.58,3.0,6.02,4.77,55.48,0.44
2014,97,25.32,28.89,22.27,70.41,2.37,6.88,5.42,50.73,0.45
2014,98,24.24,29.62,20.39,65.16,0.14,8.12,6.37,17.38,0.44
2014,99,24.28,30.13,19.51,62.23,0.01,8.39,6.56,29.69,0.44
2014,100,23.78,29.38,19.62,59.91,0.0,7.53,5.91,46.66,0.44
2014,101,24.28,30.64,18.47,61.24,0.0,6.67,5.24,18.41,0.43
2014,102,24.64,30.52,19.77,64.75,0.86,7.37,5.78,35.78,0.43
2014,103,24.98,31.23,19.44,64.94,0.48,7.05,5.48,13.36,0.43
2014,104,25.57,31.57,20.49,61.04,0.0,4.49,3.57,24.03,0.43
2014,105,25.58,31.34,20.58,64.24,0.93,4.04,3.18,21.07,0.43
2014,106,25.17,28.79,22.03,68.6,0.02,2.44,1.89,24.93,0.42
2014,107,25.1,29.36,21.7,73.61,0.17,2.91,2.29,64.97,0.42
2014,108,25.59,30.41,22.54,72.05,0.08,3.55,2.84,50.59,0.42
2014,109,25.86,30.61,21.88,72.5,0.2,5.17,4.16,26.84,0.42
2014,110,26.21,31.42,22.43,70.49,0.07,5.66,4.54,20.47,0.42
2014,111,25.68,30.49,22.27,74.62,1.33,5.07,4.08,14.92,0.42
2014,112,26.01,31.24,22.33,72.7,0.09,4.01,3.24,13.27,0.42
2014,113,25.79,30.57,22.51,74.21,0.33,3.06,2.42,13.43,0.41
2014,114,26.18,31.56,22.25,70.11,0.22,3.26,2.58,27.61,0.41
2014,115,25.99,30.23,22.67,71.76,0.01,3.57,2.85,90.82,0.41
2014,116,25.83,30.46,22.58,72.64,0.22,4.57,3.67,62.25,0.41
2014,117,25.12,28.62,21.84,73.11,0.04,4.22,3.41,72.36,0.41
2014,118,23.88,26.71,22.0,72.77,0.42,4.82,3.87,62.78,0.41
2014,119,23.7,26.62,21.94,68.68,0.39,4.88,3.88,49.68,0.41
2014,120,24.25,28.15,21.76,65.54,0.1,3.71,2.96,24.77,0.41
2014,121,25.27,31.38,19.65,62.29,0.0,4.54,3.55,10.29,0.41
2014,122,25.83,31.82,21.11,64.75,0.0,3.98,3.15,12.94,0.41
2014,123,26.05,32.15,21.28,64.73,0.01,3.0,2.34,11.22,0.4
2014,124,26.91,32.54,22.16,61.48,0.57,3.57,2.81,12.31,0.4
2014,125,26.22,32.03,21.22,67.15,2.16,3.74,2.98,36.06,0.4
2014,126,25.68,30.31,22.21,70.81,1.96,3.54,2.79,25.66,0.41
2014,127,25.0,29.84,21.26,75.68,1.48,3.17,2.55,32.62,0.41
2014,128,25.42,29.75,22.38,74.17,2.49,2.06,1.62,18.33,0.41
2014,129,25.42,30.34,21.81,72.7,0.3,2.59,2.01,19.49,0.41
2014,130,25.31,30.0,21.95,75.47,0.06,2.94,2.32,13.07,0.41
2014,131,24.98,29.81,21.73,77.34,0.72,3.33,2.64,20.95,0.41
2014,132,23.92,27.11,22.21,77.1,4.08,3.63,2.84,45.99,0.41
2014,133,22.98,25.64,21.0,75.19,2.69,7.54,5.82,49.65,0.41
2014,134,21.65,25.59,18.15,59.61,0.04,6.46,5.13,34.92,0.41
2014,135,19.92,24.42,15.46,62.99,0.0,4.07,3.24,25.36,0.41
2014,136,22.33,26.61,19.37,64.41,0.0,2.66,2.15,27.16,0.41
2014,137,21.89,27.45,17.26,67.96,0.0,3.56,2.79,15.57,0.41
2014,138,22.02,26.0,19.13,72.21,0.09,5.63,4.45,34.81,0.41
2014,139,21.64,26.87,17.79,61.13,0.0,7.04,5.55,21.9,0.4
2014,140,22.49,29.29,16.54,59.87,0.0,5.07,3.98,15.65,0.4
2014,141,22.68,27.23,18.98,72.13,0.0,5.19,4.06,20.4,0.4
2014,142,22.44,26.19,19.39,73.5,0.12,5.6,4.41,61.91,0.4
2014,143,21.89,26.82,18.77,67.0,0.03,8.77,6.85,78.39,0.4
2014,144,21.99,28.62,16.56,62.1,0.0,4.77,3.71,70.08,0.4
2014,145,21.88,28.38,16.54,64.13,0.0,3.68,2.86,21.65,0.4
2014,146,22.11,26.14,18.81,71.29,0.08,2.67,2.12,19.66,0.4
2014,147,22.62,26.15,20.34,67.73,0.26,3.92,3.11,23.29,0.4
2014,148,22.34,27.91,17.71,66.34,0.06,4.46,3.47,13.65,0.4
2014,149,22.27,28.47,16.73,66.42,0.0,4.46,3.52,12.81,0.4
2014,150,23.17,29.41,18.5,68.04,0.0,3.1,2.39,12.32,0.4
2014,151,22.86,28.47,18.65,71.18,0.0,4.9,3.85,13.72,0.39
2014,152,23.24,29.93,18.64,68.2,0.0,3.94,3.12,12.45,0.39
2014,153,22.54,27.62,18.56,74.75,0.0,2.94,2.28,14.09,0.39
2014,154,22.43,28.24,17.79,72.15,0.0,3.54,2.79,12.39,0.39
2014,155,23.54,30.59,18.1,63.34,0.0,3.32,2.55,12.5,0.39
2014,156,24.0,29.47,19.55,65.55,0.0,2.73,2.1,12.5,0.39
2014,157,23.8,29.66,19.23,69.96,0.16,4.84,3.76,14.6,0.39
2014,158,22.42,25.34,19.01,74.79,0.34,7.53,5.93,39.42,0.39
2014,159,22.07,27.84,17.76,64.7,0.0,8.22,6.45,11.31,0.39
2014,160,22.72,29.51,16.99,59.68,0.0,4.4,3.46,10.56,0.39
2014,161,22.25,27.9,17.7,63.09,0.0,3.82,3.0,12.28,0.39
2014,162,21.41,26.88,16.42,70.32,0.31,5.33,4.2,16.68,0.39
2014,163,21.32,27.12,16.3,65.22,0.11,6.25,4.93,13.54,0.39
2014,164,21.38,27.67,16.0,63.45,0.0,4.32,3.41,14.73,0.39
2014,165,22.05,27.85,17.09,56.92,0.0,2.51,1.9,16.55,0.39
2014,166,22.29,27.78,17.62,59.9,0.0,4.24,3.25,19.48,0.39
2014,167,22.99,27.63,19.98,66.64,0.0,3.79,2.85,16.68,0.39
2014,168,22.72,28.69,17.81,68.02,0.0,4.84,3.83,17.68,0.39
2014,169,23.29,29.68,18.65,71.62,0.02,4.19,3.32,17.01,0.39
2014,170,23.09,27.49,20.28,72.86,0.0,2.59,2.08,15.45,0.39
2014,171,21.61,25.23,18.42,71.41,2.77,6.81,5.31,40.09,0.39
2014,172,20.24,25.16,16.32,65.52,0.0,7.18,5.69,18.27,0.39
2014,173,20.59,25.88,16.26,69.12,0.02,6.79,5.37,17.34,0.39
2014,174,21.52,27.67,16.58,63.67,0.0,6.36,5.02,14.06,0.39
2014,175,21.56,27.09,17.14,69.86,0.0,4.65,3.7,11.87,0.39
2014,176,21.72,28.04,16.72,61.82,0.0,3.8,2.95,13.38,0.39
2014,177,20.84,26.56,15.89,68.68,0.0,4.1,3.24,16.15,0.39
2014,178,20.6,25.55,16.63,74.04,0.0,3.05,2.41,19.8,0.39
2014,179,21.09,26.94,16.03,68.28,0.0,5.58,4.41,13.51,0.39
2014,180,21.99,27.28,17.51,68.17,0.11,5.65,4.47,14.13,0.39
2014,181,21.28,26.7,16.66,69.8,0.02,3.49,2.76,18.06,0.39
2014,182,22.75,28.33,17.15,62.96,0.02,3.45,2.66,14.99,0.38
2014,183,24.08,30.65,18.83,60.65,0.02,5.11,3.96,13.8,0.38
2014,184,23.62,29.81,18.31,62.17,0.01,4.83,3.76,10.64,0.38
2014,185,23.71,29.32,18.92,60.47,0.01,4.96,3.85,8.32,0.38
2014,186,23.38,29.35,17.92,63.39,0.0,4.42,3.47,13.48,0.38
2014,187,23.24,28.83,19.46,62.93,0.0,4.12,3.23,13.76,0.38
2014,188,22.43,28.15,18.6,63.76,0.0,2.65,2.05,15.48,0.38
2014,189,21.9,25.58,18.74,79.68,1.44,4.15,3.36,48.74,0.38
2014,190,19.99,22.65,15.91,66.37,1.07,7.91,6.24,59.14,0.39
2014,191,18.58,23.27,14.52,61.76,0.0,5.95,4.73,30.17,0.39
2014,192,19.49,24.98,14.76,60.83,0.0,5.39,4.29,16.35,0.38
2014,193,20.35,27.3,14.61,56.28,0.0,3.89,3.08,16.67,0.38
2014,194,20.29,25.76,15.52,63.12,0.0,3.62,2.83,16.33,0.38
2014,195,20.05,24.35,16.0,74.38,0.0,4.37,3.46,21.65,0.38
2014,196,21.06,26.12,17.41,65.75,0.01,7.44,5.88,13.69,0.38
2014,197,21.54,27.66,16.08,64.08,0.0,6.09,4.81,18.03,0.38
2014,198,22.46,28.61,17.72,67.08,0.0,3.86,3.06,8.84,0.38
2014,199,22.56,28.58,18.12,70.41,0.0,3.26,2.55,12.28,0.38
2014,200,22.85,28.43,19.06,74.01,0.0,2.92,2.26,8.95,0.38
2014,201,22.57,28.21,17.96,71.89,0.0,4.67,3.69,9.85,0.38
2014,202,22.19,26.9,18.48,71.63,0.13,6.79,5.4,18.38,0.38
2014,203,21.6,27.01,17.55,66.55,0.0,7.6,6.04,10.83,0.38
2014,204,22.28,28.03,16.69,62.37,0.0,5.69,4.52,12.86,0.38
2014,205,23.13,28.67,18.6,62.12,0.0,4.3,3.42,17.94,0.38
2014,206,22.94,26.5,19.01,62.89,0.64,2.35,1.82,30.1,0.38
2014,207,23.92,28.65,20.22,67.81,1.46,3.98,3.09,17.56,0.38
2014,208,23.52,28.45,20.48,70.32,1.88,2.66,2.05,19.51,0.38
2014,209,22.57,27.76,18.81,72.0,0.13,6.09,4.85,10.28,0.38
2014,210,21.57,26.34,17.69,62.87,0.06,8.71,6.87,23.43,0.38
2014,211,20.89,27.98,15.1,53.71,0.0,7.79,6.12,13.6,0.38
2014,212,20.6,26.96,14.81,59.91,0.0,4.49,3.57,14.02,0.38
2014,213,21.13,25.14,18.09,72.23,2.89,3.2,2.57,30.93,0.38
2014,214,21.05,26.02,16.91,70.78,0.29,5.62,4.44,13.68,0.39
2014,215,21.42,27.0,16.49,67.51,0.01,7.15,5.66,13.13,0.38
2014,216,22.97,28.73,18.83,62.12,0.03,4.65,3.66,20.74,0.38
2014,217,22.53,27.35,18.37,65.75,0.05,4.0,3.18,40.96,0.38
2014,218,22.16,27.94,17.5,68.81,0.0,3.95,3.15,10.66,0.38
2014,219,22.68,28.38,17.99,60.28,0.0,4.05,3.19,12.45,0.38
2014,220,23.3,29.16,17.51,60.16,0.12,6.45,5.07,11.47,0.38
2014,221,23.85,29.5,18.65,62.03,0.09,4.22,3.34,35.78,0.38
2014,222,23.56,28.3,19.0,62.34,0.38,4.72,3.75,52.78,0.38
2014,223,23.74,28.94,18.35,62.2,0.07,5.61,4.4,17.07,0.38
2014,224,23.82,29.48,18.1,57.17,0.13,5.62,4.41,38.96,0.38
2014,225,24.23,29.5,20.2,54.48,0.52,4.72,3.75,37.56,0.38
2014,226,23.7,28.87,19.52,60.02,0.0,3.76,3.01,25.32,0.38
2014,227,23.78,29.58,19.66,61.77,0.0,3.3,2.62,29.96,0.38
2014,228,23.31,29.08,18.56,65.91,0.67,5.67,4.5,21.72,0.38
2014,229,23.02,28.6,18.44,63.77,0.05,7.95,6.29,8.49,0.38
2014,230,23.6,30.19,18.26,63.1,0.01,5.59,4.43,10.11,0.38
2014,231,23.77,29.27,19.1,62.12,0.0,4.19,3.36,21.93,0.38
2014,232,24.32,30.21,20.1,66.36,0.0,3.58,2.86,13.63,0.38
2014,233,24.38,30.7,19.15,57.61,0.0,3.55,2.83,19.34,0.37
2014,234,23.85,28.72,20.32,67.86,0.0,3.54,2.85,21.35,0.37
2014,235,22.3,25.17,19.09,72.1,3.48,4.41,3.55,46.59,0.38
2014,236,20.82,24.95,17.96,59.7,0.0,3.62,2.9,30.89,0.38
2014,237,20.83,24.34,18.05,63.88,3.34,6.19,4.86,35.6,0.38
2014,238,20.82,24.49,18.32,60.63,0.18,5.11,4.0,30.3,0.38
2014,239,21.07,26.74,16.51,59.44,0.0,5.88,4.7,21.59,0.38
2014,240,21.93,29.38,16.09,63.67,0.0,4.09,3.25,13.4,0.38
2014,241,23.13,29.46,17.51,72.37,0.0,5.18,4.03,19.7,0.38
2014,242,22.12,25.24,19.2,76.42,0.17,5.4,4.26,51.13,0.38
2014,243,20.86,24.76,17.53,65.24,0.0,5.07,4.01,21.45,0.38
2014,244,21.51,24.9,18.99,68.39,0.03,5.71,4.55,41.0,0.38
2014,245,21.6,26.99,16.95,62.22,0.0,8.13,6.49,14.64,0.38
2014,246,22.69,29.33,17.23,59.53,0.34,9.85,7.75,10.27,0.38
2014,247,22.67,29.84,16.04,54.94,0.02,8.17,6.4,11.93,0.38
2014,248,23.17,29.48,17.73,55.71,0.0,7.0,5.47,42.18,0.37
2014,249,23.37,29.58,18.23,55.11,0.01,5.1,4.1,13.29,0.37
2014,250,23.74,29.18,19.39,59.0,0.0,4.59,3.68,18.38,0.37
2014,251,23.91,30.2,18.51,58.52,0.01,5.09,4.05,10.42,0.37
2014,252,24.02,31.35,17.37,52.11,0.0,6.33,5.02,10.1,0.37
2014,253,23.76,31.4,17.09,58.25,0.0,4.36,3.49,16.82,0.37
2014,254,24.77,30.86,20.76,67.09,0.0,2.81,2.25,12.7,0.37
2014,255,24.66,32.09,18.79,52.08,0.0,3.35,2.62,11.67,0.37
2014,256,24.92,32.03,18.69,48.59,0.0,4.92,3.86,11.56,0.37
2014,257,24.88,32.13,18.51,47.34,0.0,4.94,3.93,12.44,0.37
2014,258,24.36,31.87,17.99,54.74,0.0,3.9,3.14,14.2,0.37
2014,259,23.97,30.36,19.77,67.94,0.0,3.81,3.06,20.43,0.37
2014,260,24.85,32.44,19.49,66.61,0.0,3.45,2.75,24.31,0.37
2014,261,24.95,31.82,20.32,68.34,0.0,4.31,3.45,31.17,0.37
2014,262,25.6,30.52,22.29,70.31,0.3,3.85,3.11,27.24,0.37
2014,263,25.62,30.33,21.91,66.29,0.33,6.62,5.32,30.74,0.37
2014,264,23.74,28.63,20.1,64.93,1.66,7.88,6.34,29.11,0.37
2014,265,22.84,28.55,18.64,66.6,1.06,9.37,7.48,24.4,0.37
2014,266,24.37,30.99,19.32,64.9,0.14,8.67,6.88,20.22,0.37
2014,267,24.85,31.61,19.78,61.43,0.05,7.9,6.25,11.35,0.37
2014,268,25.24,31.04,21.56,66.05,5.72,5.36,4.29,19.09,0.38
2014,269,24.13,28.63,21.57,76.52,7.51,3.53,2.85,50.94,0.38
2014,270,24.61,30.1,20.75,71.7,2.45,3.87,3.11,13.42,0.39
2014,271,25.02,30.89,20.96,70.32,0.0,3.94,3.16,13.12,0.39
2014,272,25.93,31.99,20.59,66.61,0.0,4.45,3.59,12.88,0.39
2014,273,27.62,34.81,23.09,59.51,0.0,3.67,2.86,14.59,0.38
2014,274,26.78,32.84,23.12,67.72,0.0,5.5,4.32,19.34,0.38
2014,275,23.79,26.45,21.32,75.52,0.0,5.67,4.61,67.68,0.38
2014,276,22.66,25.53,20.39,64.86,2.55,5.48,4.49,39.6,0.38
2014,277,22.33,25.97,19.16,60.4,1.19,6.93,5.62,24.6,0.38
2014,278,21.73,27.05,16.79,58.16,0.24,7.62,6.16,33.55,0.38
2014,279,21.46,25.53,18.7,70.79,4.92,8.54,6.84,20.41,0.39
2014,280,23.13,29.89,17.65,69.71,0.21,5.32,4.3,10.28,0.39
2014,281,23.47,28.43,20.11,70.21,0.02,3.18,2.6,23.72,0.38
2014,282,23.67,29.84,18.5,64.65,0.0,3.67,2.9,12.8,0.38
2014,283,24.82,32.01,19.17,55.24,0.0,5.13,4.06,15.58,0.38
2014,284,26.58,33.61,19.52,61.82,0.0,6.69,5.3,11.86,0.38
2014,285,27.48,34.55,21.68,54.77,0.0,3.36,2.65,16.6,0.38
2014,286,26.17,31.71,22.27,65.67,0.0,4.7,3.78,23.73,0.38
2014,287,24.53,28.26,22.02,71.05,0.0,4.74,3.88,48.74,0.38
2014,288,23.22,26.97,20.91,65.62,0.0,4.09,3.38,27.46,0.38
2014,289,23.02,27.75,19.98,61.47,0.0,2.51,2.04,78.25,0.38
2014,290,25.34,30.33,20.29,66.44,0.0,5.22,4.12,90.51,0.38
2014,291,23.59,26.7,21.58,80.69,12.27,6.51,5.21,92.43,0.39
2014,292,23.41,26.95,20.63,70.8,0.14,5.69,4.59,51.96,0.4
2014,293,23.07,26.23,20.49,72.35,0.35,4.69,3.82,25.5,0.39
2014,294,23.3,27.21,20.49,72.34,0.43,4.29,3.52,21.42,0.39
2014,295,23.24,27.12,20.28,72.96,0.11,4.6,3.78,18.96,0.39
2014,296,23.35,28.38,19.68,70.2,2.78,3.85,3.13,14.37,0.39
2014,297,23.35,27.86,20.44,68.79,0.52,3.62,2.98,15.71,0.39
2014,298,23.49,27.71,20.43,67.09,0.03,3.75,3.07,12.36,0.39
2014,299,24.18,28.87,20.28,66.82,0.75,7.07,5.72,14.69,0.39
2014,300,23.61,29.64,19.24,62.41,0.27,10.71,8.47,9.53,0.38
2014,301,25.26,31.57,18.46,56.83,0.02,7.89,6.24,13.19,0.38
2014,302,26.03,32.68,21.11,54.36,0.03,5.77,4.61,19.11,0.38
2014,303,26.35,31.47,22.27,60.54,0.09,4.64,3.75,18.57,0.38
2014,304,26.43,31.77,22.62,60.78,0.01,3.22,2.62,9.1,0.38
2014,305,26.54,32.15,22.37,58.25,0.0,4.11,3.33,6.75,0.38
2014,306,25.51,32.79,20.14,59.23,0.0,5.14,4.16,6.92,0.38
2014,307,25.7,32.05,19.58,62.31,0.0,6.75,5.4,19.45,0.38
2014,308,28.33,36.39,21.16,55.9,0.0,5.81,4.56,22.44,0.38
2014,309,27.7,33.24,24.47,62.2,0.05,6.62,5.25,55.17,0.37
2014,310,25.48,29.35,22.83,69.23,0.04,4.68,3.86,33.22,0.37
2014,311,25.18,29.35,21.94,64.97,0.27,5.16,4.21,24.95,0.37
2014,312,25.87,31.8,21.22,67.18,4.06,5.94,4.82,19.87,0.38
2014,313,25.0,28.43,21.94,70.11,1.44,4.39,3.56,17.4,0.38
2014,314,25.36,31.29,20.5,61.91,0.0,3.98,3.21,8.57,0.38
2014,315,26.75,33.53,20.79,56.8,0.0,7.24,5.77,8.95,0.38
2014,316,27.87,34.81,21.03,56.37,0.14,7.61,5.98,9.76,0.38
2014,317,28.21,34.03,24.6,60.87,0.0,7.16,5.68,11.53,0.38
2014,318,28.0,33.42,24.23,64.61,0.0,3.5,2.85,11.09,0.38
2014,319,28.79,35.05,24.45,62.65,0.0,3.73,3.0,15.52,0.37
2014,320,27.8,33.02,24.37,65.59,0.23,5.03,4.05,23.36,0.37
2014,321,25.72,30.43,22.06,66.09,5.17,9.49,7.55,53.27,0.38
2014,322,24.44,29.51,20.97,59.72,0.48,9.33,7.44,80.02,0.38
2014,323,24.03,29.09,20.48,66.96,3.64,7.95,6.41,78.77,0.38
2014,324,23.72,27.95,20.49,73.91,4.42,5.64,4.62,44.96,0.39
2014,325,24.22,28.67,20.28,67.83,1.55,5.21,4.24,16.61,0.39
2014,326,26.28,32.7,20.37,61.43,0.0,6.92,5.54,8.41,0.39
2014,327,27.46,33.72,21.51,61.22,0.0,6.11,4.87,9.87,0.38
2014,328,27.75,32.38,23.86,62.7,0.02,4.0,3.21,22.93,0.38
2014,329,26.3,31.76,22.49,66.15,0.0,3.91,3.18,19.21,0.38
2014,330,24.92,28.43,22.2,69.32,0.02,5.31,4.34,24.63,0.38
2014,331,24.66,28.64,21.02,64.79,1.16,6.5,5.28,27.43,0.38
2014,332,26.03,32.01,20.95,62.68,0.01,6.5,5.25,19.91,0.38
2014,333,26.94,33.27,21.84,59.2,0.01,7.98,6.36,13.62,0.38
2014,334,25.55,31.51,20.53,56.42,0.01,8.82,7.02,9.49,0.38
2014,335,24.45,30.09,20.1,62.21,0.87,8.83,7.03,53.1,0.38
2014,336,23.95,28.67,20.29,72.73,25.76,6.22,5.01,53.04,0.39
2014,337,23.04,26.1,20.62,73.85,6.12,7.68,6.08,29.05,0.43
2014,338,23.29,27.09,20.06,72.28,0.2,4.01,3.22,19.67,0.42
2014,339,23.85,28.42,20.06,71.32,0.34,4.77,3.84,15.68,0.42
2014,340,25.81,31.35,20.67,67.46,1.07,7.44,5.93,9.41,0.41
2014,341,27.13,33.18,22.05,69.6,4.14,4.67,3.68,10.67,0.41
2014,342,25.91,29.61,23.14,75.76,6.93,4.86,3.86,46.51,0.42
2014,343,25.26,29.2,22.37,74.81,3.1,3.44,2.81,24.78,0.42
2014,344,24.86,29.37,21.71,72.54,0.0,3.42,2.77,19.07,0.42
2014,345,25.7,30.87,21.9,70.94,0.0,4.54,3.69,8.03,0.42
2014,346,26.99,32.72,22.18,69.21,0.18,4.36,3.52,31.37,0.41
2014,347,27.29,32.06,23.69,67.74,0.0,5.31,4.21,77.22,0.41
2014,348,26.86,31.24,23.41,67.58,1.88,3.56,2.83,96.26,0.41
2014,349,26.68,30.39,23.73,74.02,4.32,4.13,3.31,43.77,0.41
2014,350,26.67,31.07,23.02,73.2,0.71,3.77,3.03,48.23,0.41
2014,351,26.82,30.92,23.63,71.51,0.69,3.2,2.61,80.5,0.41
2014,352,26.09,28.38,24.23,74.0,2.49,2.55,2.09,90.79,0.41
2014,353,27.07,31.35,23.9,71.36,0.99,2.75,2.24,71.43,0.41
2014,354,27.79,31.59,24.67,72.72,4.74,3.51,2.84,24.19,0.41
2014,355,28.06,32.58,24.66,74.0,2.64,3.56,2.89,22.16,0.41
2014,356,28.24,32.58,24.77,71.72,8.84,4.49,3.59,21.04,0.42
2014,357,28.94,35.09,23.14,65.41,0.06,6.49,5.12,12.64,0.42
2014,358,29.42,34.6,25.4,67.21,5.62,4.32,3.45,14.97,0.41
2014,359,29.17,34.21,25.0,69.29,9.46,3.54,2.85,13.61,0.42
2014,360,28.63,33.39,24.96,71.85,5.63,2.9,2.33,39.92,0.43
2014,361,29.75,34.91,25.07,61.35,0.0,2.6,2.08,10.24,0.43
2014,362,28.95,34.62,24.22,59.84,0.0,5.24,4.18,14.42,0.42
2014,363,28.34,32.64,24.9,67.86,0.47,4.48,3.61,22.62,0.41
2014,364,27.75,32.33,24.6,64.57,0.02,3.85,3.13,43.87,0.41
2014,365,27.57,32.43,23.34,65.17,0.03,4.61,3.75,69.11,0.41
2015,1,28.05,33.33,24.68,67.56,17.73,4.4,3.6,51.7,0.41
2015,2,26.99,29.91,24.73,81.81,19.56,3.3,2.71,97.62,0.45
2015,3,28.51,32.66,25.84,77.05,10.11,3.27,2.6,68.97,0.48
2015,4,28.8,32.8,25.45,76.76,4.11,5.63,4.47,38.35,0.47
2015,5,28.58,33.44,24.85,75.13,9.33,7.24,5.72,35.34,0.47
2015,6,28.24,32.92,24.14,76.51,8.96,5.04,4.05,39.34,0.48
2015,7,28.33,33.13,24.74,72.22,11.25,7.49,5.91,26.15,0.49
2015,8,28.55,33.59,23.74,69.51,0.02,6.4,5.04,11.13,0.48
2015,9,29.72,34.14,25.53,67.75,0.34,4.82,3.79,25.14,0.47
2015,10,30.19,34.73,25.58,68.38,0.74,4.69,3.69,16.66,0.46
2015,11,30.99,36.69,25.91,64.34,1.78,3.84,2.94,41.98,0.46
2015,12,29.63,34.79,25.99,69.89,6.45,4.87,3.83,51.27,0.46
2015,13,28.04,30.86,25.55,72.31,10.28,2.41,1.91,98.45,0.47
2015,14,27.56,31.32,24.9,75.51,19.36,4.47,3.49,96.0,0.51
2015,15,27.4,30.93,24.02,74.56,7.44,6.1,4.79,98.99,0.5
2015,16,26.95,30.34,24.85,80.14,21.67,8.67,6.7,99.08,0.53
2015,17,26.87,30.57,23.24,78.91,5.56,5.65,4.43,41.66,0.53
2015,18,27.7,31.92,24.04,75.71,0.61,5.29,4.22,13.96,0.52
2015,19,27.33,31.85,23.53,73.06,0.08,5.84,4.67,11.91,0.51
2015,20,26.26,30.58,22.47,74.21,0.97,6.53,5.2,15.04,0.5
2015,21,26.33,31.24,22.32,70.12,0.15,6.99,5.55,9.33,0.49
2015,22,26.03,31.13,21.78,70.06,0.49,7.56,5.98,9.59,0.49
2015,23,26.0,30.34,22.13,72.8,3.91,6.87,5.39,32.68,0.48
2015,24,26.37,30.57,22.53,75.03,28.3,4.21,3.28,56.38,0.5
2015,25,26.65,31.04,23.16,75.59,2.82,3.64,2.9,54.59,0.53
2015,26,27.86,32.01,24.62,77.09,3.84,3.46,2.69,85.05,0.52
2015,27,28.21,33.15,23.82,69.35,0.13,3.98,3.15,42.43,0.51
2015,28,27.97,32.6,24.45,67.49,0.01,3.54,2.78,8.78,0.5
2015,29,27.61,31.8,24.08,75.18,0.05,3.5,2.78,12.7,0.49
2015,30,27.37,31.24,24.19,74.61,0.2,3.33,2.66,12.23,0.49
2015,31,27.39,30.97,24.48,75.11,17.14,3.05,2.46,38.81,0.49
2015,32,26.91,30.52,24.43,78.69,8.07,3.99,3.18,37.79,0.51
2015,33,27.44,30.58,24.66,77.08,8.87,2.69,2.16,45.32,0.52
2015,34,27.12,31.94,24.31,76.91,17.67,7.64,5.88,61.35,0.52
2015,35,25.84,28.61,23.06,86.13,12.41,9.05,6.99,65.0,0.55
2015,36,26.78,28.58,24.74,85.82,7.5,5.7,4.46,79.07,0.55
2015,37,25.73,28.25,24.12,82.68,19.2,9.44,7.27,98.53,0.56
2015,38,26.2,27.49,24.67,87.29,43.76,12.05,9.12,99.3,0.62
2015,39,26.95,29.01,25.6,84.63,8.5,5.02,3.9,79.24,0.64
2015,40,26.25,28.31,24.89,84.4,7.19,2.39,1.91,68.45,0.63
2015,41,26.6,28.91,25.0,83.16,3.86,2.3,1.86,60.21,0.63
2015,42,27.55,31.4,24.74,81.11,2.69,3.42,2.68,65.68,0.62
2015,43,27.17,29.49,25.3,83.56,5.08,2.31,1.8,65.2,0.62
2015,44,27.24,30.67,24.31,76.34,3.18,3.28,2.6,34.68,0.61
2015,45,27.09,30.58,24.5,80.48,13.71,3.49,2.78,16.63,0.61
2015,46,27.32,30.35,24.64,80.27,10.8,3.03,2.42,27.03,0.63
2015,47,26.92,29.49,24.78,81.31,8.13,3.34,2.65,64.93,0.63
2015,48,26.24,28.07,24.63,89.06,15.11,6.06,4.75,93.49,0.64
2015,49,26.44,28.14,25.4,88.06,2.83,6.16,4.82,98.5,0.65
2015,50,26.7,28.91,24.62,85.15,3.25,3.92,3.07,87.56,0.64
2015,51,26.11,29.36,23.14,82.01,4.52,4.24,3.4,73.18,0.63
2015,52,26.83,31.0,22.5,79.1,3.65,3.62,2.86,21.56,0.63
2015,53,27.68,30.82,25.5,80.1,2.51,2.71,2.13,29.36,0.62
2015,54,27.33,30.94,24.26,80.88,2.51,5.3,4.18,20.04,0.62
2015,55,26.87,30.95,24.05,80.95,2.79,5.62,4.48,36.3,0.61
2015,56,27.16,30.82,23.95,77.87,0.45,3.93,3.12,18.41,0.6
2015,57,27.27,30.18,24.92,80.93,0.86,4.08,3.2,37.73,0.59
2015,58,27.85,30.36,25.46,81.93,1.74,3.18,2.51,58.77,0.59
2015,59,28.1,32.03,24.55,74.37,0.2,4.27,3.36,10.74,0.58
2015,60,27.44,31.32,24.57,79.29,0.48,4.29,3.4,39.47,0.57
2015,61,26.06,27.58,24.21,84.55,4.02,3.84,3.03,86.73,0.57
2015,62,24.27,28.19,20.48,73.0,1.23,8.86,6.91,50.88,0.57
2015,63,23.99,28.91,19.43,72.79,0.12,7.81,6.11,19.35,0.56
2015,64,25.97,30.54,20.85,78.09,5.1,5.34,4.14,46.36,0.55
2015,65,27.15,31.01,23.56,77.74,3.24,4.23,3.3,28.89,0.55
2015,66,27.46,31.15,24.32,77.84,3.19,3.24,2.56,37.19,0.55
2015,67,27.14,30.76,24.92,80.3,31.35,3.45,2.75,43.69,0.56
2015,68,26.86,30.18,24.55,82.75,4.52,4.68,3.69,90.46,0.59
2015,69,25.54,28.91,23.0,82.48,3.96,6.47,5.12,40.74,0.59
2015,70,25.9,29.67,23.03,79.44,1.87,6.58,5.17,20.46,0.58
2015,71,25.19,29.43,22.17,76.35,0.11,6.93,5.42,18.45,0.57
2015,72,25.64,30.11,20.91,72.96,0.07,4.06,3.21,20.04,0.56
2015,73,26.49,30.38,22.4,74.09,1.09,3.89,3.06,20.76,0.55
2015,74,25.9,29.33,22.98,79.51,9.25,3.73,2.96,28.44,0.56
2015,75,25.23,28.27,22.13,78.39,24.68,3.53,2.8,41.28,0.58
2015,76,25.77,28.44,23.73,83.18,7.0,2.88,2.25,39.23,0.59
2015,77,25.75,28.78,23.52,79.89,1.78,2.21,1.75,22.64,0.59
2015,78,25.64,29.35,22.33,80.74,0.15,2.96,2.34,13.41,0.58
2015,79,25.9,29.81,22.75,81.65,0.11,3.92,3.13,22.09,0.57
2015,80,26.25,30.36,22.85,80.53,0.24,4.55,3.64,14.69,0.56
2015,81,26.46,30.91,23.03,79.27,0.02,4.88,3.89,16.03,0.55
2015,82,26.55,31.24,23.02,78.86,0.0,4.2,3.35,18.74,0.54
2015,83,26.76,31.37,23.05,77.43,0.0,3.04,2.4,23.29,0.54
2015,84,26.46,30.48,23.47,76.19,0.0,2.33,1.84,24.49,0.53
2015,85,26.4,30.65,23.09,76.51,0.0,2.33,1.85,46.04,0.52
2015,86,25.92,30.06,22.94,75.99,0.57,2.64,2.09,39.02,0.52
2015,87,25.32,29.97,21.58,77.35,1.23,4.0,3.16,57.7,0.52
2015,88,25.84,30.26,22.21,78.05,1.55,4.65,3.71,77.47,0.51
2015,89,25.64,29.21,22.98,77.63,1.82,4.93,3.93,75.23,0.51
2015,90,24.87,29.0,21.73,75.83,0.93,5.73,4.56,18.49,0.51
2015,91,24.5,28.73,21.61,74.21,0.29,6.79,5.36,34.67,0.5
2015,92,24.27,28.94,21.27,71.98,0.38,6.86,5.4,16.61,0.5
2015,93,24.12,29.49,19.21,71.92,0.05,5.49,4.33,12.32,0.49
2015,94,25.06,30.65,20.08,73.08,0.06,4.07,3.2,10.0,0.49
2015,95,25.38,29.49,21.69,75.0,0.04,2.86,2.23,11.68,0.48
2015,96,25.37,29.79,21.93,77.24,0.81,3.01,2.37,12.9,0.48
2015,97,24.88,29.16,21.73,77.85,0.48,4.39,3.47,16.02,0.48
2015,98,25.65,29.96,22.31,73.92,0.46,5.5,4.35,48.07,0.48
2015,99,25.45,29.93,22.02,76.05,1.91,6.65,5.21,13.23,0.47
2015,100,25.8,30.75,21.96,73.2,0.56,7.02,5.4,13.31,0.47
2015,101,25.96,30.69,22.17,73.1,0.2,4.1,3.21,14.51,0.47
2015,102,25.88,30.13,22.69,76.66,0.68,2.84,2.23,16.04,0.46
2015,103,25.95,30.09,23.05,76.69,0.45,2.49,1.95,14.19,0.46
2015,104,25.93,30.26,22.99,75.91,0.53,2.89,2.31,24.65,0.46
2015,105,25.7,28.99,24.02,80.16,1.89,4.22,3.33,86.2,0.46
2015,106,25.84,29.36,23.7,78.86,2.13,3.26,2.58,23.84,0.46
2015,107,26.1,30.22,22.85,77.12,0.06,4.77,3.74,58.35,0.46
2015,108,26.72,30.59,23.58,76.39,0.38,4.42,3.49,54.54,0.46
2015,109,26.94,30.71,23.58,72.9,0.23,3.43,2.66,88.49,0.46
2015,110,25.68,29.35,23.12,77.89,0.42,4.05,3.2,50.32,0.45
2015,111,24.94,28.5,22.19,75.62,1.08,6.1,4.83,43.38,0.45
2015,112,24.58,29.54,20.43,69.5,0.42,6.88,5.39,13.4,0.45
2015,113,25.6,30.71,21.93,72.65,0.56,4.25,3.35,15.59,0.45
2015,114,25.99,30.42,22.54,76.47,1.61,2.35,1.83,11.18,0.45
2015,115,26.77,31.67,22.81,72.76,2.75,3.1,2.37,13.08,0.45
2015,116,25.85,30.36,22.5,76.92,1.25,3.37,2.66,40.72,0.45
2015,117,24.82,28.3,22.25,80.48,0.46,2.75,2.19,20.76,0.45
2015,118,23.83,27.19,21.95,78.62,0.26,2.29,1.83,20.49,0.44
2015,119,23.43,27.05,21.15,78.0,0.18,2.61,2.07,19.93,0.44
2015,120,22.96,27.57,19.84,71.97,0.0,2.57,1.95,14.83,0.44
2015,121,23.11,28.29,18.65,72.24,0.03,3.47,2.66,23.11,0.44
2015,122,23.57,28.07,20.92,75.69,0.68,3.96,3.15,14.49,0.43
2015,123,23.64,29.05,19.28,74.72,0.02,5.28,4.22,16.16,0.43
2015,124,24.88,30.63,20.61,75.18,0.02,5.28,4.19,11.54,0.43
2015,125,25.55,30.92,21.66,74.61,0.04,4.28,3.36,10.65,0.43
2015,126,25.37,31.03,21.52,72.99,1.02,3.48,2.72,11.2,0.43
2015,127,24.42,28.4,21.6,76.2,2.96,5.46,4.3,13.16,0.43
2015,128,23.9,29.22,20.38,73.95,0.27,7.73,6.04,15.45,0.43
2015,129,24.9,30.38,19.93,70.52,0.1,4.25,3.32,10.48,0.43
2015,130,24.58,29.52,20.87,75.6,0.64,4.46,3.53,12.04,0.42
2015,131,24.8,29.5,21.51,78.15,0.47,2.34,1.88,36.18,0.42
2015,132,24.3,28.57,21.87,79.64,0.45,2.75,2.17,53.52,0.42
2015,133,23.12,26.28,21.28,77.02,0.11,3.01,2.4,21.55,0.42
2015,134,22.79,26.51,20.24,72.76,0.01,2.97,2.3,19.75,0.42
2015,135,22.5,27.6,17.91,72.44,0.0,4.76,3.76,14.09,0.42
2015,136,23.66,29.93,18.18,66.31,0.41,4.16,3.25,15.47,0.42
2015,137,23.83,30.08,18.81,67.52,1.1,4.56,3.52,13.44,0.42
2015,138,22.97,29.04,18.41,67.84,1.04,6.13,4.79,13.65,0.42
2015,139,22.95,29.29,17.26,68.15,0.33,4.91,3.79,12.05,0.41
2015,140,23.75,30.0,18.57,68.84,0.32,4.34,3.37,12.47,0.41
2015,141,24.9,30.37,20.05,67.67,0.07,4.84,3.69,9.95,0.41
2015,142,24.25,29.6,19.87,68.39,0.04,4.98,3.94,9.47,0.41
2015,143,23.2,28.88,19.11,71.93,0.18,6.6,5.21,11.94,0.41
2015,144,21.73,27.37,17.79,68.21,0.14,5.56,4.44,17.75,0.41
2015,145,21.52,28.16,16.28,64.15,0.0,4.1,3.24,17.53,0.41
2015,146,22.32,27.82,17.87,63.79,0.0,2.65,2.1,18.23,0.4
2015,147,22.86,28.77,18.47,69.33,0.11,2.74,2.18,14.42,0.4
2015,148,22.95,29.18,18.22,62.45,0.05,2.8,2.14,20.15,0.4
2015,149,23.14,28.11,19.34,66.21,0.15,2.16,1.66,16.45,0.4
2015,150,23.7,30.02,18.45,59.3,0.0,3.62,2.78,14.91,0.4
2015,151,24.25,30.73,18.78,65.45,0.02,4.92,3.84,15.59,0.4
2015,152,24.27,30.53,18.63,66.72,0.33,4.32,3.42,13.68,0.4
2015,153,25.12,30.98,19.71,67.33,0.21,4.58,3.54,10.1,0.4
2015,154,25.33,31.17,20.35,69.52,0.06,4.34,3.39,9.42,0.4
2015,155,25.08,30.03,21.42,73.75,1.09,4.84,3.81,9.38,0.4
2015,156,23.99,27.87,21.55,77.53,1.54,7.44,5.83,45.3,0.4
2015,157,22.14,25.54,19.33,59.71,0.02,6.52,5.19,69.56,0.4
2015,158,21.27,26.37,17.21,61.3,0.0,7.18,5.68,19.76,0.4
2015,159,21.83,26.36,17.48,67.87,0.1,4.72,3.76,26.32,0.4
2015,160,22.45,26.07,20.0,73.38,0.05,3.82,3.0,33.73,0.4
2015,161,21.88,25.77,19.02,69.56,0.49,5.86,4.67,27.18,0.4
2015,162,21.78,27.06,17.56,71.41,0.26,6.52,5.16,16.07,0.4
2015,163,21.84,26.83,18.01,76.11,1.05,4.53,3.64,16.9,0.4
2015,164,21.45,24.54,18.61,77.8,8.68,6.35,5.05,23.56,0.41
2015,165,20.35,25.36,16.85,74.82,0.37,5.33,4.23,18.45,0.41
2015,166,19.52,25.6,14.67,68.68,0.02,5.37,4.24,17.4,0.41
2015,167,20.07,26.87,13.94,60.63,0.04,3.31,2.61,18.23,0.41
2015,168,20.83,26.88,15.72,70.4,0.03,5.22,4.02,18.92,0.4
2015,169,22.23,26.26,19.39,71.91,0.46,3.87,2.97,29.4,0.4
2015,170,20.98,25.84,16.9,68.74,0.02,5.24,4.11,16.52,0.4
2015,171,21.28,26.86,17.3,69.84,0.03,8.44,6.61,14.13,0.4
2015,172,21.86,28.63,16.39,65.16,0.0,5.14,4.04,12.21,0.4
2015,173,21.78,27.84,16.78,68.07,0.0,3.57,2.8,12.84,0.4
2015,174,22.07,27.48,17.92,73.8,0.01,2.86,2.2,38.78,0.4
2015,175,23.16,28.73,19.0,70.34,0.03,3.44,2.71,53.24,0.4
2015,176,23.47,29.05,19.25,65.17,0.0,3.76,2.94,25.92,0.39
2015,177,23.04,28.59,18.85,65.74,0.0,5.96,4.68,16.15,0.39
2015,178,22.82,28.29,18.63,65.94,0.0,6.72,5.26,10.94,0.39
2015,179,22.39,28.56,18.04,63.87,0.0,4.88,3.84,29.87,0.39
2015,180,21.01,25.9,17.79,73.46,0.0,2.68,2.08,19.12,0.39
2015,181,20.67,25.05,17.46,77.49,0.86,4.83,3.81,23.69,0.39
2015,182,20.56,25.33,16.69,72.58,0.38,5.91,4.72,18.65,0.39
2015,183,20.62,26.08,16.41,69.64,0.05,6.39,5.1,14.91,0.39
2015,184,21.58,27.65,16.93,70.6,0.03,5.7,4.55,14.1,0.39
2015,185,21.73,27.68,17.18,73.48,0.03,4.03,3.19,14.0,0.39
2015,186,21.59,26.65,17.96,74.42,0.02,2.6,2.09,18.77,0.39
2015,187,21.06,24.82,18.41,76.2,0.18,3.37,2.74,27.84,0.39
2015,188,20.05,23.88,17.54,69.77,0.73,7.56,5.95,45.75,0.39
2015,189,19.18,23.49,16.2,60.88,0.02,5.47,4.4,33.52,0.39
2015,190,18.63,23.98,13.95,60.69,0.0,5.16,4.12,24.02,0.39
2015,191,19.53,25.96,13.98,64.99,0.08,5.89,4.68,15.97,0.39
2015,192,20.94,27.11,15.98,67.45,0.59,6.45,5.06,13.75,0.39
2015,193,20.42,26.49,15.35,68.37,0.06,4.39,3.46,16.22,0.39
2015,194,20.9,26.6,16.32,68.03,0.0,3.44,2.69,15.73,0.39
2015,195,20.69,26.12,16.26,74.33,0.49,4.22,3.38,15.34,0.39
2015,196,21.51,27.64,16.6,66.78,0.32,4.75,3.71,14.42,0.39
2015,197,21.88,28.14,17.1,64.88,0.0,3.57,2.79,15.93,0.39
2015,198,22.13,28.59,16.64,57.47,0.0,2.81,2.18,14.71,0.38
2015,199,23.63,29.89,18.37,56.34,0.01,3.61,2.77,16.33,0.38
2015,200,23.68,29.4,18.54,56.8,0.02,4.02,3.12,18.8,0.38
2015,201,23.03,28.69,17.75,59.86,0.03,4.55,3.59,10.5,0.38
2015,202,22.81,28.92,18.28,60.65,0.0,4.27,3.37,15.1,0.38
2015,203,22.31,27.63,18.02,66.35,0.0,3.68,2.9,13.67,0.38
2015,204,22.51,28.5,17.22,58.31,0.0,2.99,2.35,14.31,0.38
2015,205,22.18,28.06,17.56,60.46,0.0,4.14,3.29,15.66,0.38
2015,206,22.58,28.92,17.77,66.28,0.0,3.06,2.39,16.68,0.38
2015,207,22.3,28.05,17.58,63.2,0.0,4.27,3.27,15.43,0.38
2015,208,21.51,23.93,18.6,76.85,0.09,4.61,3.64,54.96,0.38
2015,209,21.03,26.48,16.62,65.62,0.0,5.92,4.75,14.14,0.38
2015,210,21.69,27.93,16.57,69.85,0.0,4.05,3.26,14.61,0.38
2015,211,22.16,26.71,18.38,75.18,0.01,3.15,2.49,20.32,0.38
2015,212,21.92,26.57,17.44,74.34,0.02,5.02,3.94,32.59,0.38
2015,213,20.96,23.44,18.02,67.93,1.55,8.28,6.56,66.46,0.38
2015,214,19.51,23.82,15.96,58.18,0.0,7.21,5.76,43.57,0.38
2015,215,19.89,26.68,14.11,58.93,0.0,6.25,4.96,15.37,0.38
2015,216,20.5,27.45,14.3,59.04,0.0,4.1,3.25,16.82,0.38
2015,217,20.56,26.26,15.61,59.83,0.0,3.83,3.03,13.94,0.38
2015,218,19.67,23.89,16.28,71.38,0.0,4.36,3.47,28.19,0.38
2015,219,19.78,24.81,15.4,69.19,0.0,5.36,4.29,23.22,0.38
2015,220,20.27,26.11,15.15,65.85,0.0,5.74,4.62,14.83,0.38
2015,221,20.25,26.41,15.29,71.17,0.0,4.4,3.55,15.96,0.38
2015,222,20.35,25.03,17.37,72.23,0.08,3.12,2.5,24.18,0.38
2015,223,21.27,27.39,16.55,73.22,0.06,4.22,3.37,14.04,0.38
2015,224,21.65,26.02,18.86,75.69,0.35,3.14,2.52,19.86,0.38
2015,225,22.11,28.92,17.02,69.82,0.02,3.42,2.69,11.67,0.38
2015,226,23.31,29.63,18.06,64.28,0.0,4.0,3.14,20.15,0.38
2015,227,24.38,30.49,19.12,59.29,0.0,4.41,3.42,46.75,0.37
2015,228,23.65,30.23,18.97,62.4,0.01,4.85,3.85,20.64,0.37
2015,229,22.66,28.33,18.65,70.89,0.03,3.47,2.76,12.88,0.37
2015,230,22.73,28.13,18.76,67.05,0.21,3.55,2.85,12.62,0.37
2015,231,23.23,29.96,17.54,63.27,0.0,3.72,2.96,15.2,0.37
2015,232,23.65,29.88,19.03,63.25,0.0,3.02,2.37,13.14,0.37
2015,233,23.58,30.28,18.58,63.15,0.0,3.01,2.4,18.15,0.37
2015,234,23.13,29.28,18.82,72.21,0.08,3.92,3.12,19.95,0.37
2015,235,22.59,26.54,20.13,79.46,0.27,3.64,2.94,31.48,0.37
2015,236,22.76,27.08,19.85,71.91,1.92,4.39,3.54,26.84,0.38
2015,237,23.69,30.04,18.86,69.25,0.18,3.42,2.71,11.84,0.38
2015,238,24.68,30.57,19.84,60.12,0.02,3.9,3.09,12.36,0.37
2015,239,24.73,30.68,19.61,55.57,0.04,3.8,3.02,28.47,0.37
2015,240,24.19,29.8,19.42,58.09,0.01,3.99,3.21,49.73,0.37
2015,241,23.97,29.31,19.95,60.02,0.0,3.66,2.91,43.64,0.37
2015,242,24.34,29.97,19.92,57.11,0.0,3.47,2.73,20.37,0.37
2015,243,24.98,30.8,20.32,57.48,0.0,3.44,2.72,10.55,0.37
2015,244,25.0,31.15,20.48,63.24,0.0,2.98,2.35,9.81,0.37
2015,245,25.08,31.5,20.34,65.25,0.0,3.39,2.67,10.33,0.37
2015,246,24.99,30.54,20.33,60.02,0.0,4.45,3.56,8.85,0.37
2015,247,23.56,27.98,20.5,69.07,0.03,7.57,6.07,18.25,0.37
2015,248,24.35,30.38,19.04,59.62,0.01,7.57,6.0,10.73,0.37
2015,249,24.81,31.22,20.4,61.16,0.01,5.1,4.07,21.22,0.37
2015,250,24.46,30.34,21.2,66.79,0.37,4.5,3.63,17.54,0.37
2015,251,25.17,30.81,21.65,63.95,7.38,3.49,2.82,26.47,0.37
2015,252,25.05,30.48,21.11,66.87,0.7,3.19,2.48,16.76,0.38
2015,253,25.38,31.54,20.58,59.36,0.03,3.42,2.65,11.9,0.38
2015,254,25.28,31.27,20.91,63.16,0.32,3.71,2.89,12.78,0.38
2015,255,21.37,24.4,17.69,64.93,12.92,8.71,6.96,73.31,0.4
2015,256,19.68,23.09,16.99,62.64,0.29,7.41,5.96,44.07,0.4
2015,257,21.03,26.45,16.7,59.83,0.09,7.69,6.15,21.35,0.39
2015,258,22.07,29.31,15.94,60.84,0.0,5.46,4.37,12.69,0.39
2015,259,22.42,26.97,18.92,70.06,0.04,3.98,3.16,17.74,0.39
2015,260,22.55,27.81,18.57,72.08,0.02,3.02,2.38,16.98,0.38
2015,261,23.37,29.45,17.86,66.31,0.0,3.46,2.74,10.74,0.38
2015,262,23.29,29.36,18.46,67.81,0.13,7.32,5.84,8.73,0.38
2015,263,22.47,28.26,18.25,60.52,0.06,9.63,7.65,7.61,0.38
2015,264,24.19,30.72,17.83,57.37,0.03,6.43,5.04,15.93,0.38
2015,265,24.58,31.32,20.19,62.22,1.04,5.93,4.72,16.18,0.38
2015,266,24.81,29.98,21.0,65.64,1.99,3.73,2.97,25.64,0.38
2015,267,25.38,30.86,21.59,55.55,0.42,4.57,3.62,22.78,0.38
2015,268,25.13,31.1,19.65,53.76,0.01,4.39,3.48,9.27,0.38
2015,269,26.04,32.4,20.8,54.81,0.06,4.81,3.81,14.47,0.38
2015,270,25.89,32.53,21.06,56.61,0.03,5.25,4.15,24.3,0.37
2015,271,26.79,32.36,22.23,57.49,0.13,3.93,3.1,23.68,0.37
2015,272,27.96,33.05,23.76,49.53,0.01,4.53,3.52,21.91,0.37
2015,273,26.54,32.6,21.61,55.05,0.02,4.66,3.71,10.71,0.37
2015,274,26.32,32.72,22.02,60.38,0.16,5.11,4.06,15.35,0.37
2015,275,25.85,29.92,22.44,68.7,0.57,3.52,2.85,21.38,0.37
2015,276,25.92,30.23,21.87,65.47,0.03,3.68,2.97,49.27,0.37
2015,277,27.37,33.92,21.4,52.85,0.0,5.65,4.5,7.89,0.37
2015,278,27.39,34.67,21.96,51.66,0.0,4.54,3.62,10.5,0.37
2015,279,25.59,30.92,21.82,68.3,0.0,4.39,3.56,26.22,0.37
2015,280,26.59,33.47,20.02,60.83,0.0,5.08,4.07,18.59,0.37
2015,281,27.33,34.89,21.47,58.01,0.0,4.39,3.51,10.83,0.37
2015,282,25.8,31.0,21.4,72.97,0.0,3.69,3.03,31.42,0.37
2015,283,26.42,32.88,21.33,64.17,0.0,4.23,3.45,23.79,0.37
2015,284,26.11,32.06,21.81,68.11,0.0,3.88,3.14,26.6,0.37
2015,285,27.44,34.57,21.53,60.36,0.0,5.4,4.32,13.16,0.37
2015,286,28.62,35.35,22.88,51.44,0.0,4.8,3.79,12.73,0.37
2015,287,28.11,34.51,23.45,57.32,0.0,3.47,2.75,18.83,0.37
2015,288,26.92,33.1,22.56,65.91,0.0,4.63,3.74,22.01,0.37
2015,289,27.22,32.56,23.57,68.98,0.0,3.73,3.01,26.15,0.37
2015,290,26.67,32.36,22.9,65.24,0.0,6.82,5.5,86.18,0.37
2015,291,25.98,30.92,22.84,67.27,3.22,6.51,5.29,18.95,0.37
2015,292,25.71,29.72,22.82,71.02,6.58,3.12,2.58,26.99,0.38
2015,293,27.45,32.63,22.59,58.32,0.36,5.68,4.45,12.1,0.38
2015,294,27.34,33.48,22.55,59.05,0.06,5.52,4.39,9.91,0.38
2015,295,26.84,32.4,23.53,63.98,0.51,5.42,4.35,20.36,0.37
2015,296,25.67,31.03,21.94,68.89,0.09,5.08,4.13,14.84,0.37
2015,297,25.65,30.71,21.69,66.28,0.05,6.49,5.25,15.78,0.37
2015,298,27.26,33.12,22.18,63.87,0.03,6.49,5.24,18.44,0.37
2015,299,26.77,31.63,23.52,68.26,0.47,4.75,3.84,17.4,0.37
2015,300,26.23,30.86,23.29,68.94,1.61,3.97,3.21,21.91,0.37
2015,301,26.28,31.93,22.71,67.88,7.81,3.25,2.64,22.8,0.37
2015,302,27.31,33.74,22.19,64.28,5.76,4.82,3.76,38.39,0.39
2015,303,26.91,31.65,23.28,68.39,14.24,5.32,4.24,49.69,0.39
2015,304,25.75,28.21,23.83,78.59,22.72,3.14,2.45,96.5,0.44
2015,305,25.07,27.24,23.39,74.1,7.12,1.59,1.29,55.24,0.46
2015,306,26.72,31.42,22.31,71.39,1.59,4.33,3.44,12.52,0.45
2015,307,25.35,30.05,20.78,79.58,21.82,7.47,5.9,77.09,0.46
2015,308,21.78,25.85,19.1,65.34,0.58,8.84,7.07,52.78,0.48
2015,309,21.4,26.22,17.71,59.73,0.0,8.96,7.14,30.67,0.47
2015,310,21.97,28.55,15.65,59.84,0.0,8.18,6.52,10.03,0.46
2015,311,23.78,30.86,16.69,58.44,0.0,4.79,3.85,35.77,0.45
2015,312,25.06,30.91,20.22,62.59,0.0,4.56,3.64,21.64,0.45
2015,313,25.64,31.49,21.08,61.03,0.0,3.61,2.86,24.98,0.44
2015,314,25.27,31.75,20.09,58.12,0.0,4.18,3.32,7.75,0.44
2015,315,25.2,32.04,19.1,53.83,0.0,3.73,2.92,8.98,0.43
2015,316,26.73,32.69,21.28,53.54,0.0,3.74,2.88,7.29,0.43
2015,317,28.04,35.26,21.5,55.3,0.0,3.57,2.73,10.47,0.42
2015,318,27.48,33.23,23.45,65.0,0.55,4.61,3.6,14.49,0.42
2015,319,26.76,32.28,22.58,74.96,3.95,3.86,3.07,17.83,0.42
2015,320,25.69,29.66,22.98,79.47,21.6,4.54,3.6,59.01,0.44
2015,321,27.05,32.76,22.32,70.72,0.35,4.55,3.65,62.75,0.46
2015,322,26.87,31.87,23.79,75.22,0.41,4.08,3.23,43.75,0.45
2015,323,26.69,31.26,23.16,72.11,0.47,4.62,3.7,29.53,0.45
2015,324,26.44,31.31,22.6,71.78,0.29,3.35,2.71,57.44,0.45
2015,325,27.8,32.86,24.01,68.5,0.18,3.58,2.82,15.04,0.44
2015,326,28.02,33.32,23.53,69.98,0.34,4.14,3.26,41.96,0.44
2015,327,25.74,28.83,21.37,74.56,3.15,6.84,5.5,61.81,0.44
2015,328,24.37,29.67,19.62,63.18,0.0,7.69,6.16,12.78,0.44
2015,329,25.46,31.49,20.5,64.73,0.01,6.3,5.09,13.08,0.43
2015,330,25.75,30.24,22.09,70.54,0.02,4.27,3.46,11.12,0.43
2015,331,25.96,30.84,22.61,69.88,0.48,3.89,3.15,8.16,0.42
2015,332,26.07,30.57,22.44,70.01,1.98,5.19,4.18,8.3,0.42
2015,333,25.71,29.92,22.25,73.89,10.8,8.38,6.62,65.38,0.43
2015,334,25.95,32.13,21.18,69.19,3.17,8.29,6.57,43.4,0.44
2015,335,26.67,33.19,20.54,63.77,0.03,7.19,5.71,14.31,0.44
2015,336,27.8,34.47,23.4,65.54,0.55,5.18,4.07,13.92,0.43
2015,337,27.02,31.57,23.95,74.71,3.05,4.04,3.25,14.12,0.43
2015,338,26.79,31.57,23.19,69.9,0.92,3.44,2.83,11.48,0.43
2015,339,25.89,31.31,22.67,71.72,1.32,3.3,2.67,10.6,0.43
2015,340,25.58,29.86,22.5,70.87,4.47,3.58,2.93,14.91,0.43
2015,341,26.04,30.55,22.0,69.84,0.34,5.39,4.35,8.24,0.43
2015,342,27.61,33.21,22.18,62.12,0.03,6.88,5.48,9.49,0.42
2015,343,28.47,34.25,24.1,64.12,0.02,4.37,3.49,15.91,0.42
2015,344,27.69,32.42,24.19,71.07,1.0,3.68,2.98,16.99,0.41
2015,345,28.03,34.06,22.73,66.93,0.04,4.43,3.56,10.8,0.41
2015,346,28.42,34.56,23.91,70.58,0.6,3.99,3.2,26.45,0.41
2015,347,28.72,34.59,24.95,70.87,11.96,3.55,2.83,29.52,0.41
2015,348,29.16,35.14,25.24,70.4,9.28,4.29,3.37,25.25,0.43
2015,349,28.36,32.5,25.77,74.65,7.94,3.62,2.85,64.45,0.44
2015,350,27.99,31.46,25.43,73.14,4.3,3.26,2.61,50.73,0.45
2015,351,27.59,30.31,25.28,72.81,5.65,4.38,3.51,36.8,0.45
2015,352,29.32,34.86,23.81,65.8,0.12,6.75,5.3,12.61,0.45
2015,353,28.18,33.61,25.39,72.63,57.14,4.3,3.39,42.18,0.46
2015,354,26.79,29.42,25.08,81.07,11.19,3.18,2.58,76.73,0.54
2015,355,26.16,28.21,24.57,79.47,54.85,2.66,2.16,86.49,0.56
2015,356,26.12,27.85,24.5,86.71,6.07,5.13,4.08,30.15,0.62
2015,357,26.5,28.87,24.65,83.22,0.5,3.88,3.14,17.88,0.6
2015,358,27.34,31.08,24.3,80.98,0.46,3.31,2.68,52.92,0.59
2015,359,27.27,30.33,25.35,83.15,13.66,3.44,2.78,64.01,0.58
2015,360,26.85,28.89,25.2,83.57,30.86,2.65,2.13,23.94,0.63
2015,361,27.19,29.71,25.26,81.64,2.75,4.04,3.24,26.2,0.62
2015,362,27.64,30.93,24.98,81.26,1.42,6.23,4.97,20.19,0.6
2015,363,28.09,31.11,24.9,78.35,2.53,4.09,3.14,25.48,0.59
2015,364,28.02,32.05,24.0,73.33,0.15,4.74,3.73,22.52,0.59
2015,365,27.84,32.15,23.5,71.5,0.2,5.12,4.02,8.53,0.57
2016,1,27.59,31.54,23.58,73.76,3.68,4.92,3.94,10.43,0.56
2016,2,27.41,31.68,23.79,75.14,0.91,5.88,4.69,11.86,0.56
2016,3,26.82,31.02,23.29,71.42,0.22,6.41,5.09,41.39,0.55
2016,4,27.39,32.42,22.57,71.45,0.13,6.28,4.93,10.1,0.54
2016,5,28.01,32.86,23.58,69.21,0.03,4.92,3.85,21.8,0.53
2016,6,28.61,33.47,23.67,67.15,0.37,3.43,2.71,32.46,0.52
2016,7,27.31,30.53,24.62,78.72,6.32,3.55,2.79,67.81,0.52
2016,8,27.57,32.01,24.8,75.41,3.29,3.77,3.01,72.67,0.53
2016,9,27.51,31.85,24.02,72.5,0.32,4.7,3.8,25.72,0.52
2016,10,27.07,30.97,23.85,77.18,1.62,4.43,3.59,22.27,0.51
2016,11,26.81,30.16,24.26,78.28,1.74,4.25,3.44,22.7,0.51
2016,12,27.57,31.17,24.36,77.25,3.93,3.3,2.66,21.99,0.51
2016,13,28.21,32.75,24.1,70.96,4.88,3.51,2.79,16.43,0.51
2016,14,28.1,31.72,25.27,77.05,8.57,3.41,2.74,14.74,0.51
2016,15,27.76,31.33,25.34,81.43,14.86,3.49,2.79,27.01,0.52
2016,16,26.94,29.61,24.21,79.22,4.79,6.25,4.98,28.39,0.53
2016,17,26.22,31.41,22.53,68.31,0.77,8.7,6.83,22.13,0.52
2016,18,25.53,31.24,20.83,62.85,0.01,8.81,6.9,9.63,0.51
2016,19,26.14,32.13,20.82,63.39,0.0,7.73,6.06,11.77,0.5
2016,20,27.29,32.68,21.96,62.64,0.01,5.92,4.64,11.58,0.49
2016,21,27.28,32.63,22.61,66.53,0.24,5.08,3.99,12.95,0.48
2016,22,27.82,32.61,23.28,67.82,0.44,3.32,2.62,15.12,0.48
2016,23,28.11,33.4,23.44,67.88,0.44,3.92,3.08,8.34,0.47
2016,24,28.43,33.66,24.05,71.48,0.22,3.34,2.63,23.1,0.47
2016,25,28.37,32.48,25.48,77.38,20.97,3.94,3.13,30.47,0.47
2016,26,28.25,32.61,25.48,75.86,10.61,3.83,3.05,22.37,0.51
2016,27,28.84,33.96,24.4,72.32,1.18,3.64,2.87,35.76,0.5
2016,28,28.96,33.37,25.28,72.04,1.97,3.74,2.98,33.66,0.5
2016,29,29.52,34.11,25.91,69.57,1.13,3.66,2.84,14.85,0.49
2016,30,30.2,35.37,25.28,61.62,0.52,5.34,4.11,10.11,0.48
2016,31,29.01,34.1,24.16,60.06,0.05,6.04,4.77,13.15,0.47
2016,32,28.54,33.83,23.43,62.74,0.16,4.1,3.27,14.84,0.46
2016,33,28.59,33.19,24.69,68.78,0.39,4.04,3.22,23.66,0.46
2016,34,29.28,34.55,24.97,64.72,1.67,3.62,2.87,21.91,0.46
2016,35,28.98,33.82,25.06,68.59,3.81,4.15,3.29,17.82,0.46
2016,36,28.62,33.24,25.59,71.3,5.81,3.97,3.16,47.39,0.46
2016,37,27.04,30.03,25.02,76.69,12.41,3.7,3.0,68.9,0.47
2016,38,26.96,30.66,24.42,78.75,2.28,4.81,3.87,46.24,0.48
2016,39,26.52,29.83,24.25,77.65,3.83,5.84,4.66,43.6,0.48
2016,40,26.18,28.96,24.17,78.72,2.6,5.34,4.28,82.89,0.47
2016,41,26.52,29.53,24.33,74.67,1.53,4.52,3.6,43.39,0.47
2016,42,26.49,29.77,24.09,73.63,0.35,3.24,2.58,43.51,0.47
2016,43,26.04,29.71,23.45,76.31,2.73,3.63,2.89,20.49,0.46
2016,44,26.07,30.64,21.74,70.03,0.07,4.02,3.21,17.69,0.46
2016,45,28.03,33.19,23.2,69.4,0.24,4.21,3.35,25.24,0.45
2016,46,28.93,33.58,25.56,72.18,3.3,3.65,2.9,58.55,0.45
2016,47,29.2,33.81,26.13,71.49,1.15,3.63,2.91,28.72,0.45
2016,48,29.74,33.82,26.29,66.69,0.05,4.78,3.78,16.02,0.45
2016,49,29.08,34.54,24.43,65.97,0.0,6.74,5.33,27.98,0.44
2016,50,29.13,34.54,25.38,67.46,0.02,4.94,3.89,22.05,0.43
2016,51,28.13,32.14,25.71,75.06,0.75,5.22,4.13,21.07,0.43
2016,52,28.04,32.19,24.93,76.01,1.62,3.06,2.41,38.05,0.43
2016,53,28.04,31.33,25.4,79.75,7.73,3.27,2.62,58.99,0.43
2016,54,28.71,34.13,24.59,66.77,1.28,6.36,5.03,28.96,0.44
2016,55,28.15,34.27,22.6,63.8,0.17,6.59,5.22,21.68,0.44
2016,56,28.76,33.61,24.46,65.89,4.44,4.95,3.88,34.39,0.43
2016,57,27.63,32.6,23.85,70.18,13.99,4.47,3.56,17.21,0.44
2016,58,27.44,30.84,24.8,78.97,15.49,3.4,2.71,32.36,0.46
2016,59,27.37,30.72,25.4,75.52,0.63,2.84,2.28,66.24,0.47
2016,60,28.05,32.49,24.38,73.9,1.09,3.75,3.02,32.07,0.46
2016,61,28.43,33.44,25.22,75.51,11.7,3.46,2.77,55.62,0.46
2016,62,27.14,29.2,25.8,80.62,7.91,1.54,1.2,93.2,0.49
2016,63,26.26,28.13,25.21,84.5,9.64,3.59,2.84,99.59,0.5
2016,64,27.84,31.56,24.63,74.47,0.15,2.78,2.19,97.07,0.49
2016,65,28.76,32.85,25.61,71.84,0.31,2.67,2.11,36.29,0.48
2016,66,28.95,32.94,25.93,72.46,0.85,2.77,2.21,32.86,0.48
2016,67,28.75,32.37,26.61,76.25,2.82,2.05,1.64,45.61,0.47
2016,68,28.84,32.98,25.95,76.15,1.89,2.88,2.27,31.34,0.47
2016,69,28.98,33.22,26.47,75.32,1.63,3.56,2.84,20.47,0.47
2016,70,28.79,33.54,25.6,75.78,1.4,3.2,2.55,14.58,0.47
2016,71,28.48,33.23,25.59,77.39,1.06,3.5,2.78,36.7,0.46
2016,72,28.25,32.47,25.3,76.92,0.12,3.26,2.62,40.75,0.46
2016,73,28.86,33.06,26.16,75.17,2.2,3.03,2.44,23.26,0.45
2016,74,28.54,32.08,26.45,77.32,13.58,3.12,2.49,29.62,0.46
2016,75,27.89,31.58,25.42,79.7,10.37,3.11,2.5,50.8,0.48
2016,76,28.32,31.5,25.73,73.63,4.93,2.91,2.35,28.12,0.49
2016,77,27.99,32.73,23.79,72.4,0.7,3.82,3.04,24.64,0.48
2016,78,27.82,30.73,25.97,74.22,2.14,2.19,1.74,77.62,0.48
2016,79,28.6,32.75,25.6,69.69,0.63,2.31,1.86,50.53,0.47
2016,80,28.97,33.46,25.36,71.76,1.52,2.66,2.1,24.23,0.46
2016,81,28.08,32.25,25.85,79.03,8.31,2.96,2.37,40.81,0.47
2016,82,27.29,30.98,24.71,79.92,5.97,5.37,4.27,88.42,0.48
2016,83,26.26,30.84,23.11,72.1,0.47,8.06,6.34,81.18,0.48
2016,84,26.97,32.33,22.42,71.65,0.26,6.68,5.26,67.92,0.47
2016,85,27.84,32.56,24.48,70.69,0.75,5.61,4.41,64.13,0.46
2016,86,27.59,32.48,23.61,73.96,3.72,4.44,3.54,73.92,0.46
2016,87,27.82,31.42,24.44,79.46,13.98,4.35,3.42,74.4,0.47
2016,88,27.9,30.7,25.73,85.24,22.67,3.01,2.37,97.11,0.5
2016,89,27.84,30.31,25.81,82.0,10.58,2.69,2.16,47.53,0.53
2016,90,27.68,32.27,23.92,73.19,4.38,3.8,2.96,36.03,0.53
2016,91,27.8,32.88,23.9,67.05,0.73,3.84,3.03,13.09,0.52
2016,92,28.21,33.25,23.95,70.28,0.01,3.74,2.93,11.31,0.51
2016,93,27.96,32.81,23.72,69.88,0.0,3.35,2.67,9.74,0.5
2016,94,27.85,32.69,24.37,73.03,0.0,5.35,4.23,13.03,0.49
2016,95,27.51,32.71,23.99,71.22,0.0,7.08,5.58,12.43,0.48
2016,96,27.27,32.59,23.25,68.67,0.0,4.58,3.62,14.63,0.48
2016,97,26.61,30.62,23.51,71.4,0.0,4.02,3.23,27.1,0.47
2016,98,24.22,27.9,20.97,71.37,0.33,8.71,6.83,87.42,0.47
2016,99,23.59,28.75,19.38,65.59,0.01,8.11,6.37,48.75,0.47
2016,100,24.5,29.98,19.8,65.31,0.0,7.14,5.63,52.88,0.46
2016,101,26.15,31.39,21.59,65.06,0.0,5.32,4.23,47.54,0.46
2016,102,27.07,31.98,22.79,67.81,0.56,4.42,3.5,91.1,0.46
2016,103,26.7,29.63,24.1,71.55,0.74,3.4,2.63,91.2,0.46
2016,104,25.74,28.57,23.2,70.29,0.62,3.84,2.95,97.48,0.46
2016,105,26.76,31.21,22.97,69.33,0.07,3.08,2.4,81.54,0.46
2016,106,27.73,33.41,22.71,65.64,0.02,4.15,3.23,12.08,0.45
2016,107,26.83,32.45,21.85,65.82,0.0,5.53,4.2,38.31,0.45
2016,108,27.08,33.13,23.19,69.74,0.01,4.43,3.48,81.08,0.45
2016,109,27.25,32.08,24.1,70.6,0.08,3.77,2.98,24.31,0.44
2016,110,26.04,30.61,22.87,77.39,0.04,5.37,4.26,21.47,0.44
2016,111,25.32,29.44,22.54,77.23,0.11,4.67,3.75,24.7,0.44
2016,112,25.74,31.64,21.44,70.12,0.06,4.92,3.93,12.34,0.44
2016,113,25.93,32.47,20.92,65.14,0.01,4.54,3.59,14.45,0.43
2016,114,25.7,31.75,21.29,70.83,0.0,3.87,3.02,13.3,0.43
2016,115,25.36,29.49,22.28,74.3,0.13,4.7,3.74,20.24,0.43
2016,116,25.79,31.55,21.94,71.22,0.27,6.41,5.03,13.25,0.43
2016,117,25.76,31.81,21.25,71.35,0.01,5.77,4.57,15.18,0.42
2016,118,25.97,31.38,22.13,71.51,0.01,6.31,5.0,14.0,0.42
2016,119,25.3,30.44,21.52,72.71,0.01,5.39,4.29,14.1,0.42
2016,120,24.9,29.82,20.84,74.36,0.01,3.59,2.81,14.9,0.42
2016,121,25.38,30.18,22.08,71.84,0.03,2.83,2.2,15.37,0.42
2016,122,24.87,28.32,22.65,72.41,0.26,2.14,1.71,38.81,0.41
2016,123,23.82,27.21,21.78,77.33,1.53,4.69,3.77,32.72,0.42
2016,124,23.81,28.57,20.27,74.24,0.1,4.93,3.96,16.94,0.41
2016,125,22.87,26.27,20.15,73.63,1.39,5.33,4.22,37.26,0.41
2016,126,22.51,26.53,19.76,62.37,0.09,5.89,4.64,41.66,0.41
2016,127,22.16,27.34,17.91,60.06,0.06,5.6,4.43,23.68,0.41
2016,128,22.16,27.83,17.32,64.55,0.03,6.92,5.48,13.94,0.41
2016,129,22.63,28.41,18.68,66.04,0.11,8.92,6.95,15.42,0.41
2016,130,21.76,27.78,16.9,60.23,0.03,8.91,6.93,12.39,0.41
2016,131,22.33,28.87,16.58,61.48,0.02,6.36,4.93,12.17,0.41
2016,132,23.45,29.58,18.1,62.37,0.01,4.25,3.34,13.54,0.4
2016,133,24.67,30.33,19.89,59.7,0.03,4.48,3.5,18.62,0.4
2016,134,24.65,30.21,20.14,61.91,0.03,4.43,3.47,11.36,0.4
2016,135,24.58,30.52,20.13,65.46,0.04,4.23,3.3,12.31,0.4
2016,136,24.87,30.66,20.66,67.13,0.17,4.42,3.46,12.38,0.4
2016,137,23.84,28.62,20.74,74.41,0.01,3.25,2.53,25.75,0.4
2016,138,23.23,27.33,20.45,74.26,0.02,4.78,3.83,30.59,0.4
2016,139,21.71,26.27,18.56,68.35,0.03,9.19,7.16,40.11,0.4
2016,140,20.52,26.63,16.33,52.38,0.0,10.71,8.29,13.76,0.4
2016,141,20.71,27.5,14.78,58.12,0.0,5.6,4.41,16.68,0.4
2016,142,21.24,26.91,15.94,59.24,0.0,6.26,4.94,14.99,0.4
2016,143,21.48,27.38,16.39,60.39,0.07,6.73,5.31,14.37,0.4
2016,144,21.87,28.36,15.93,62.44,0.04,5.62,4.42,12.37,0.39
2016,145,22.61,28.62,17.46,60.46,0.02,4.3,3.4,12.54,0.39
2016,146,22.36,28.21,17.43,61.03,0.0,4.15,3.27,14.43,0.39
2016,147,22.72,28.34,18.02,62.07,0.0,3.12,2.43,15.97,0.39
2016,148,23.3,29.11,18.3,57.91,0.0,4.1,3.2,36.63,0.39
2016,149,23.66,28.94,19.04,60.44,0.0,4.13,3.24,37.28,0.39
2016,150,24.02,29.39,19.79,62.37,1.98,4.92,3.8,20.96,0.39
2016,151,24.27,28.68,20.9,66.19,0.3,5.8,4.53,59.31,0.39
2016,152,24.3,28.35,21.03,65.45,0.63,5.54,4.3,28.2,0.39
2016,153,24.63,28.85,21.08,67.01,1.37,4.03,3.15,56.52,0.39
2016,154,24.82,29.21,21.02,66.39,2.19,3.91,3.05,70.84,0.4
2016,155,24.18,28.59,20.85,63.0,0.08,3.84,3.01,29.5,0.4
2016,156,23.61,28.77,19.61,68.72,0.07,3.37,2.66,11.92,0.4
2016,157,22.98,27.22,20.31,78.52,0.68,4.29,3.41,13.36,0.4
2016,158,21.81,25.87,18.25,74.0,1.19,7.31,5.79,26.76,0.4
2016,159,19.9,25.4,15.52,61.37,0.02,7.87,6.21,17.39,0.4
2016,160,20.18,26.28,15.07,61.25,0.01,7.42,5.86,15.79,0.39
2016,161,21.12,27.94,15.26,59.27,0.0,5.67,4.43,15.38,0.39
2016,162,21.81,28.05,16.52,63.31,0.0,4.55,3.61,16.58,0.39
2016,163,21.95,27.32,17.76,72.24,0.02,4.09,3.17,20.13,0.39
2016,164,20.54,24.0,17.1,71.54,3.82,7.76,6.02,48.17,0.4
2016,165,18.42,22.89,15.02,60.11,0.0,9.96,7.77,21.8,0.4
2016,166,20.25,26.27,15.51,68.99,1.95,4.2,3.3,71.13,0.4
2016,167,21.51,25.88,18.46,74.0,0.02,3.64,2.88,19.32,0.4
2016,168,21.86,26.78,17.88,75.93,0.02,3.02,2.34,20.1,0.4
2016,169,22.33,27.55,18.14,74.9,0.02,4.09,3.27,15.32,0.4
2016,170,22.92,28.62,18.57,72.21,0.03,3.25,2.56,19.53,0.39
2016,171,22.74,27.44,18.98,75.55,0.09,2.83,2.21,19.7,0.39
2016,172,22.95,28.98,18.49,68.95,0.02,3.07,2.36,16.38,0.39
2016,173,22.71,28.35,18.0,62.39,0.0,3.36,2.63,14.76,0.39
2016,174,21.95,27.34,17.59,67.16,0.02,6.29,4.98,16.12,0.39
2016,175,21.7,26.51,18.88,73.65,0.62,7.48,5.92,21.85,0.39
2016,176,22.31,28.26,17.88,64.32,0.16,7.3,5.73,13.53,0.39
2016,177,22.72,29.04,16.48,61.55,0.01,4.76,3.78,18.16,0.39
2016,178,23.07,28.51,18.7,59.62,0.0,4.39,3.46,14.59,0.39
2016,179,22.38,27.51,18.12,60.96,0.0,3.38,2.66,15.63,0.39
2016,180,22.06,27.76,17.73,61.59,0.0,3.09,2.38,15.68,0.39
2016,181,21.26,26.75,16.53,62.92,0.0,5.29,4.17,21.3,0.39
2016,182,21.22,27.26,16.35,61.68,0.0,7.14,5.65,15.08,0.39
2016,183,21.01,27.38,15.57,58.97,0.0,4.08,3.22,16.64,0.39
2016,184,21.19,25.96,16.96,69.52,0.0,4.54,3.6,18.52,0.39
2016,185,21.35,25.88,18.12,72.93,0.3,5.05,4.05,25.43,0.39
2016,186,20.99,25.82,17.41,73.32,0.48,7.78,6.15,41.97,0.39
2016,187,21.86,27.18,17.82,66.22,0.08,8.19,6.43,12.88,0.39
2016,188,22.53,28.52,17.23,61.96,0.01,4.51,3.59,21.01,0.39
2016,189,22.05,26.69,18.09,69.35,0.15,4.82,3.84,41.67,0.38
2016,190,21.38,26.02,17.5,71.07,0.34,6.29,5.03,23.74,0.38
2016,191,20.06,24.38,17.04,71.57,0.52,7.07,5.65,33.72,0.39
2016,192,19.6,24.89,15.0,67.69,0.18,6.65,5.3,31.0,0.38
2016,193,20.24,25.87,15.52,64.93,0.05,7.44,5.9,16.35,0.38
2016,194,21.05,27.45,15.42,62.59,0.03,5.83,4.6,15.18,0.38
2016,195,22.21,27.82,17.16,59.4,0.02,5.45,4.3,19.66,0.38
2016,196,22.74,27.77,18.11,57.84,0.11,4.6,3.64,28.19,0.38
2016,197,23.23,28.06,18.85,56.88,0.04,3.95,3.11,37.51,0.38
2016,198,23.79,28.86,19.77,57.65,0.0,4.63,3.66,37.78,0.38
2016,199,24.01,29.04,19.57,57.04,0.0,4.88,3.9,36.31,0.38
2016,200,22.81,27.47,18.91,57.52,0.0,4.39,3.52,38.24,0.38
2016,201,21.94,27.3,17.59,63.91,0.0,3.77,3.01,19.03,0.38
2016,202,21.94,27.62,17.27,66.61,0.01,3.5,2.76,15.64,0.38
2016,203,22.84,29.33,17.39,51.92,0.0,3.92,3.09,34.73,0.38
2016,204,23.96,30.24,18.95,58.22,0.02,3.26,2.57,79.5,0.38
2016,205,24.01,27.77,21.19,69.41,0.27,2.96,2.35,64.82,0.38
2016,206,24.82,30.06,20.92,72.92,0.59,4.81,3.82,58.97,0.38
2016,207,25.95,31.28,22.34,60.28,0.15,5.55,4.28,22.73,0.38
2016,208,24.25,30.98,19.34,58.28,0.0,4.58,3.58,9.19,0.38
2016,209,23.87,29.93,19.05,58.37,0.0,4.04,3.19,15.88,0.38
2016,210,23.6,29.36,18.75,55.74,0.0,4.23,3.35,16.32,0.38
2016,211,23.28,28.76,19.33,62.63,0.0,4.03,3.17,18.34,0.38
2016,212,22.05,26.3,18.75,76.73,0.1,3.9,3.1,38.39,0.38
2016,213,21.3,24.76,19.06,71.9,0.04,4.32,3.43,37.51,0.38
2016,214,21.62,26.07,18.08,64.57,0.01,3.89,3.14,22.05,0.38
2016,215,21.88,27.74,17.19,68.02,0.02,4.47,3.59,21.12,0.38
2016,216,22.19,27.08,18.62,73.37,0.02,2.86,2.31,16.8,0.38
2016,217,22.17,26.48,19.43,73.46,0.01,3.15,2.52,14.66,0.38
2016,218,21.34,25.38,18.28,70.33,0.07,5.58,4.5,31.68,0.38
2016,219,21.18,27.12,16.25,68.12,0.0,6.5,5.23,14.88,0.38
2016,220,22.56,29.19,17.17,67.17,0.0,6.63,5.28,15.4,0.38
2016,221,22.39,28.66,17.36,69.01,0.0,4.25,3.4,15.48,0.38
2016,222,21.43,25.43,18.54,77.51,0.11,3.49,2.83,30.93,0.38
2016,223,20.69,24.27,18.48,68.94,0.21,3.01,2.41,40.56,0.38
2016,224,20.95,26.02,16.43,68.81,0.02,4.51,3.62,17.36,0.37
2016,225,22.0,28.21,16.64,66.08,0.0,5.65,4.55,13.11,0.37
2016,226,23.06,29.46,18.32,62.45,0.0,3.76,2.98,21.47,0.37
2016,227,24.39,30.31,19.75,62.74,0.0,3.92,3.05,57.05,0.37
2016,228,25.85,31.32,21.24,54.88,0.0,4.38,3.43,24.92,0.37
2016,229,24.68,30.29,19.89,54.36,0.0,5.39,4.26,15.49,0.37
2016,230,24.6,29.79,19.19,56.92,0.0,6.02,4.73,16.24,0.37
2016,231,24.28,29.67,19.61,58.87,0.0,5.55,4.42,9.39,0.37
2016,232,24.12,30.36,19.89,65.25,0.01,4.73,3.76,12.61,0.37
2016,233,23.35,27.57,20.78,74.95,0.07,4.38,3.52,12.8,0.37
2016,234,23.1,27.99,19.52,67.05,0.03,3.89,3.15,10.7,0.37
2016,235,23.82,30.47,19.15,62.71,0.0,4.01,3.18,14.22,0.37
2016,236,22.58,26.77,19.96,73.23,0.08,5.48,4.42,37.24,0.37
2016,237,21.44,26.32,18.12,58.03,0.01,7.59,6.11,19.71,0.37
2016,238,21.44,28.01,15.98,58.23,0.0,7.24,5.82,13.13,0.37
2016,239,21.94,28.58,16.28,59.9,0.0,7.09,5.68,12.48,0.37
2016,240,22.32,28.87,16.48,57.54,0.0,8.99,7.08,10.65,0.37
2016,241,22.75,29.85,16.41,51.7,0.0,6.35,4.98,9.92,0.37
2016,242,21.98,28.55,16.4,54.07,0.0,4.72,3.79,9.88,0.37
2016,243,22.87,29.73,16.79,48.43,0.0,3.92,3.11,13.61,0.37
2016,244,23.63,30.34,17.12,49.01,0.01,4.59,3.61,11.49,0.37
2016,245,23.19,29.93,16.94,53.75,0.02,4.69,3.76,8.47,0.37
2016,246,23.12,29.01,18.37,61.0,0.02,5.17,4.16,10.88,0.37
2016,247,22.46,27.41,18.58,69.94,0.0,3.64,2.95,12.08,0.37
2016,248,23.41,29.49,18.47,66.65,0.0,3.66,2.94,12.52,0.37
2016,249,23.47,28.89,19.17,66.16,0.0,3.08,2.5,10.49,0.37
2016,250,24.09,30.15,19.13,57.34,0.0,3.81,3.01,11.07,0.37
2016,251,24.5,30.69,19.43,52.31,0.0,4.61,3.69,12.58,0.37
2016,252,24.32,30.45,19.53,53.24,0.0,3.76,2.97,11.33,0.37
2016,253,24.97,31.77,19.78,51.31,0.0,3.36,2.61,12.77,0.37
2016,254,25.66,32.42,20.03,51.89,0.0,5.46,4.29,11.49,0.36
2016,255,25.64,32.81,18.93,54.37,0.18,5.63,4.45,10.8,0.36
2016,256,25.01,31.76,20.17,59.72,0.0,4.86,3.89,11.06,0.36
2016,257,25.27,31.96,20.52,61.74,0.0,4.7,3.77,11.18,0.36
2016,258,25.12,30.86,20.44,60.12,0.0,4.97,3.98,9.25,0.36
2016,259,24.25,30.64,19.25,63.1,0.0,3.75,3.04,14.51,0.36
2016,260,24.78,31.21,19.77,63.53,0.0,3.11,2.49,13.83,0.36
2016,261,25.28,31.93,20.38,64.64,0.0,3.74,3.0,13.45,0.36
2016,262,25.5,31.74,20.66,58.0,0.0,4.25,3.4,9.4,0.36
2016,263,24.73,30.89,19.73,54.89,0.0,4.2,3.39,12.17,0.36
2016,264,23.97,29.12,21.23,68.08,0.0,4.3,3.51,17.68,0.36
2016,265,23.73,29.46,19.37,67.4,0.0,4.32,3.54,15.06,0.36
2016,266,25.17,31.47,20.07,63.44,0.0,3.99,3.23,11.04,0.36
2016,267,25.75,30.93,21.2,57.77,0.0,4.35,3.5,10.68,0.36
2016,268,25.19,30.93,20.57,57.69,0.0,4.54,3.67,11.51,0.36
2016,269,24.74,30.7,19.72,64.68,0.0,5.78,4.64,13.02,0.36
2016,270,26.1,31.74,21.14,60.13,0.0,6.88,5.51,8.75,0.36
2016,271,26.8,33.28,21.95,62.12,0.0,5.73,4.55,16.13,0.36
2016,272,26.56,32.12,22.67,64.93,0.04,4.13,3.31,43.81,0.36
2016,273,27.4,33.6,23.46,62.29,0.37,4.64,3.68,40.42,0.36
2016,274,27.44,32.68,22.4,53.32,0.03,6.37,5.07,21.56,0.36
2016,275,27.23,32.93,22.67,54.23,0.65,4.73,3.75,35.25,0.36
2016,276,26.59,31.63,23.03,62.37,0.67,4.29,3.39,48.85,0.36
2016,277,23.25,25.84,21.34,72.65,4.26,5.58,4.51,87.75,0.37
2016,278,22.43,25.35,20.35,64.69,1.44,6.44,5.22,47.77,0.37
2016,279,21.87,24.11,20.21,62.32,0.85,6.4,5.16,43.79,0.37
2016,280,22.24,25.15,20.22,58.43,0.2,4.9,3.95,32.9,0.37
2016,281,23.18,28.44,18.73,55.91,0.0,3.33,2.73,12.87,0.37
2016,282,25.74,33.09,18.59,57.42,0.0,4.36,3.52,12.49,0.37
2016,283,26.27,32.47,21.95,61.53,0.0,5.38,4.31,9.35,0.37
2016,284,25.95,31.57,21.95,65.62,0.0,3.39,2.74,43.48,0.36
2016,285,26.82,32.48,22.27,59.84,0.0,4.63,3.74,25.23,0.36
2016,286,28.03,34.4,22.75,50.02,0.0,5.67,4.48,16.63,0.36
2016,287,26.15,31.8,21.36,59.68,0.0,5.98,4.82,22.51,0.36
2016,288,25.26,30.47,21.85,68.79,0.11,8.16,6.55,23.75,0.36
2016,289,25.43,31.6,20.09,59.48,0.04,8.18,6.55,9.57,0.36
2016,290,25.52,31.14,20.47,65.1,0.01,4.55,3.7,17.42,0.36
2016,291,25.48,30.39,21.57,69.23,0.04,4.1,3.32,25.5,0.36
2016,292,26.08,31.91,21.95,62.77,0.77,7.67,6.14,12.91,0.36
2016,293,26.52,33.0,20.5,58.9,0.01,7.73,6.16,10.46,0.36
2016,294,26.67,31.5,23.28,62.18,0.04,4.26,3.43,18.38,0.36
2016,295,25.49,30.51,22.02,71.78,1.35,3.89,3.17,52.62,0.36
2016,296,26.29,30.88,23.45,68.68,2.93,2.95,2.39,81.96,0.37
2016,297,26.71,32.67,22.41,69.05,2.49,3.06,2.48,15.84,0.37
2016,298,27.9,33.57,22.97,60.37,0.78,3.68,2.94,11.93,0.37
2016,299,28.63,33.75,24.7,53.76,1.88,4.51,3.55,18.85,0.37
2016,300,27.77,32.68,24.47,52.46,0.28,5.26,4.2,9.67,0.37
2016,301,27.05,32.18,22.72,54.96,0.0,5.05,4.07,8.57,0.37
2016,302,25.98,31.17,21.83,59.59,0.0,5.45,4.41,7.34,0.36
2016,303,24.54,29.91,19.51,62.48,0.0,4.23,3.48,7.55,0.36
2016,304,25.5,30.2,21.09,61.33,0.0,4.16,3.38,8.82,0.36
2016,305,25.43,30.72,21.32,65.67,0.0,3.7,3.02,18.7,0.36
2016,306,26.27,32.22,21.65,66.21,0.0,5.61,4.52,29.87,0.36
2016,307,26.45,32.17,21.53,58.89,0.07,8.34,6.68,8.27,0.36
2016,308,28.29,34.08,21.98,55.41,0.13,6.71,5.25,9.64,0.36
2016,309,27.94,34.44,24.37,61.42,1.03,6.07,4.81,18.87,0.36
2016,310,28.24,34.51,24.66,63.98,0.85,4.44,3.5,15.89,0.36
2016,311,28.35,34.13,24.28,63.8,0.58,3.54,2.85,17.9,0.36
2016,312,28.48,33.57,23.82,60.82,0.09,5.93,4.76,15.55,0.36
2016,313,28.29,34.3,23.57,59.2,0.01,6.38,5.13,6.11,0.36
2016,314,28.49,34.91,22.88,56.95,0.0,6.45,5.17,6.38,0.36
2016,315,27.79,32.66,23.22,57.21,0.0,4.69,3.8,14.19,0.36
2016,316,28.22,33.82,23.1,54.75,0.0,6.15,4.92,25.13,0.36
2016,317,28.57,35.41,24.1,62.16,0.08,5.35,4.26,21.49,0.36
2016,318,28.02,32.72,23.93,65.38,0.16,3.94,3.15,58.47,0.36
2016,319,27.84,33.52,24.28,58.03,0.19,5.1,4.06,40.11,0.36
2016,320,26.79,31.97,22.93,60.92,0.05,8.09,6.48,39.76,0.36
2016,321,27.37,32.88,22.23,64.29,0.38,5.0,4.02,62.62,0.36
2016,322,27.52,31.72,24.63,69.21,6.55,3.86,3.11,13.88,0.36
2016,323,26.5,29.83,24.4,78.29,7.14,4.19,3.39,40.65,0.38
2016,324,25.55,29.68,21.96,73.6,4.29,5.36,4.36,22.73,0.39
2016,325,24.76,30.1,20.61,63.39,0.0,7.06,5.71,29.71,0.38
2016,326,25.83,31.49,20.56,64.52,0.4,7.52,6.05,15.03,0.38
2016,327,27.14,33.35,22.04,65.92,0.04,5.65,4.57,34.62,0.38
2016,328,27.85,33.32,22.59,64.27,0.36,6.89,5.53,22.37,0.37
2016,329,28.65,34.52,25.34,66.53,4.82,4.12,3.29,31.11,0.37
2016,330,27.1,30.99,24.14,72.53,2.54,3.99,3.2,35.94,0.38
2016,331,26.9,32.1,23.59,71.43,0.91,3.87,3.14,30.49,0.38
2016,332,25.86,29.48,22.76,70.81,0.84,4.86,3.94,81.0,0.38
2016,333,26.65,30.91,22.59,65.73,1.05,3.85,3.15,76.85,0.38
2016,334,27.17,32.5,23.24,66.92,3.48,3.81,3.05,12.25,0.38
2016,335,26.77,30.83,23.73,73.61,1.18,4.02,3.29,19.04,0.38
2016,336,26.2,30.48,23.25,70.45,0.13,3.51,2.87,18.36,0.38
2016,337,25.23,29.34,22.23,70.01,2.16,5.09,4.1,45.81,0.37
2016,338,24.99,30.07,20.38,60.92,0.66,6.47,5.24,14.17,0.38
2016,339,26.61,33.76,20.58,57.22,0.0,5.25,4.23,8.13,0.37
2016,340,27.01,32.43,22.06,61.64,0.02,4.29,3.46,8.86,0.37
2016,341,27.57,32.81,23.3,64.24,0.26,4.84,3.92,34.6,0.37
2016,342,27.67,32.1,24.14,67.47,0.33,4.43,3.57,8.1,0.37
2016,343,27.63,31.79,24.43,68.8,0.57,4.49,3.61,13.43,0.37
2016,344,28.27,33.08,23.95,62.39,0.08,3.55,2.86,18.69,0.37
2016,345,29.54,35.38,24.15,53.99,0.02,4.3,3.41,22.94,0.37
2016,346,30.16,35.71,26.41,52.54,0.39,5.49,4.35,41.57,0.37
2016,347,29.51,34.22,25.01,52.3,0.02,6.35,5.06,8.07,0.37
2016,348,28.91,35.29,24.94,62.95,4.12,5.27,4.22,26.82,0.37
2016,349,28.26,32.39,24.62,64.32,1.18,5.66,4.57,15.79,0.37
2016,350,29.26,34.89,24.47,63.64,2.2,4.58,3.68,22.97,0.37
2016,351,27.68,31.36,25.3,76.49,11.9,4.23,3.41,48.94,0.38
2016,352,25.2,27.0,24.11,77.01,5.16,3.41,2.81,98.08,0.4
2016,353,26.34,30.03,23.75,72.14,0.73,3.36,2.74,54.39,0.4
2016,354,27.34,31.61,23.89,68.47,0.19,2.41,1.96,61.03,0.39
2016,355,27.37,32.4,25.09,68.97,0.59,2.22,1.79,99.39,0.39
2016,356,27.58,30.07,25.16,71.28,1.43,3.74,3.01,64.18,0.39
2016,357,28.19,31.29,25.39,71.49,3.47,3.55,2.84,54.7,0.39
2016,358,29.38,34.28,25.22,66.33,0.26,3.91,3.1,38.19,0.39
2016,359,30.44,36.57,26.02,64.14,0.38,4.03,3.17,19.96,0.38
2016,360,29.97,34.4,25.67,64.31,0.1,5.87,4.64,55.22,0.38
2016,361,31.09,36.17,26.19,59.12,0.1,6.23,4.96,12.41,0.38
2016,362,31.34,37.29,26.74,54.1,0.01,4.83,3.84,11.88,0.38
2016,363,30.02,35.13,26.82,64.46,0.01,5.17,4.15,19.46,0.37
2016,364,29.85,34.29,26.35,63.19,0.07,4.04,3.28,44.17,0.37
2016,365,29.22,33.42,25.95,63.68,0.02,6.0,4.84,11.5,0.37
2016,366,29.39,33.71,25.35,61.83,0.04,6.93,5.55,18.39,0.37
2017,1,28.69,33.55,24.95,62.63,0.09,7.78,6.2,54.37,0.37
2017,2,28.68,33.58,24.97,66.15,0.24,5.14,4.14,24.46,0.37
2017,3,28.57,32.84,25.61,66.37,2.05,5.14,4.15,28.92,0.37
2017,4,28.04,32.31,25.22,68.56,3.13,2.22,1.82,79.29,0.38
2017,5,28.19,32.43,24.68,63.77,0.68,2.95,2.42,34.86,0.38
2017,6,28.47,33.17,25.44,68.31,3.98,3.65,2.94,35.89,0.38
2017,7,28.07,31.87,25.43,72.54,3.31,3.44,2.81,35.95,0.38
2017,8,28.01,31.76,24.79,71.54,0.92,4.57,3.7,41.07,0.38
2017,9,27.99,32.16,24.83,72.96,1.94,4.23,3.44,87.79,0.38
2017,10,27.03,28.73,25.25,78.63,12.96,2.25,1.84,98.6,0.39
2017,11,28.1,32.08,24.98,73.77,0.42,4.7,3.79,80.49,0.4
2017,12,28.67,32.93,25.95,71.08,0.1,3.71,2.98,50.41,0.4
2017,13,28.73,32.23,26.1,74.17,0.4,2.97,2.41,47.97,0.4
2017,14,29.5,34.22,26.57,70.63,0.59,3.15,2.54,44.05,0.39
2017,15,29.12,32.68,26.61,69.02,0.2,3.06,2.51,91.94,0.39
2017,16,29.14,32.62,26.45,69.21,2.45,5.08,4.04,58.37,0.39
2017,17,29.12,33.03,25.97,70.8,5.35,3.43,2.76,61.39,0.39
2017,18,29.26,33.5,26.19,67.95,4.45,3.17,2.57,97.86,0.4
2017,19,29.56,34.11,26.29,67.66,4.5,3.34,2.69,46.26,0.4
2017,20,28.73,33.1,26.15,73.16,7.44,3.71,3.0,54.5,0.41
2017,21,28.79,32.38,26.34,70.59,0.77,3.72,2.97,50.54,0.41
2017,22,30.24,35.79,25.16,65.67,0.02,4.82,3.83,16.95,0.4
2017,23,30.34,35.78,25.84,61.61,0.0,4.44,3.54,21.53,0.4
2017,24,29.99,34.7,26.07,63.47,0.01,3.77,3.04,18.54,0.39
2017,25,29.87,34.26,26.3,65.86,0.03,3.15,2.54,40.86,0.39
2017,26,28.79,32.86,25.75,70.6,4.49,4.02,3.26,21.66,0.39
2017,27,27.91,32.25,24.25,70.71,0.38,3.9,3.16,12.47,0.39
2017,28,28.23,33.43,24.57,69.77,1.22,4.26,3.46,16.79,0.39
2017,29,28.54,33.6,24.19,65.32,0.21,4.35,3.52,10.15,0.39
2017,30,29.6,34.42,25.21,68.56,0.32,5.19,4.18,15.03,0.38
2017,31,30.22,35.13,25.81,64.23,0.24,6.45,5.15,18.01,0.38
2017,32,30.15,35.31,25.58,62.8,0.35,7.05,5.59,16.4,0.38
2017,33,30.93,36.65,25.61,58.48,0.05,6.23,4.9,27.66,0.38
2017,34,31.58,36.4,27.13,56.33,0.56,5.76,4.52,27.15,0.37
2017,35,30.56,35.83,26.46,59.68,12.04,4.39,3.51,25.91,0.38
2017,36,29.44,33.4,26.72,72.86,7.26,3.71,2.98,38.73,0.4
2017,37,29.92,34.59,26.59,67.2,0.21,3.26,2.64,19.34,0.4
2017,38,31.0,36.05,26.47,59.41,0.08,4.74,3.74,21.2,0.39
2017,39,30.28,35.29,26.21,63.37,0.02,4.87,3.88,35.44,0.39
2017,40,29.99,33.63,27.27,66.0,2.14,3.86,3.1,58.32,0.39
2017,41,29.55,33.93,26.63,65.81,2.8,4.01,3.25,65.73,0.39
2017,42,28.82,32.63,25.9,70.71,7.16,3.67,2.99,78.23,0.39
2017,43,27.43,29.41,26.05,81.36,9.81,3.19,2.55,93.7,0.41
2017,44,28.19,32.73,25.07,69.3,0.9,3.82,3.08,95.7,0.41
2017,45,28.91,33.05,25.33,66.04,1.18,4.56,3.65,99.21,0.41
2017,46,29.5,34.71,25.93,67.94,4.89,4.17,3.29,94.55,0.41
2017,47,30.18,35.62,25.84,65.51,0.88,4.34,3.43,51.47,0.41
2017,48,28.78,32.47,25.44,69.17,1.48,4.7,3.74,38.2,0.4
2017,49,28.65,34.51,23.46,61.28,0.42,7.39,5.79,17.59,0.4
2017,50,27.86,32.77,23.34,64.54,2.92,3.88,3.14,31.05,0.4
2017,51,26.56,29.13,24.75,76.86,8.87,3.32,2.65,50.0,0.41
2017,52,27.1,31.12,23.76,72.62,4.16,3.87,3.1,46.65,0.42
2017,53,27.87,32.27,24.74,71.07,8.38,3.05,2.45,67.27,0.42
2017,54,27.16,30.69,24.6,77.99,17.75,2.59,2.02,58.5,0.44
2017,55,28.4,33.14,24.98,75.28,9.89,2.92,2.32,44.89,0.46
2017,56,28.33,32.39,25.38,75.22,4.27,3.45,2.77,55.58,0.46
2017,57,27.78,31.48,25.32,77.02,2.68,3.01,2.4,59.67,0.46
2017,58,27.42,30.18,25.16,79.14,2.86,3.52,2.84,87.32,0.46
2017,59,28.45,33.01,24.27,72.36,2.62,4.92,3.88,52.25,0.45
2017,60,27.34,29.76,25.26,80.8,7.69,3.63,2.87,48.44,0.46
2017,61,27.98,31.91,24.79,77.43,2.68,3.04,2.41,15.35,0.46
2017,62,28.71,33.08,25.46,74.87,2.98,2.51,1.99,28.19,0.46
2017,63,29.35,33.91,25.94,70.94,1.69,2.32,1.85,45.32,0.46
2017,64,29.56,34.62,25.78,69.32,1.12,3.57,2.83,28.3,0.45
2017,65,29.22,32.52,26.15,67.51,0.32,3.13,2.49,18.85,0.45
2017,66,30.24,35.1,25.58,64.39,0.24,3.24,2.53,19.28,0.44
2017,67,30.23,35.7,25.7,62.12,0.38,6.35,4.87,51.26,0.44
2017,68,26.44,30.36,24.35,76.28,21.13,10.93,8.39,97.13,0.44
2017,69,26.22,28.84,24.16,75.46,2.51,8.05,6.3,83.45,0.47
2017,70,25.59,29.31,23.02,68.46,0.09,5.42,4.35,58.41,0.46
2017,71,25.31,29.9,21.41,70.12,0.08,5.68,4.52,53.92,0.46
2017,72,25.44,30.86,21.39,70.79,0.11,7.74,6.09,27.96,0.45
2017,73,25.58,30.7,21.46,75.99,0.62,7.07,5.59,57.44,0.45
2017,74,26.74,31.59,23.27,77.57,0.73,4.74,3.81,45.0,0.44
2017,75,27.16,31.64,23.19,74.38,0.21,4.01,3.21,43.95,0.44
2017,76,28.6,33.89,24.06,69.05,0.07,4.69,3.61,26.18,0.43
2017,77,28.69,35.09,24.23,68.98,0.93,5.16,3.93,55.41,0.43
2017,78,27.39,31.85,24.24,72.22,0.31,2.93,2.33,98.55,0.43
2017,79,28.84,33.74,24.79,66.74,0.02,4.39,3.34,42.38,0.43
2017,80,28.88,34.54,24.02,67.87,0.61,4.75,3.66,16.4,0.42
2017,81,28.53,33.49,24.51,68.48,3.14,4.1,3.19,25.36,0.42
2017,82,28.22,33.46,23.61,64.13,0.13,3.84,3.06,15.45,0.42
2017,83,27.91,32.74,24.3,67.79,0.18,3.69,2.92,15.09,0.42
2017,84,27.23,31.29,24.47,75.3,2.57,2.37,1.9,25.21,0.42
2017,85,26.05,28.86,23.41,78.02,4.34,4.51,3.62,49.58,0.43
2017,86,25.55,30.91,22.11,74.41,2.38,7.99,6.28,36.45,0.43
2017,87,26.98,32.23,22.88,74.65,3.87,4.95,3.93,23.3,0.43
2017,88,27.08,31.62,23.69,78.41,4.67,5.21,4.17,18.34,0.43
2017,89,26.6,31.83,23.5,76.94,3.55,8.5,6.61,18.37,0.43
2017,90,27.62,33.22,22.9,70.58,0.61,5.61,4.35,20.72,0.43
2017,91,27.91,33.11,24.08,70.98,0.29,4.43,3.47,26.21,0.43
2017,92,27.86,31.86,24.46,73.11,0.47,2.91,2.25,66.71,0.42
2017,93,27.74,31.68,24.96,72.87,0.72,4.33,3.41,51.89,0.42
2017,94,28.38,32.72,25.09,71.61,1.76,3.87,3.0,19.99,0.42
2017,95,29.16,34.0,25.57,66.94,0.45,3.61,2.82,9.4,0.42
2017,96,28.44,33.51,25.12,64.41,0.16,4.59,3.62,15.33,0.42
2017,97,27.26,32.94,22.92,65.94,0.0,3.19,2.53,25.1,0.41
2017,98,28.17,33.76,24.22,67.35,0.03,3.84,3.01,19.16,0.41
2017,99,28.99,34.12,24.95,65.93,0.1,3.49,2.72,24.67,0.41
2017,100,28.59,33.85,24.13,61.05,0.06,4.24,3.34,14.6,0.41
2017,101,28.21,33.58,23.79,62.47,0.01,3.91,3.1,16.71,0.4
2017,102,28.62,33.59,25.35,64.63,0.0,2.92,2.28,16.46,0.4
2017,103,28.96,33.85,25.49,65.34,0.0,3.21,2.52,44.69,0.4
2017,104,29.24,33.91,26.29,61.34,0.0,3.13,2.47,24.34,0.4
2017,105,28.7,33.35,25.57,65.91,0.0,3.8,3.02,21.02,0.4
2017,106,26.79,29.79,24.68,77.1,1.57,4.59,3.72,85.12,0.4
2017,107,25.75,29.27,23.93,72.97,0.67,5.55,4.46,91.94,0.4
2017,108,25.12,28.63,22.85,70.77,0.68,4.51,3.65,59.39,0.4
2017,109,25.05,29.29,21.73,69.25,0.01,4.32,3.44,28.82,0.4
2017,110,24.92,28.75,21.79,70.7,0.09,3.57,2.84,28.91,0.39
2017,111,25.12,28.25,22.76,70.08,0.16,4.74,3.75,39.65,0.39
2017,112,25.17,27.96,22.82,70.54,0.71,5.88,4.67,46.51,0.39
2017,113,24.7,29.57,20.66,68.19,0.04,4.94,3.96,35.3,0.39
2017,114,23.38,26.9,20.84,69.88,0.06,4.78,3.87,93.37,0.39
2017,115,23.32,28.15,20.16,68.1,0.15,7.16,5.65,41.47,0.39
2017,116,23.57,28.81,19.29,64.29,0.03,7.45,5.91,15.86,0.39
2017,117,25.25,31.21,19.8,65.4,0.19,6.86,5.4,23.47,0.39
2017,118,26.8,32.64,21.91,59.56,0.17,7.24,5.55,16.91,0.39
2017,119,25.98,32.22,20.95,57.63,0.0,7.18,5.53,12.75,0.39
2017,120,24.8,31.2,19.08,58.23,0.0,6.62,5.17,13.5,0.39
2017,121,24.79,30.75,19.14,57.66,0.0,6.37,5.01,18.37,0.39
2017,122,25.6,31.43,19.73,59.25,0.01,5.27,4.12,15.92,0.38
2017,123,26.03,31.84,21.03,61.28,0.06,4.46,3.53,15.37,0.38
2017,124,26.14,31.67,21.6,65.44,0.73,3.45,2.71,23.47,0.38
2017,125,26.57,32.28,22.6,66.74,1.23,3.72,2.91,16.07,0.38
2017,126,25.93,31.14,22.22,69.32,0.81,3.27,2.59,18.1,0.39
2017,127,25.7,31.16,21.93,71.61,0.13,3.36,2.66,30.75,0.39
2017,128,25.92,30.91,22.17,70.71,0.25,2.7,2.16,24.53,0.38
2017,129,26.66,32.02,22.24,57.2,0.14,3.86,3.01,33.92,0.38
2017,130,26.75,32.27,21.56,58.62,0.0,4.12,3.23,17.26,0.38
2017,131,26.17,31.39,22.02,63.39,0.01,3.92,3.11,24.58,0.38
2017,132,24.72,29.28,22.04,71.15,0.04,3.89,3.04,17.42,0.38
2017,133,24.66,28.98,22.27,67.81,0.27,2.64,2.13,38.85,0.38
2017,134,24.38,29.01,20.41,70.31,0.04,3.7,2.93,66.71,0.38
2017,135,25.68,30.4,21.97,67.54,0.12,4.08,3.25,97.03,0.38
2017,136,26.31,31.77,23.19,65.33,5.42,3.23,2.55,91.18,0.38
2017,137,25.3,29.58,22.62,72.54,1.88,2.82,2.22,25.78,0.39
2017,138,24.0,27.12,22.13,79.23,3.54,3.71,2.96,40.54,0.4
2017,139,23.36,26.73,21.16,76.76,0.81,3.9,3.11,29.22,0.4
2017,140,23.47,28.84,19.44,68.18,0.04,5.94,4.71,17.23,0.39
2017,141,24.4,30.59,19.52,67.81,0.0,5.21,4.11,15.4,0.39
2017,142,24.78,31.28,19.73,67.17,0.0,3.41,2.65,14.58,0.39
2017,143,24.76,30.3,20.87,69.44,0.0,2.91,2.26,17.55,0.39
2017,144,24.21,30.08,19.87,65.98,0.0,3.15,2.44,20.29,0.39
2017,145,23.74,29.17,19.48,69.77,0.0,3.23,2.54,18.07,0.39
2017,146,24.42,31.36,19.31,67.31,0.0,3.62,2.83,45.1,0.38
2017,147,24.72,29.91,20.44,70.22,0.09,2.59,2.04,69.68,0.38
2017,148,23.51,26.91,21.12,73.87,0.29,3.36,2.65,52.66,0.38
2017,149,22.62,26.68,19.33,72.54,0.53,6.05,4.77,51.81,0.38
2017,150,23.05,27.66,19.3,72.72,0.09,6.61,5.27,25.78,0.38
2017,151,23.5,29.0,19.21,75.3,0.02,3.72,2.96,27.21,0.38
2017,152,23.3,27.1,20.8,79.43,0.99,3.49,2.77,38.14,0.38
2017,153,22.93,27.65,19.89,76.63,0.77,5.37,4.25,26.86,0.38
2017,154,23.73,29.14,19.67,70.93,0.29,7.05,5.54,16.77,0.38
2017,155,24.89,30.33,20.17,65.18,0.01,4.09,3.21,31.22,0.38
2017,156,24.82,29.31,21.69,69.06,0.06,2.64,2.04,59.77,0.38
2017,157,24.47,29.59,20.66,61.23,0.0,4.48,3.5,18.59,0.38
2017,158,24.83,31.11,19.53,55.3,0.0,4.95,3.8,32.75,0.38
2017,159,24.0,29.61,19.22,63.71,0.0,5.12,4.05,29.08,0.38
2017,160,24.82,29.65,20.73,69.28,0.04,6.11,4.77,27.48,0.38
2017,161,27.09,33.36,22.54,68.62,0.62,5.13,3.92,71.56,0.38
2017,162,26.52,32.2,23.21,60.45,0.01,4.04,3.11,77.48,0.38
2017,163,25.64,31.31,21.95,60.84,0.0,3.54,2.77,25.55,0.38
2017,164,25.32,30.71,21.11,68.57,0.06,2.56,1.98,14.87,0.38
2017,165,25.59,31.18,21.26,61.83,0.11,3.32,2.6,20.33,0.38
2017,166,24.97,29.93,21.07,61.12,0.02,3.49,2.75,18.54,0.38
2017,167,23.29,27.46,20.55,70.19,0.0,4.04,3.25,21.13,0.38
2017,168,22.6,27.11,19.64,68.87,0.01,5.85,4.69,22.56,0.38
2017,169,21.84,27.31,17.3,64.31,0.0,7.12,5.66,20.12,0.38
2017,170,22.98,28.17,18.2,63.2,0.01,6.85,5.41,22.4,0.38
2017,171,23.83,28.68,19.66,61.76,0.01,4.16,3.3,26.06,0.38
2017,172,24.74,29.61,20.94,55.05,0.01,3.3,2.58,57.75,0.38
2017,173,24.11,30.31,19.09,58.43,0.0,3.74,2.91,43.8,0.38
2017,174,23.59,27.74,20.02,65.0,0.13,3.01,2.32,64.36,0.38
2017,175,23.62,28.85,19.75,67.68,0.02,6.08,4.79,31.48,0.38
2017,176,22.36,27.88,18.28,68.29,0.03,6.89,5.46,16.33,0.38
2017,177,21.99,27.29,17.66,66.91,0.01,7.42,5.87,15.81,0.37
2017,178,22.06,28.18,17.17,56.97,0.01,7.53,5.9,17.2,0.37
2017,179,22.36,29.08,17.35,54.01,0.0,4.46,3.5,18.53,0.37
2017,180,21.68,26.54,17.83,64.22,0.01,4.06,3.19,18.46,0.37
2017,181,21.68,26.77,17.87,69.47,0.63,6.43,5.1,23.57,0.37
2017,182,21.88,27.42,17.06,63.76,0.21,5.93,4.72,18.33,0.37
2017,183,22.63,27.69,18.13,61.58,0.01,3.8,3.03,22.18,0.37
2017,184,23.23,28.58,18.94,64.19,0.11,3.76,2.98,18.65,0.37
2017,185,23.23,28.96,18.92,60.32,0.0,3.31,2.6,18.4,0.37
2017,186,24.82,30.14,20.09,57.79,0.04,4.58,3.55,41.81,0.37
2017,187,24.2,29.75,19.34,56.6,0.0,5.63,4.42,31.22,0.37
2017,188,22.96,29.18,17.91,60.49,0.02,7.04,5.54,15.41,0.37
2017,189,21.76,28.77,15.53,57.16,0.0,5.79,4.54,17.69,0.37
2017,190,21.86,28.67,16.71,60.69,0.0,4.58,3.63,17.87,0.37
2017,191,21.25,26.12,17.72,71.51,0.01,3.43,2.68,22.08,0.37
2017,192,21.31,25.94,17.97,70.45,0.04,4.14,3.3,21.5,0.37
2017,193,20.97,25.7,17.48,72.19,0.04,6.59,5.25,22.55,0.37
2017,194,20.53,25.8,16.08,62.17,0.0,4.65,3.67,21.49,0.37
2017,195,20.94,25.36,17.28,69.31,0.03,3.39,2.73,20.32,0.37
2017,196,21.66,27.82,17.23,71.63,0.01,3.32,2.62,17.02,0.37
2017,197,21.69,27.25,17.63,67.26,0.0,2.2,1.72,17.95,0.37
2017,198,21.41,25.71,18.2,73.84,0.0,3.72,2.99,27.54,0.37
2017,199,21.96,27.32,17.71,66.11,0.0,7.13,5.67,20.77,0.37
2017,200,22.37,27.61,17.81,63.5,0.0,6.07,4.85,17.38,0.37
2017,201,22.33,28.18,17.56,68.21,0.0,4.31,3.45,18.14,0.37
2017,202,21.57,26.41,18.23,69.91,0.01,4.61,3.69,19.91,0.37
2017,203,21.76,28.22,16.38,62.8,0.0,4.66,3.73,18.68,0.37
2017,204,22.01,28.0,17.38,67.97,0.0,4.09,3.24,56.23,0.37
2017,205,21.4,25.92,18.03,75.03,0.01,4.81,3.86,25.04,0.37
2017,206,21.66,26.02,18.23,68.42,0.5,5.48,4.4,21.88,0.37
2017,207,22.72,28.79,17.29,63.21,0.01,5.07,4.03,18.15,0.37
2017,208,23.81,29.28,18.59,61.34,0.01,5.02,3.97,21.82,0.37
2017,209,24.66,29.8,20.14,63.62,0.12,6.87,5.4,13.53,0.37
2017,210,25.09,32.0,19.64,62.19,0.18,5.28,4.1,15.88,0.37
2017,211,23.89,28.96,19.96,66.45,0.05,5.12,4.09,14.16,0.37
2017,212,22.19,26.65,18.28,67.24,0.11,8.64,6.84,21.31,0.37
2017,213,20.39,25.98,15.93,53.52,0.0,9.29,7.32,20.36,0.37
2017,214,20.44,27.04,14.68,56.11,0.0,4.44,3.55,18.06,0.37
2017,215,21.82,28.33,16.61,55.45,0.0,4.27,3.4,18.44,0.37
2017,216,22.26,28.42,17.52,57.68,0.0,3.64,2.89,17.1,0.37
2017,217,22.12,27.84,17.9,61.86,0.0,4.16,3.3,17.6,0.37
2017,218,21.41,26.4,17.2,68.78,0.0,3.68,2.91,53.95,0.37
2017,219,21.65,26.49,18.53,70.4,0.01,5.99,4.81,23.46,0.37
2017,220,21.79,27.64,16.86,60.56,0.0,7.77,6.18,18.73,0.37
2017,221,22.94,28.76,17.43,58.45,0.09,7.81,6.17,63.85,0.37
2017,222,23.46,29.37,17.86,60.15,1.81,4.64,3.71,68.65,0.37
2017,223,24.35,29.51,19.81,56.27,0.04,4.43,3.48,31.0,0.37
2017,224,23.81,29.44,18.81,55.97,0.04,4.69,3.71,18.73,0.37
2017,225,23.74,29.76,18.84,59.95,0.01,4.88,3.87,17.88,0.37
2017,226,23.49,28.97,19.43,62.06,0.26,4.58,3.67,22.86,0.37
2017,227,23.26,28.68,19.36,68.17,0.0,3.47,2.79,26.87,0.37
2017,228,23.37,29.38,19.38,70.44,0.0,3.37,2.69,24.39,0.37
2017,229,24.58,30.32,20.13,65.28,0.0,4.39,3.45,24.05,0.37
2017,230,24.75,28.49,21.95,62.91,0.0,3.12,2.42,62.58,0.37
2017,231,23.67,27.48,21.16,70.91,0.0,4.15,3.39,23.7,0.37
2017,232,21.96,25.45,19.42,71.49,0.01,6.9,5.57,47.51,0.36
2017,233,21.66,26.33,18.19,59.92,0.0,7.11,5.73,41.76,0.36
2017,234,22.34,29.65,16.19,59.78,0.0,5.46,4.41,18.09,0.36
2017,235,22.19,25.98,19.13,72.63,0.0,4.99,3.97,41.29,0.36
2017,236,22.39,27.58,18.99,68.59,0.5,3.27,2.59,22.88,0.36
2017,237,22.18,28.0,17.59,70.33,0.17,4.73,3.8,17.8,0.36
2017,238,22.99,28.57,19.25,65.11,0.39,8.17,6.51,19.37,0.36
2017,239,21.69,26.88,17.54,64.72,0.04,8.16,6.54,18.28,0.36
2017,240,21.81,27.66,17.63,63.25,0.06,9.07,7.22,18.74,0.36
2017,241,22.32,28.54,17.47,63.43,0.03,8.05,6.42,15.43,0.36
2017,242,22.63,29.24,17.16,60.45,0.0,5.35,4.31,16.66,0.36
2017,243,22.4,28.63,16.66,58.18,0.0,5.44,4.39,18.55,0.36
2017,244,23.28,29.86,17.57,63.0,0.0,4.82,3.87,18.19,0.36
2017,245,22.8,28.59,18.75,70.65,0.11,4.61,3.65,42.18,0.36
2017,246,22.02,25.44,19.31,69.99,0.19,5.53,4.46,40.49,0.36
2017,247,22.46,28.18,18.49,56.21,0.0,8.3,6.6,32.07,0.36
2017,248,23.0,30.95,15.82,49.92,0.0,6.4,5.03,16.87,0.36
2017,249,22.63,29.25,16.99,51.94,0.0,4.74,3.79,18.08,0.36
2017,250,22.33,29.06,17.49,59.06,0.0,3.48,2.79,17.53,0.36
2017,251,23.38,30.47,18.4,64.64,0.0,4.18,3.32,16.03,0.36
2017,252,24.03,30.72,19.45,64.57,0.0,3.92,3.12,16.13,0.36
2017,253,23.6,29.86,18.84,68.05,0.0,3.95,3.19,15.47,0.36
2017,254,23.44,29.82,18.05,62.94,0.0,4.62,3.68,16.04,0.36
2017,255,24.6,32.37,18.01,55.0,0.0,3.89,3.07,21.04,0.36
2017,256,24.6,31.73,19.38,61.51,0.0,3.74,2.96,17.89,0.36
2017,257,23.99,30.16,19.51,69.67,0.0,3.92,3.09,22.71,0.36
2017,258,23.19,28.45,19.32,70.28,0.0,6.27,5.01,44.31,0.36
2017,259,23.46,30.24,17.98,54.85,0.0,6.07,4.86,17.56,0.36
2017,260,23.95,31.35,17.63,56.6,0.0,6.71,5.38,15.84,0.36
2017,261,24.62,32.31,18.39,62.04,0.0,5.78,4.6,16.41,0.36
2017,262,24.67,31.33,20.28,63.72,0.0,3.67,2.94,18.03,0.36
2017,263,24.0,28.79,20.08,72.45,0.23,4.16,3.28,20.39,0.36
2017,264,24.38,29.19,20.16,71.14,0.69,6.85,5.5,19.53,0.36
2017,265,26.67,32.78,20.72,58.82,0.01,6.73,5.25,20.3,0.36
2017,266,25.31,30.85,22.04,63.79,0.23,5.59,4.49,17.25,0.36
2017,267,24.64,29.45,20.51,64.74,0.06,6.59,5.3,17.64,0.36
2017,268,24.68,30.83,20.17,69.49,0.06,5.09,4.14,18.23,0.36
2017,269,24.47,28.98,21.12,72.82,0.17,4.0,3.23,17.51,0.36
2017,270,25.31,30.48,21.13,67.6,0.09,4.34,3.48,19.8,0.36
2017,271,24.65,30.62,20.65,65.29,0.05,9.06,7.2,16.51,0.36
2017,272,24.21,30.9,18.61,55.08,0.01,9.13,7.23,25.41,0.36
2017,273,25.4,31.09,20.78,57.25,0.07,5.76,4.63,38.74,0.36
2017,274,26.21,32.5,22.08,62.87,0.05,3.38,2.69,15.24,0.36
2017,275,25.31,30.19,22.24,71.96,0.58,3.89,3.15,23.93,0.36
2017,276,26.02,31.73,21.53,65.68,0.27,2.5,2.04,35.05,0.36
2017,277,29.1,35.57,24.48,50.52,0.24,4.31,3.29,28.63,0.36
2017,278,28.37,35.09,23.72,52.44,0.23,5.44,4.28,11.83,0.36
2017,279,26.97,33.33,22.41,56.27,0.44,4.85,3.87,17.89,0.36
2017,280,26.78,33.15,22.46,54.89,0.04,4.07,3.26,28.2,0.36
2017,281,26.84,32.67,23.3,58.0,0.03,3.59,2.9,34.42,0.36
2017,282,26.54,32.32,22.36,67.75,0.0,3.61,2.95,28.48,0.36
2017,283,27.1,33.37,22.74,59.28,0.0,3.52,2.82,46.08,0.36
2017,284,26.42,30.85,23.49,68.53,0.0,4.7,3.81,63.9,0.36
2017,285,24.64,27.86,22.19,72.16,0.0,5.15,4.25,50.84,0.36
2017,286,23.8,27.78,21.18,61.96,0.07,7.0,5.68,34.02,0.36
2017,287,22.77,27.12,19.42,59.95,0.17,7.14,5.81,53.83,0.36
2017,288,23.41,29.45,18.53,55.28,0.02,4.9,4.02,23.92,0.36
2017,289,24.99,31.72,19.03,60.34,0.0,4.37,3.54,14.68,0.36
2017,290,26.87,33.49,21.5,67.26,0.01,6.98,5.52,16.37,0.36
2017,291,25.63,29.36,21.96,69.91,0.64,5.57,4.51,40.83,0.36
2017,292,24.91,31.69,19.85,58.75,0.0,4.96,4.07,17.7,0.36
2017,293,26.22,33.02,20.77,61.12,0.0,4.3,3.47,15.94,0.36
2017,294,27.89,34.34,22.49,65.33,0.0,6.4,5.1,21.27,0.36
2017,295,29.0,34.96,23.21,59.73,0.01,4.97,3.98,18.93,0.36
2017,296,28.68,35.51,24.52,55.13,0.0,4.36,3.45,24.64,0.36
2017,297,27.3,32.79,23.75,72.73,0.01,4.41,3.56,52.61,0.36
2017,298,27.12,32.71,23.07,70.45,0.0,3.43,2.77,37.38,0.36
2017,299,27.43,33.88,22.74,69.68,0.0,3.32,2.68,29.91,0.36
2017,300,27.54,34.37,23.55,71.32,0.04,4.23,3.39,34.09,0.36
2017,301,24.78,29.31,20.51,62.84,0.65,10.68,8.47,87.57,0.36
2017,302,23.11,27.72,19.54,57.53,0.1,10.78,8.53,66.84,0.36
2017,303,26.02,32.79,18.98,52.92,0.01,8.18,6.48,27.01,0.36
2017,304,27.22,33.28,20.99,47.8,0.0,6.08,4.83,16.01,0.36
2017,305,26.81,33.35,21.09,52.0,0.0,5.52,4.42,16.47,0.36
2017,306,27.23,33.78,22.45,55.09,0.0,4.98,3.97,18.09,0.36
2017,307,26.87,31.7,22.77,56.53,0.01,4.54,3.65,21.33,0.35
2017,308,27.72,34.0,22.2,51.91,0.0,6.77,5.36,18.92,0.35
2017,309,27.6,34.03,21.6,48.22,0.0,7.4,5.85,17.93,0.35
2017,310,25.79,31.5,21.41,53.44,0.0,5.28,4.29,16.75,0.35
2017,311,24.22,29.91,19.63,64.23,0.0,3.78,3.09,20.6,0.35
2017,312,24.93,29.12,20.84,67.21,0.94,5.29,4.28,28.4,0.35
2017,313,23.78,26.16,22.06,71.7,5.56,4.33,3.6,88.82,0.37
2017,314,23.79,27.76,20.7,59.01,0.01,4.63,3.79,56.39,0.36
2017,315,23.93,29.28,19.62,57.49,0.55,6.22,5.06,86.83,0.36
2017,316,24.95,30.12,20.58,55.67,0.0,7.16,5.78,70.8,0.36
2017,317,26.28,32.25,22.28,59.95,0.0,5.24,4.21,62.19,0.36
2017,318,25.1,29.39,22.0,68.75,0.0,5.32,4.29,37.68,0.36
2017,319,27.02,32.69,22.2,56.92,0.16,3.32,2.68,84.86,0.36
2017,320,27.73,31.71,25.28,62.12,0.0,4.02,3.18,89.95,0.36
2017,321,26.49,29.82,23.38,74.39,2.55,4.69,3.72,74.4,0.36
2017,322,25.25,29.61,22.05,64.06,0.28,7.54,6.08,57.93,0.36
2017,323,26.46,31.87,21.13,57.02,0.19,8.2,6.54,29.31,0.36
2017,324,28.07,33.37,23.05,62.23,2.22,4.69,3.62,49.72,0.36
2017,325,28.27,33.51,25.04,62.67,0.2,4.54,3.6,17.39,0.36
2017,326,28.32,33.87,24.84,60.98,0.59,4.16,3.31,14.74,0.36
2017,327,28.41,33.39,24.87,58.74,0.23,4.5,3.59,20.58,0.36
2017,328,28.2,33.32,24.38,57.27,0.04,4.46,3.55,33.71,0.36
2017,329,27.46,32.19,24.9,66.43,3.6,4.28,3.42,41.79,0.36
2017,330,26.36,30.55,23.67,71.06,0.87,4.72,3.79,87.1,0.37
2017,331,25.14,28.35,23.02,72.74,2.54,4.98,4.04,86.84,0.37
2017,332,25.75,30.23,21.73,63.2,0.58,7.97,6.37,43.1,0.37
2017,333,27.22,32.25,22.57,61.4,1.64,6.0,4.82,67.01,0.37
2017,334,27.33,32.4,23.42,65.7,0.58,6.76,5.41,31.2,0.37
2017,335,27.67,32.69,23.42,68.79,4.35,4.63,3.7,33.85,0.37
2017,336,26.95,31.01,23.72,73.95,0.18,3.89,3.18,26.56,0.37
2017,337,28.25,34.47,24.28,67.86,2.07,4.34,3.45,28.59,0.37
2017,338,28.37,33.54,24.97,69.82,0.25,3.85,3.13,27.57,0.37
2017,339,28.59,33.23,25.19,69.61,0.11,3.55,2.89,36.11,0.36
2017,340,28.23,32.36,25.4,67.6,0.09,5.06,4.1,32.68,0.36
2017,341,27.64,33.2,24.29,65.6,0.24,8.55,6.76,42.38,0.36
2017,342,29.84,35.15,24.24,55.44,0.16,6.71,5.24,60.61,0.36
2017,343,28.48,32.49,25.45,68.11,12.81,5.9,4.68,68.82,0.37
2017,344,25.9,28.32,23.19,75.42,6.0,6.38,5.09,48.59,0.39
2017,345,24.93,28.57,22.19,70.27,0.48,4.04,3.3,45.55,0.39
2017,346,25.21,30.25,21.06,68.9,0.02,3.69,3.03,86.27,0.38
2017,347,26.99,31.74,23.23,65.9,0.0,3.6,2.9,72.41,0.38
2017,348,27.56,31.79,23.96,71.09,14.76,4.15,3.27,91.46,0.39
2017,349,25.87,28.95,21.39,76.04,6.8,6.21,4.91,99.02,0.41
2017,350,26.56,33.27,19.66,61.15,0.03,7.17,5.69,51.06,0.41
2017,351,28.67,34.62,24.16,63.99,2.01,4.84,3.82,38.51,0.4
2017,352,28.41,32.7,25.62,70.04,0.95,3.0,2.43,37.18,0.4
2017,353,27.12,30.69,24.74,73.34,1.58,3.34,2.73,47.45,0.4
2017,354,27.14,30.85,24.0,73.17,0.6,4.69,3.8,30.67,0.4
2017,355,26.81,32.15,22.33,66.03,0.03,6.67,5.36,28.19,0.39
2017,356,26.85,32.1,22.27,67.25,0.07,5.68,4.61,28.25,0.39
2017,357,26.57,30.76,23.64,71.02,0.18,3.52,2.85,66.79,0.39
2017,358,26.24,30.87,23.18,68.06,0.84,3.31,2.68,59.32,0.39
2017,359,27.07,32.33,23.24,69.17,0.89,3.34,2.72,26.19,0.38
2017,360,26.85,31.63,23.44,69.95,0.56,5.64,4.53,37.51,0.38
2017,361,26.74,32.4,22.79,66.47,1.03,9.19,7.24,52.13,0.38
2017,362,28.05,33.15,23.42,66.45,8.08,5.49,4.38,43.01,0.38
2017,363,27.76,31.46,24.63,74.27,1.77,7.28,5.79,54.08,0.4
2017,364,27.97,33.4,23.46,64.46,0.03,7.78,6.15,18.98,0.39
2017,365,28.59,34.52,23.68,62.77,0.04,4.89,3.87,16.38,0.39
2018,1,28.32,33.21,24.92,68.69,0.01,4.19,3.35,28.79,0.38
2018,2,28.38,33.32,24.88,66.96,0.4,4.52,3.62,17.27,0.38
2018,3,29.26,33.89,25.28,69.41,0.33,6.85,5.43,33.51,0.38
2018,4,30.19,35.6,25.44,58.85,0.0,8.7,6.75,23.65,0.38
2018,5,30.4,36.12,24.97,58.74,0.33,7.07,5.39,73.91,0.37
2018,6,28.99,33.67,26.48,70.22,3.02,6.76,5.22,84.71,0.37
2018,7,29.05,33.4,25.83,71.44,1.04,7.45,5.85,95.95,0.38
2018,8,26.83,29.77,24.95,78.39,2.66,7.25,5.75,89.42,0.38
2018,9,26.65,29.63,24.52,77.55,1.56,6.37,5.08,69.54,0.38
2018,10,26.28,31.16,22.09,67.01,1.19,8.37,6.62,54.03,0.38
2018,11,26.4,33.03,20.35,55.07,0.0,8.92,6.97,20.02,0.38
2018,12,27.95,34.42,21.57,54.36,0.0,5.25,4.15,19.84,0.37
2018,13,28.64,34.19,23.56,56.65,0.11,4.57,3.65,27.41,0.37
2018,14,30.22,35.97,25.36,58.33,0.2,3.58,2.84,37.02,0.37
2018,15,30.14,36.76,25.46,58.19,0.49,4.85,3.82,36.45,0.37
2018,16,29.84,35.22,25.86,54.79,0.09,5.32,4.24,19.5,0.37
2018,17,30.12,36.08,23.24,48.12,0.01,6.14,4.79,15.41,0.37
2018,18,29.65,35.17,23.83,49.05,0.0,6.26,4.95,14.51,0.37
2018,19,28.88,34.81,23.72,56.33,0.01,6.73,5.36,17.29,0.36
2018,20,27.08,31.88,23.03,63.0,0.05,5.16,4.19,17.78,0.36
2018,21,27.02,32.32,22.65,60.02,0.01,7.63,6.08,22.33,0.36
2018,22,27.94,34.32,22.09,52.48,0.01,8.29,6.54,18.72,0.36
2018,23,28.66,34.0,23.4,56.16,0.26,6.41,5.11,21.83,0.36
2018,24,28.91,33.58,25.13,59.96,0.6,4.93,3.96,28.71,0.36
2018,25,28.92,33.66,24.72,59.04,0.18,5.55,4.42,42.01,0.36
2018,26,29.77,36.01,23.92,58.34,0.07,6.03,4.77,39.66,0.36
2018,27,29.5,35.14,26.11,63.17,1.61,4.9,3.9,25.19,0.36
2018,28,27.55,30.91,24.94,74.2,4.66,5.49,4.4,31.9,0.37
2018,29,26.95,31.31,23.8,68.75,0.86,5.72,4.6,52.23,0.37
2018,30,26.99,32.09,23.04,69.89,0.85,5.34,4.32,47.58,0.37
2018,31,27.26,31.42,24.28,70.14,0.17,4.13,3.33,21.12,0.37
2018,32,27.71,32.59,23.97,68.88,0.12,3.65,2.94,19.97,0.37
2018,33,28.24,32.94,25.08,63.47,0.0,3.48,2.81,33.89,0.37
2018,34,28.65,33.86,24.72,61.02,0.0,5.05,4.04,53.47,0.36
2018,35,28.07,32.31,24.87,61.46,0.0,6.21,4.97,93.03,0.36
2018,36,28.56,34.07,23.61,56.98,0.0,7.62,6.03,18.07,0.36
2018,37,27.81,32.93,23.44,62.23,0.0,5.92,4.76,16.89,0.36
2018,38,27.59,31.49,24.27,65.65,0.08,3.51,2.85,24.11,0.36
2018,39,28.15,33.57,24.02,65.55,0.63,4.12,3.32,77.06,0.36
2018,40,28.47,34.68,24.76,67.26,1.83,3.7,2.96,93.21,0.36
2018,41,25.83,26.91,23.77,81.5,15.39,3.02,2.43,99.52,0.38
2018,42,25.73,29.23,23.49,75.28,14.77,3.71,2.97,99.77,0.42
2018,43,25.48,28.43,23.4,80.83,22.42,4.45,3.57,60.66,0.44
2018,44,26.48,30.58,23.18,73.55,1.09,4.93,3.96,30.75,0.44
2018,45,25.96,30.75,21.98,72.04,0.56,6.04,4.84,31.22,0.43
2018,46,26.81,31.61,22.67,69.81,0.0,4.16,3.32,24.67,0.42
2018,47,27.14,31.76,23.62,69.96,0.0,3.83,3.0,50.87,0.42
2018,48,27.6,33.1,22.54,66.0,0.0,3.9,3.08,65.07,0.41
2018,49,27.84,31.29,24.23,73.56,0.16,4.07,3.25,91.09,0.41
2018,50,29.67,35.12,24.88,66.65,0.04,4.7,3.69,23.65,0.41
2018,51,29.84,35.19,25.11,62.35,0.01,3.97,3.14,21.36,0.4
2018,52,28.98,34.18,24.68,62.77,0.06,4.51,3.58,27.21,0.4
2018,53,29.08,33.28,25.31,65.22,0.3,3.98,3.16,31.55,0.4
2018,54,29.3,34.47,24.84,64.72,0.11,3.98,3.2,31.41,0.39
2018,55,28.89,32.97,26.17,69.64,0.46,3.83,3.07,34.53,0.39
2018,56,28.86,33.95,25.3,70.25,0.9,3.37,2.69,26.31,0.39
2018,57,28.85,34.32,25.13,69.3,2.54,5.16,4.14,61.78,0.39
2018,58,28.91,34.5,24.8,66.34,0.03,6.64,5.29,41.42,0.39
2018,59,28.57,34.21,24.04,67.59,0.09,6.78,5.4,14.62,0.39
2018,60,28.36,32.8,25.49,75.37,9.32,3.13,2.56,23.1,0.39
2018,61,29.21,33.47,25.76,70.35,5.49,2.81,2.19,26.63,0.41
2018,62,29.65,35.43,24.79,60.88,2.98,4.96,3.84,23.57,0.41
2018,63,29.37,34.91,24.31,64.36,0.4,6.19,4.82,18.56,0.4
2018,64,28.62,33.27,24.48,69.38,5.14,6.3,4.9,21.94,0.4
2018,65,28.4,34.2,23.98,66.88,0.02,7.31,5.71,12.45,0.4
2018,66,27.26,32.76,23.12,69.19,0.84,6.99,5.52,14.35,0.4
2018,67,26.93,33.14,21.57,65.39,0.09,5.19,4.16,14.61,0.4
2018,68,27.02,32.31,23.01,70.54,1.02,4.55,3.6,19.78,0.39
2018,69,27.22,32.32,22.57,70.22,0.83,4.44,3.55,29.66,0.39
2018,70,29.02,34.77,24.55,64.25,1.48,3.75,2.97,17.38,0.39
2018,71,28.58,33.65,24.49,66.58,0.07,4.29,3.41,15.04,0.39
2018,72,28.77,33.73,24.92,66.92,0.02,3.51,2.81,23.25,0.39
2018,73,29.25,34.12,25.71,67.82,0.07,3.72,2.96,18.05,0.38
2018,74,29.57,34.87,25.58,64.2,0.01,3.5,2.81,16.26,0.38
2018,75,30.16,35.97,25.45,60.6,0.01,4.03,3.16,12.55,0.38
2018,76,30.44,35.3,26.21,58.4,0.05,4.23,3.31,25.32,0.38
2018,77,30.33,35.17,26.49,58.9,0.25,5.35,4.15,35.13,0.38
2018,78,28.96,33.61,24.65,63.7,0.02,5.27,4.22,12.65,0.38
2018,79,28.8,33.53,24.72,62.53,0.03,5.0,4.02,30.85,0.38
2018,80,28.66,33.45,24.72,65.3,0.1,4.22,3.38,15.52,0.38
2018,81,29.37,34.39,25.66,64.46,0.01,3.84,3.06,22.18,0.38
2018,82,29.6,35.14,25.59,67.36,0.05,4.05,3.24,18.67,0.37
2018,83,29.04,33.93,26.21,71.65,0.04,3.99,3.21,30.03,0.37
2018,84,29.4,34.42,26.15,66.15,0.0,3.24,2.59,18.01,0.37
2018,85,29.46,34.86,26.05,66.07,0.01,5.16,4.12,47.5,0.37
2018,86,28.9,34.44,24.26,61.78,0.0,6.1,4.85,38.99,0.37
2018,87,29.2,34.93,24.54,60.02,0.0,6.47,5.08,19.85,0.37
2018,88,29.4,35.47,24.64,57.83,0.0,4.5,3.55,24.02,0.37
2018,89,29.52,34.94,25.84,57.89,0.0,4.39,3.45,24.48,0.37
2018,90,28.55,34.68,24.21,59.05,0.0,3.76,2.98,31.72,0.37
2018,91,28.61,34.44,24.55,62.89,1.86,3.13,2.49,47.97,0.37
2018,92,28.03,31.58,25.94,69.44,10.1,2.05,1.65,74.13,0.38
2018,93,28.31,33.4,25.03,68.06,6.17,2.93,2.33,49.84,0.39
2018,94,27.99,31.96,25.02,71.7,1.19,2.76,2.19,27.79,0.4
2018,95,28.47,33.36,24.85,66.58,0.54,3.38,2.71,26.76,0.4
2018,96,29.31,34.91,25.67,65.64,2.14,3.36,2.62,32.76,0.39
2018,97,28.73,33.49,26.11,69.59,7.08,3.17,2.51,72.72,0.4
2018,98,27.97,31.47,25.83,69.58,0.9,2.89,2.26,16.72,0.4
2018,99,28.51,34.05,23.64,56.74,0.0,5.03,3.92,16.69,0.4
2018,100,26.72,31.74,22.06,63.64,0.19,4.43,3.53,23.89,0.4
2018,101,26.38,29.38,23.57,72.51,0.48,3.87,3.09,38.64,0.39
2018,102,25.56,30.17,22.39,66.18,1.37,8.42,6.6,64.3,0.39
2018,103,26.75,32.84,21.14,56.77,0.0,7.34,5.72,17.78,0.39
2018,104,27.56,33.0,22.98,58.92,0.27,4.03,3.21,26.64,0.39
2018,105,27.41,32.25,23.47,63.28,0.32,4.36,3.46,42.14,0.39
2018,106,27.07,31.38,23.82,64.24,0.07,6.85,5.43,27.37,0.39
2018,107,28.14,33.63,22.85,61.28,0.12,6.07,4.71,30.67,0.39
2018,108,27.51,32.35,24.12,59.42,0.37,4.36,3.45,47.28,0.39
2018,109,26.96,31.68,24.19,70.09,7.16,4.0,3.17,33.85,0.39
2018,110,26.13,30.26,23.79,75.81,0.6,2.83,2.26,21.09,0.4
2018,111,25.64,29.57,23.58,73.99,0.3,2.97,2.41,21.12,0.4
2018,112,24.74,28.82,22.23,74.08,0.45,3.98,3.19,28.85,0.4
2018,113,24.68,29.07,20.67,69.87,0.16,5.07,4.04,32.51,0.39
2018,114,25.55,31.32,21.36,65.58,0.03,7.55,5.93,14.46,0.39
2018,115,25.57,32.25,20.15,63.72,0.02,6.87,5.39,16.34,0.39
2018,116,25.84,32.7,20.02,56.86,0.0,5.26,4.09,16.33,0.39
2018,117,25.15,32.38,19.27,60.5,0.0,4.22,3.31,16.14,0.39
2018,118,24.85,30.95,20.15,62.1,0.0,3.56,2.77,18.15,0.38
2018,119,25.02,31.42,20.11,61.48,0.0,3.57,2.78,19.67,0.38
2018,120,25.87,33.05,20.04,51.72,0.0,4.19,3.25,17.37,0.38
2018,121,26.74,33.41,20.48,54.32,0.0,3.4,2.68,18.0,0.38
2018,122,26.43,32.3,21.92,61.01,0.0,4.21,3.33,48.61,0.38
2018,123,26.48,31.59,23.04,66.34,0.0,4.59,3.65,24.31,0.38
2018,124,26.02,30.38,23.5,70.44,0.01,3.19,2.55,46.61,0.38
2018,125,24.22,27.79,22.04,71.78,0.0,3.56,2.88,82.57,0.38
2018,126,23.75,28.3,20.39,70.84,0.0,2.93,2.29,48.09,0.38
2018,127,24.39,28.68,21.02,69.02,0.0,2.51,2.01,27.88,0.38
2018,128,25.46,31.18,20.75,68.65,0.0,4.04,3.22,19.93,0.38
2018,129,25.22,30.09,21.65,73.94,0.0,3.04,2.41,22.45,0.38
2018,130,24.72,28.62,21.66,71.75,0.01,4.39,3.5,26.79,0.38
2018,131,24.08,30.26,19.41,64.39,0.01,6.19,4.92,20.4,0.38
2018,132,24.57,30.62,19.17,60.62,0.0,5.7,4.54,55.15,0.38
2018,133,24.22,29.21,20.91,66.2,0.17,3.66,2.89,82.91,0.38
2018,134,23.54,27.38,20.8,73.58,0.31,3.57,2.82,30.34,0.38
2018,135,23.31,27.86,19.91,70.9,0.1,4.6,3.67,46.13,0.38
2018,136,24.27,30.28,19.4,63.03,0.04,6.32,5.01,24.05,0.38
2018,137,24.78,30.9,19.44,63.8,0.04,4.04,3.21,21.35,0.38
2018,138,25.06,29.58,21.22,65.62,0.77,3.97,3.15,38.41,0.38
2018,139,25.24,30.78,21.1,66.63,0.83,6.28,4.91,15.89,0.38
2018,140,25.33,31.11,20.42,58.36,0.01,6.59,5.13,15.83,0.38
2018,141,24.53,30.96,19.24,56.13,0.0,4.81,3.77,18.59,0.38
2018,142,24.4,30.28,19.62,60.99,0.0,4.27,3.38,17.22,0.38
2018,143,25.19,32.0,19.93,60.19,0.0,3.77,2.94,16.45,0.38
2018,144,25.79,32.22,20.86,61.2,0.01,4.02,3.15,17.08,0.38
2018,145,25.56,31.9,20.69,61.64,0.05,3.37,2.64,16.73,0.37
2018,146,25.14,31.33,20.6,62.82,0.05,3.77,2.96,16.91,0.37
2018,147,23.75,28.87,19.74,72.05,0.0,4.98,3.96,22.08,0.37
2018,148,22.67,27.08,19.36,73.05,0.01,5.78,4.62,22.66,0.37
2018,149,22.11,27.89,17.71,59.45,0.0,6.44,5.12,21.51,0.37
2018,150,21.57,28.26,16.13,64.24,0.0,4.99,4.01,19.59,0.37
2018,151,22.3,28.09,17.25,69.21,0.09,4.99,3.99,19.54,0.37
2018,152,22.73,27.39,18.68,76.76,1.3,4.06,3.25,28.59,0.37
2018,153,23.85,28.17,20.52,71.44,3.2,5.29,4.18,18.84,0.38
2018,154,24.79,30.0,20.12,60.41,0.01,4.81,3.73,23.6,0.38
2018,155,23.56,28.78,20.05,65.13,1.24,4.98,3.97,30.16,0.38
2018,156,21.38,23.44,19.87,73.85,10.27,6.61,5.23,73.52,0.4
2018,157,20.44,22.08,18.97,78.36,12.22,5.33,4.26,82.2,0.41
2018,158,22.35,24.73,20.9,75.77,8.79,5.06,3.95,59.86,0.43
2018,159,22.29,25.32,19.73,75.13,1.38,3.63,2.88,39.04,0.43
2018,160,21.81,27.09,17.94,71.89,0.1,5.64,4.47,20.78,0.42
2018,161,22.09,28.38,17.42,71.84,0.0,4.16,3.29,20.32,0.42
2018,162,22.46,27.97,17.97,73.12,0.01,5.19,4.08,19.13,0.42
2018,163,23.03,28.28,19.28,70.81,0.01,7.88,6.15,15.6,0.41
2018,164,22.93,28.73,17.52,64.1,0.0,5.62,4.42,23.06,0.41
2018,165,23.98,29.19,19.25,65.84,0.0,4.08,3.18,23.9,0.41
2018,166,23.81,29.17,19.71,65.87,0.0,4.16,3.26,20.08,0.41
2018,167,23.15,28.25,19.66,69.01,0.0,4.09,3.11,18.36,0.4
2018,168,22.66,25.89,20.29,73.76,0.0,4.67,3.74,23.67,0.4
2018,169,22.3,28.45,17.91,69.73,0.0,4.53,3.6,17.6,0.4
2018,170,21.72,26.45,18.95,78.47,0.0,2.53,1.99,18.74,0.4
2018,171,20.83,25.23,18.07,75.01,0.21,3.77,3.03,22.57,0.4
2018,172,21.27,27.24,16.59,72.14,0.04,6.68,5.28,17.04,0.4
2018,173,21.52,26.96,17.66,71.54,0.1,6.84,5.4,18.07,0.4
2018,174,21.49,27.14,17.39,67.6,0.02,7.06,5.57,17.17,0.4
2018,175,22.29,27.95,18.28,70.91,0.0,4.5,3.55,19.6,0.4
2018,176,22.85,28.3,17.95,66.9,0.0,2.97,2.27,19.33,0.39
2018,177,24.0,29.16,19.41,62.45,0.0,4.45,3.45,29.76,0.39
2018,178,23.46,29.52,18.93,59.09,0.0,4.87,3.8,18.13,0.39
2018,179,22.55,27.36,19.01,66.81,0.04,4.28,3.4,22.4,0.39
2018,180,21.76,25.3,19.1,79.02,0.37,4.78,3.8,34.97,0.39
2018,181,21.47,26.28,18.12,71.73,0.17,5.78,4.61,25.36,0.39
2018,182,21.9,27.99,17.04,68.31,0.0,5.85,4.67,18.96,0.39
2018,183,22.73,29.41,17.85,67.14,0.01,4.06,3.18,18.75,0.39
2018,184,22.9,28.25,18.37,61.67,0.02,4.51,3.52,25.88,0.39
2018,185,23.78,28.5,19.25,64.28,0.16,5.08,3.99,42.23,0.39
2018,186,23.48,29.48,17.26,64.31,0.19,5.32,4.19,36.31,0.39
2018,187,24.28,29.73,19.69,63.83,0.33,6.74,5.27,19.16,0.39
2018,188,24.03,29.4,19.31,63.39,0.06,6.13,4.8,11.21,0.39
2018,189,22.89,28.52,17.85,60.72,0.01,6.79,5.37,12.5,0.39
2018,190,22.72,28.57,17.54,63.04,0.09,7.08,5.56,12.87,0.38
2018,191,22.48,28.59,17.08,62.41,0.12,4.52,3.58,17.13,0.38
2018,192,22.56,27.19,18.45,60.07,0.19,4.48,3.56,17.82,0.38
2018,193,22.67,28.45,17.42,58.3,0.03,5.6,4.4,15.78,0.38
2018,194,22.95,29.04,17.28,59.73,0.02,5.24,4.17,22.87,0.38
2018,195,22.6,28.4,18.31,59.18,0.01,4.7,3.71,18.22,0.38
2018,196,21.9,25.99,18.92,71.15,0.21,4.03,3.25,21.72,0.38
2018,197,19.86,22.7,16.61,68.01,4.94,9.61,7.55,59.3,0.39
2018,198,18.83,23.44,15.33,63.41,0.05,8.79,6.95,19.56,0.39
2018,199,19.38,24.97,15.0,65.47,0.06,8.48,6.69,19.45,0.39
2018,200,20.21,26.5,14.88,63.74,0.01,8.5,6.69,18.04,0.39
2018,201,21.58,28.02,15.58,61.32,0.1,6.59,5.15,42.36,0.39
2018,202,21.97,27.66,16.41,61.46,0.12,4.72,3.74,28.49,0.39
2018,203,22.3,28.01,17.39,63.58,0.04,7.58,5.95,13.3,0.38
2018,204,20.59,26.1,16.69,60.29,0.14,9.75,7.64,19.11,0.38
2018,205,21.18,27.89,15.21,64.22,0.08,6.24,4.89,17.16,0.38
2018,206,22.05,28.67,15.77,61.96,0.01,4.88,3.84,16.36,0.38
2018,207,21.54,27.48,16.28,58.22,0.0,5.22,4.16,17.41,0.38
2018,208,21.11,28.55,15.05,56.79,0.0,5.04,3.98,18.19,0.38
2018,209,21.51,27.29,16.46,65.45,0.0,4.43,3.51,18.79,0.38
2018,210,22.11,28.88,16.74,65.97,0.0,4.87,3.9,18.34,0.38
2018,211,21.22,26.21,17.37,70.94,0.0,3.54,2.79,24.99,0.38
2018,212,20.3,24.84,16.64,75.94,0.0,3.82,3.05,22.76,0.38
2018,213,20.51,26.35,16.43,71.64,0.0,3.82,3.04,18.78,0.38
2018,214,20.34,25.19,15.5,75.81,0.0,3.56,2.8,23.65,0.38
2018,215,21.73,25.73,18.42,73.03,0.0,4.7,3.73,30.41,0.38
2018,216,20.53,25.97,16.11,63.86,0.0,5.71,4.56,18.99,0.38
2018,217,21.47,28.47,15.8,55.05,0.0,3.41,2.68,19.35,0.38
2018,218,22.57,29.02,17.73,58.25,0.0,3.62,2.72,18.05,0.38
2018,219,22.73,27.85,18.93,77.28,0.0,3.34,2.54,20.83,0.38
2018,220,22.77,28.43,18.55,73.73,0.0,3.2,2.47,16.09,0.38
2018,221,23.47,29.64,18.83,70.6,0.01,6.7,5.27,12.88,0.38
2018,222,23.98,31.89,18.68,68.83,0.0,5.24,4.15,21.68,0.38
2018,223,23.4,28.96,19.19,72.76,0.02,4.25,3.37,35.37,0.38
2018,224,24.34,31.14,18.97,66.3,0.01,4.69,3.63,14.88,0.38
2018,225,25.31,32.31,19.68,53.3,0.0,4.46,3.44,14.11,0.37
2018,226,24.2,32.02,17.92,53.66,0.0,4.3,3.38,16.05,0.37
2018,227,24.05,31.73,18.48,52.64,0.0,3.44,2.7,19.17,0.37
2018,228,23.08,29.69,18.18,60.61,0.0,3.27,2.56,19.9,0.37
2018,229,23.0,29.53,18.02,62.92,0.0,2.97,2.33,19.38,0.37
2018,230,23.36,28.85,18.59,61.77,0.0,4.22,3.44,16.14,0.37
2018,231,23.76,30.52,18.8,58.16,0.0,3.55,2.82,17.07,0.37
2018,232,23.88,29.73,19.23,58.67,0.0,3.19,2.57,16.48,0.37
2018,233,24.35,30.75,19.29,52.68,0.0,4.15,3.27,15.11,0.37
2018,234,24.25,30.24,19.12,51.88,0.0,4.54,3.61,16.63,0.37
2018,235,23.92,30.12,18.68,52.24,0.0,5.17,4.13,15.93,0.37
2018,236,23.65,29.58,18.59,57.99,0.0,5.02,4.03,17.89,0.37
2018,237,24.09,30.08,19.3,56.52,0.0,4.0,3.2,17.96,0.37
2018,238,23.66,28.83,19.75,65.32,0.0,3.51,2.79,19.54,0.37
2018,239,24.0,29.42,20.11,68.86,0.0,3.31,2.65,29.53,0.37
2018,240,23.48,28.15,20.32,72.43,0.0,5.99,4.79,16.61,0.37
2018,241,22.89,27.96,19.1,59.37,0.07,8.58,6.86,23.33,0.37
2018,242,23.47,30.29,17.23,55.2,0.0,6.59,5.28,15.48,0.37
2018,243,24.98,31.06,19.3,54.96,0.0,4.68,3.72,17.4,0.37
2018,244,25.15,31.15,19.94,53.56,0.0,4.78,3.8,15.76,0.37
2018,245,24.93,30.97,19.72,51.14,0.0,4.79,3.82,20.15,0.37
2018,246,25.1,31.54,19.85,56.53,0.0,4.45,3.55,36.83,0.37
2018,247,25.46,31.88,21.0,57.37,0.0,3.78,3.0,15.99,0.37
2018,248,25.81,32.32,20.51,53.95,0.0,3.63,2.85,15.86,0.37
2018,249,26.13,32.68,21.51,58.13,0.0,3.73,2.95,16.15,0.37
2018,250,25.85,32.2,21.62,62.7,0.0,4.23,3.38,17.89,0.37
2018,251,26.32,33.07,21.49,61.69,0.03,4.01,3.17,29.54,0.37
2018,252,26.19,30.52,23.09,64.35,1.53,5.61,4.42,45.79,0.37
2018,253,22.27,25.14,19.32,80.0,36.73,5.14,4.09,85.82,0.4
2018,254,21.47,24.57,19.49,72.14,0.24,3.89,3.1,59.25,0.43
2018,255,22.27,27.03,18.16,62.13,0.01,3.62,2.93,31.57,0.42
2018,256,23.07,29.64,17.89,66.71,0.0,4.87,3.89,17.21,0.42
2018,257,23.11,28.66,19.09,71.15,0.0,2.8,2.25,17.89,0.41
2018,258,23.25,29.67,18.68,74.1,0.0,3.66,2.89,21.48,0.41
2018,259,23.45,29.01,19.56,70.01,0.0,4.16,3.33,24.53,0.4
2018,260,24.09,31.89,18.54,67.1,0.0,4.26,3.39,22.68,0.4
2018,261,25.2,32.58,19.49,62.4,0.0,3.29,2.53,16.72,0.4
2018,262,25.5,33.47,19.78,55.8,0.0,3.02,2.31,21.72,0.4
2018,263,24.92,32.5,18.56,61.06,0.0,3.99,3.16,18.35,0.39
2018,264,25.32,32.97,19.39,59.39,0.0,4.86,3.85,22.38,0.39
2018,265,24.3,31.19,19.21,67.77,0.0,4.92,3.98,31.15,0.39
2018,266,24.49,30.96,19.26,70.4,0.0,4.39,3.55,22.04,0.39
2018,267,24.21,29.17,20.84,74.75,0.0,2.9,2.38,27.86,0.38
2018,268,24.52,31.12,19.55,68.74,0.0,2.96,2.38,26.47,0.38
2018,269,25.64,31.57,21.24,62.57,0.0,3.33,2.59,17.94,0.38
2018,270,25.95,32.22,21.26,56.78,0.0,4.45,3.5,17.77,0.38
2018,271,25.8,32.87,20.17,63.52,0.0,3.67,2.93,22.4,0.38
2018,272,25.59,30.24,22.04,70.17,0.02,5.02,4.02,39.73,0.38
2018,273,24.58,30.02,19.96,64.07,0.07,11.77,9.25,49.02,0.38
2018,274,23.84,30.58,18.41,52.64,0.0,7.85,6.27,18.24,0.37
2018,275,23.59,29.74,18.56,56.4,0.0,4.19,3.37,19.79,0.37
2018,276,23.21,28.49,18.97,66.51,0.0,3.61,2.88,19.94,0.37
2018,277,23.92,30.17,18.78,67.15,0.02,4.35,3.53,32.95,0.37
2018,278,23.57,27.67,20.21,69.43,0.03,4.36,3.55,34.14,0.37
2018,279,23.55,26.64,20.95,67.4,0.39,5.5,4.46,54.57,0.37
2018,280,23.87,27.45,21.14,71.45,0.59,3.7,3.02,54.37,0.37
2018,281,26.34,31.55,20.87,63.71,0.16,3.09,2.52,22.66,0.37
2018,282,27.27,33.19,23.48,57.81,9.04,5.46,4.32,51.27,0.37
2018,283,26.02,32.02,21.44,64.56,8.33,5.53,4.39,40.38,0.4
2018,284,26.64,32.38,23.15,66.74,3.77,4.84,3.8,61.07,0.4
2018,285,25.56,30.19,22.68,72.1,3.45,3.92,3.12,53.91,0.4
2018,286,25.03,29.09,22.39,70.45,0.17,3.18,2.64,19.68,0.4
2018,287,24.95,30.24,20.95,71.92,0.0,4.14,3.37,23.2,0.4
2018,288,25.06,30.24,21.6,71.49,0.0,3.32,2.69,58.5,0.39
2018,289,24.59,28.33,21.73,73.93,0.0,3.54,2.86,22.47,0.39
2018,290,24.76,29.24,21.96,68.61,0.0,2.95,2.44,25.66,0.39
2018,291,23.89,28.47,20.54,73.47,0.03,3.46,2.8,83.88,0.39
2018,292,23.49,27.45,20.5,68.21,0.05,5.14,4.23,46.67,0.38
2018,293,22.3,27.3,17.97,63.13,0.0,6.41,5.22,23.23,0.38
2018,294,21.74,24.83,19.4,62.88,0.42,7.94,6.37,71.46,0.38
2018,295,20.87,23.66,17.53,58.07,0.42,7.9,6.36,74.58,0.38
2018,296,21.88,27.69,16.61,56.76,0.08,7.79,6.27,53.5,0.38
2018,297,24.14,31.32,17.01,54.41,0.0,7.42,5.92,16.63,0.38
2018,298,25.08,31.23,19.13,55.12,0.0,5.39,4.36,38.77,0.38
2018,299,26.08,32.75,19.79,58.34,0.0,6.48,5.18,15.53,0.37
2018,300,25.29,31.75,20.32,62.01,0.0,7.9,6.32,16.23,0.37
2018,301,23.68,28.5,19.31,62.28,0.34,8.01,6.45,25.12,0.37
2018,302,23.2,26.93,19.61,63.18,0.55,7.84,6.27,26.99,0.37
2018,303,24.29,30.43,18.28,59.07,0.0,5.85,4.73,14.67,0.37
2018,304,24.88,30.78,19.24,62.36,0.0,3.91,3.16,17.77,0.37
2018,305,25.71,31.99,21.25,66.88,0.01,3.39,2.76,16.63,0.37
2018,306,25.19,30.24,21.88,67.74,0.0,3.93,3.2,30.54,0.37
2018,307,23.91,27.56,20.67,68.76,1.45,6.85,5.53,51.04,0.37
2018,308,24.16,29.73,19.24,60.09,0.51,8.25,6.61,28.49,0.37
2018,309,26.05,33.05,19.68,56.99,0.0,5.52,4.41,16.07,0.37
2018,310,26.38,33.24,22.17,60.98,0.0,6.17,4.92,16.23,0.37
2018,311,25.08,29.26,22.18,66.85,0.05,3.71,3.06,18.63,0.37
2018,312,24.11,28.98,21.17,68.96,0.95,6.38,5.2,69.53,0.37
2018,313,23.42,28.08,19.83,64.11,0.15,8.18,6.59,42.19,0.37
2018,314,24.08,28.86,19.15,62.15,0.07,8.37,6.69,30.15,0.37
2018,315,26.49,32.3,21.88,61.3,0.19,7.21,5.71,27.59,0.37
2018,316,26.58,32.58,21.92,62.97,0.09,9.71,7.62,14.04,0.37
2018,317,28.12,34.42,21.28,53.97,0.0,7.81,6.06,10.87,0.37
2018,318,29.18,34.88,23.78,49.35,0.0,5.29,4.12,21.12,0.37
2018,319,28.48,34.27,24.17,55.12,0.0,4.74,3.72,14.8,0.37
2018,320,27.55,33.44,23.4,57.79,0.0,3.73,2.96,16.19,0.37
2018,321,26.86,33.25,22.07,59.36,0.13,3.55,2.85,25.24,0.37
2018,322,25.94,31.47,21.65,68.42,0.61,3.67,2.97,29.54,0.37
2018,323,25.89,30.77,22.26,69.33,0.75,3.77,3.12,28.89,0.37
2018,324,26.24,31.54,21.85,67.4,0.17,3.15,2.59,36.83,0.37
2018,325,27.14,32.56,23.17,61.75,0.07,2.99,2.46,29.84,0.37
2018,326,27.56,32.67,23.66,63.4,3.9,4.31,3.46,44.6,0.37
2018,327,27.13,31.45,24.18,63.43,2.37,5.06,4.1,28.34,0.38
2018,328,27.2,31.79,22.89,63.09,0.64,5.96,4.85,48.01,0.37
2018,329,27.38,31.65,23.86,68.65,0.36,3.85,3.14,82.77,0.37
2018,330,26.86,31.32,23.88,70.7,0.45,2.98,2.44,77.73,0.37
2018,331,27.36,32.37,23.26,66.01,0.09,3.42,2.8,36.83,0.37
2018,332,28.05,33.01,24.64,62.96,0.01,3.4,2.74,16.19,0.37
2018,333,26.11,30.17,22.77,69.77,1.4,5.28,4.24,78.33,0.37
2018,334,25.53,31.0,21.24,55.89,0.28,9.47,7.51,43.15,0.37
2018,335,26.41,33.65,19.42,47.64,0.0,8.58,6.74,17.44,0.37
2018,336,26.93,33.08,22.07,55.69,0.0,5.1,4.08,26.13,0.37
2018,337,26.24,30.8,22.82,66.44,0.01,4.92,3.97,27.65,0.37
2018,338,26.51,31.6,22.14,63.4,0.0,4.36,3.53,36.69,0.37
2018,339,27.39,32.25,24.11,68.64,0.01,3.79,3.1,45.37,0.37
2018,340,29.8,35.14,24.29,59.55,0.1,4.38,3.47,58.58,0.37
2018,341,30.25,36.02,27.09,57.66,1.52,4.76,3.73,43.13,0.37
2018,342,29.05,33.92,25.22,64.58,0.07,4.39,3.55,30.99,0.37
2018,343,28.93,33.71,26.09,64.83,0.03,3.48,2.86,53.69,0.37
2018,344,29.1,34.72,24.91,58.35,0.04,4.37,3.54,42.66,0.37
2018,345,28.42,32.02,25.46,61.65,0.22,3.65,2.98,83.84,0.37
2018,346,28.56,32.69,25.59,66.04,1.95,4.77,3.83,48.88,0.37
2018,347,28.26,32.12,25.62,69.52,4.79,3.74,3.04,64.21,0.37
2018,348,29.01,34.17,24.89,66.69,1.86,6.77,5.4,34.76,0.38
2018,349,30.39,36.37,25.64,59.91,1.17,3.97,3.16,41.75,0.37
2018,350,29.26,33.82,25.3,65.08,3.65,4.07,3.26,80.33,0.38
2018,351,29.37,33.38,26.2,65.76,2.6,3.14,2.48,51.58,0.38
2018,352,28.61,32.59,25.73,66.36,4.54,3.49,2.79,62.79,0.38
2018,353,29.08,33.83,25.79,64.46,3.23,4.06,3.26,44.09,0.38
2018,354,29.01,33.09,26.06,67.58,4.02,3.07,2.48,19.71,0.39
2018,355,28.26,32.05,25.14,68.72,1.7,5.85,4.71,18.38,0.39
2018,356,27.22,31.95,23.5,63.44,0.02,7.91,6.3,40.22,0.38
2018,357,26.25,31.21,21.55,56.68,0.0,7.66,6.13,18.58,0.38
2018,358,26.55,31.78,22.28,59.07,0.0,7.12,5.71,22.73,0.38
2018,359,26.1,30.74,22.23,63.03,0.0,4.86,3.95,35.14,0.38
2018,360,26.69,31.4,22.87,63.2,0.0,3.91,3.16,16.84,0.38
2018,361,27.54,33.01,23.3,61.25,0.0,4.09,3.31,18.37,0.37
2018,362,27.72,31.91,24.36,66.32,0.05,4.63,3.73,29.89,0.37
2018,363,28.64,33.16,24.42,66.94,0.32,6.07,4.86,30.36,0.37
2018,364,29.75,35.43,24.73,63.93,0.09,6.5,5.16,17.92,0.37
2018,365,29.63,34.51,26.16,67.9,2.92,4.28,3.44,37.08,0.37
2019,1,29.01,33.64,25.94,73.35,1.83,4.0,3.22,50.2,0.38
2019,2,28.75,33.2,25.71,71.89,0.73,4.05,3.28,40.8,0.38
2019,3,27.14,30.64,25.07,71.74,0.28,3.18,2.61,58.14,0.38
2019,4,27.57,31.88,24.87,67.77,0.11,3.27,2.67,79.53,0.38
2019,5,27.83,32.7,24.68,67.99,1.84,3.59,2.92,62.18,0.38
2019,6,28.16,33.0,24.87,68.25,1.03,3.93,3.18,68.33,0.38
2019,7,28.25,32.57,25.53,68.44,1.73,3.37,2.74,72.18,0.38
2019,8,29.0,33.5,25.46,66.14,0.07,3.46,2.79,34.92,0.38
2019,9,28.87,32.87,26.33,72.56,4.49,4.22,3.4,90.77,0.38
2019,10,27.8,30.91,25.81,79.02,2.82,2.8,2.32,98.46,0.38
2019,11,27.52,31.22,25.59,80.65,9.14,5.22,4.17,98.16,0.39
2019,12,27.52,31.06,25.49,81.88,3.92,5.19,4.12,99.24,0.4
2019,13,27.52,30.2,25.8,79.88,6.0,3.3,2.67,98.89,0.41
2019,14,29.25,34.21,25.45,70.1,0.19,3.03,2.42,92.99,0.41
2019,15,28.93,33.65,26.48,72.67,2.05,3.11,2.48,91.5,0.4
2019,16,28.36,32.92,24.84,74.21,11.65,3.49,2.8,81.7,0.42
2019,17,28.9,33.39,25.82,72.98,28.14,4.39,3.49,90.64,0.43
2019,18,28.57,32.65,25.54,74.46,19.63,3.12,2.49,91.76,0.49
2019,19,28.16,31.15,25.82,78.09,4.83,3.11,2.5,92.4,0.48
2019,20,27.88,30.61,25.63,76.99,6.23,3.9,3.13,99.33,0.48
2019,21,27.83,30.85,24.89,83.8,16.49,5.17,4.06,97.22,0.5
2019,22,28.53,32.87,25.63,80.25,3.64,7.04,5.44,93.36,0.5
2019,23,27.45,29.07,25.98,85.49,42.43,9.11,7.02,99.73,0.53
2019,24,27.83,28.97,26.92,85.34,11.78,10.41,8.0,98.85,0.57
2019,25,26.9,28.06,25.81,87.86,4.58,7.36,5.72,81.89,0.57
2019,26,26.48,29.51,23.83,79.98,0.29,5.02,4.02,39.56,0.56
2019,27,25.88,29.72,22.77,76.6,0.33,6.64,5.27,50.59,0.54
2019,28,25.5,30.08,22.14,72.87,0.17,8.71,6.82,26.48,0.53
2019,29,26.24,30.77,21.28,69.77,0.01,5.38,4.26,40.3,0.52
2019,30,27.75,32.11,22.96,68.11,0.05,4.05,3.2,43.92,0.51
2019,31,27.98,32.38,23.93,67.97,2.33,4.31,3.42,21.5,0.5
2019,32,28.08,32.01,24.44,71.61,2.4,3.43,2.73,17.81,0.5
2019,33,28.26,31.91,24.63,72.91,0.35,3.33,2.66,12.22,0.5
2019,34,28.46,32.98,24.39,68.47,0.04,3.74,2.97,12.87,0.49
2019,35,27.45,31.81,23.6,73.6,0.11,3.54,2.81,14.15,0.48
2019,36,27.54,31.53,24.45,75.02,0.04,3.21,2.55,17.21,0.48
2019,37,27.07,30.37,24.69,75.7,0.08,3.62,2.91,34.16,0.47
2019,38,26.6,30.3,23.75,75.97,0.44,5.47,4.36,46.03,0.47
2019,39,26.57,32.5,22.33,64.7,0.04,7.96,6.25,24.7,0.46
2019,40,27.03,32.77,21.71,62.69,0.01,5.81,4.6,20.63,0.46
2019,41,27.6,32.11,23.77,72.55,1.24,4.58,3.65,16.15,0.45
2019,42,27.37,31.22,24.82,73.75,0.39,3.74,3.0,17.42,0.45
2019,43,27.59,32.53,23.56,70.42,0.09,3.29,2.62,12.12,0.45
2019,44,28.38,33.49,24.11,67.63,0.0,3.64,2.89,13.07,0.44
2019,45,28.26,33.58,24.44,66.46,0.21,4.04,3.21,60.31,0.44
2019,46,27.99,32.51,24.74,71.19,0.45,3.58,2.89,50.19,0.44
2019,47,28.7,34.02,24.75,69.96,0.84,3.72,2.96,42.92,0.43
2019,48,28.92,33.45,25.2,73.52,5.22,4.44,3.5,63.2,0.43
2019,49,27.58,30.27,25.61,83.68,20.38,5.32,4.18,98.75,0.46
2019,50,26.64,28.42,25.31,81.64,21.54,2.91,2.34,95.81,0.49
2019,51,26.27,29.46,24.44,83.58,8.95,5.97,4.68,57.81,0.52
2019,52,25.94,29.25,23.47,74.6,0.21,4.18,3.33,29.52,0.51
2019,53,26.55,30.78,22.44,72.76,0.19,5.38,4.28,19.31,0.49
2019,54,27.52,32.31,23.33,71.77,0.5,5.42,4.33,37.26,0.49
2019,55,27.39,30.96,23.81,77.03,0.47,3.77,3.06,41.55,0.48
2019,56,27.83,31.55,24.75,75.98,0.25,3.3,2.65,23.39,0.47
2019,57,28.02,31.45,25.58,77.23,0.52,3.52,2.82,41.45,0.47
2019,58,28.82,33.49,25.81,73.26,0.42,3.07,2.45,47.74,0.46
2019,59,29.55,34.11,25.94,74.49,0.18,3.02,2.42,83.58,0.46
2019,60,29.2,32.83,26.51,74.28,0.17,3.01,2.42,85.34,0.46
2019,61,28.79,33.72,24.87,71.92,0.94,3.18,2.55,74.94,0.46
2019,62,27.89,30.2,26.56,80.85,3.93,3.19,2.53,53.7,0.46
2019,63,28.58,32.99,25.71,74.48,2.7,3.2,2.54,62.22,0.46
2019,64,29.02,33.36,25.21,70.23,0.23,4.6,3.67,69.63,0.46
2019,65,29.3,34.65,25.16,66.44,0.01,7.51,5.84,22.16,0.45
2019,66,28.4,34.03,23.44,67.53,0.58,5.86,4.63,14.77,0.45
2019,67,28.19,32.65,24.3,69.96,0.72,3.94,3.14,18.51,0.44
2019,68,27.9,33.09,23.5,68.83,0.65,3.73,2.99,33.04,0.44
2019,69,29.06,34.66,24.17,66.49,0.55,5.12,4.05,69.73,0.44
2019,70,29.07,33.85,25.3,63.47,0.68,5.97,4.7,91.76,0.43
2019,71,28.74,33.77,24.57,68.67,0.7,4.56,3.58,85.42,0.43
2019,72,29.06,34.11,24.88,69.09,0.6,3.74,2.97,75.84,0.43
2019,73,29.26,34.24,25.57,67.92,0.9,4.11,3.25,67.74,0.42
2019,74,28.42,34.09,24.15,61.51,0.03,5.44,4.32,53.93,0.42
2019,75,27.28,33.52,22.29,63.32,0.0,5.23,4.2,83.6,0.42
2019,76,25.99,29.84,22.76,74.1,0.01,3.54,2.81,89.27,0.42
2019,77,26.3,29.25,24.47,75.01,0.01,2.65,2.08,96.38,0.41
2019,78,27.34,32.18,23.28,69.08,0.12,3.24,2.57,71.95,0.41
2019,79,27.45,32.52,24.42,73.23,3.14,2.69,2.19,96.09,0.41
2019,80,27.36,30.55,25.3,68.19,0.69,4.3,3.41,99.45,0.42
2019,81,27.23,31.36,23.86,73.92,17.29,5.01,4.01,86.77,0.43
2019,82,27.86,32.76,24.02,75.76,8.62,5.37,4.22,26.61,0.45
2019,83,29.04,34.11,24.82,67.77,1.84,4.18,3.24,16.66,0.45
2019,84,28.16,32.35,25.18,75.28,5.39,4.22,3.35,13.76,0.44
2019,85,26.85,30.26,24.74,81.92,5.57,3.7,2.95,22.28,0.45
2019,86,27.15,31.39,24.08,76.45,0.67,5.56,4.4,33.88,0.45
2019,87,28.05,33.12,23.94,71.25,0.4,6.38,5.0,21.19,0.44
2019,88,27.76,32.43,24.01,70.84,0.28,4.9,3.9,13.61,0.44
2019,89,26.14,30.26,23.59,74.76,0.31,5.22,4.2,21.95,0.44
2019,90,24.94,29.41,21.92,68.35,0.22,4.85,3.9,30.23,0.43
2019,91,24.76,30.33,20.06,69.54,0.0,4.25,3.42,19.09,0.43
2019,92,25.53,30.82,21.21,72.7,0.0,5.28,4.22,16.57,0.43
2019,93,26.09,31.5,21.82,72.02,0.0,5.53,4.42,15.97,0.42
2019,94,27.12,32.15,22.85,71.55,0.0,3.72,2.94,18.74,0.42
2019,95,27.55,32.39,24.22,74.54,0.0,3.1,2.43,39.63,0.42
2019,96,28.46,34.16,24.42,72.53,1.0,3.22,2.55,31.68,0.41
2019,97,28.69,33.74,24.66,66.86,1.48,3.81,2.99,21.26,0.42
2019,98,28.31,33.34,24.56,69.02,0.23,3.36,2.66,21.26,0.41
2019,99,26.79,31.47,23.41,75.65,0.16,3.26,2.6,66.37,0.41
2019,100,27.11,31.7,23.79,73.72,0.11,4.07,3.26,53.24,0.41
2019,101,26.51,30.75,23.42,75.1,0.02,4.8,3.85,52.14,0.41
2019,102,26.42,31.05,22.95,73.91,0.0,5.07,4.06,56.78,0.41
2019,103,25.63,29.68,23.35,75.23,0.02,4.72,3.81,91.01,0.4
2019,104,25.81,31.37,22.03,71.11,0.0,5.1,4.09,30.18,0.4
2019,105,26.14,32.06,21.97,72.13,0.0,4.08,3.26,26.49,0.4
2019,106,26.5,31.32,23.27,73.35,0.45,3.24,2.59,27.8,0.4
2019,107,25.99,30.84,22.71,71.94,6.57,5.54,4.36,76.89,0.41
2019,108,25.71,30.4,22.53,71.24,0.48,7.85,6.11,67.22,0.41
2019,109,25.22,30.47,22.12,73.05,1.89,8.78,6.81,32.46,0.41
2019,110,26.08,31.86,22.0,68.13,0.51,8.55,6.57,10.84,0.41
2019,111,25.82,31.73,21.66,73.83,0.07,4.09,3.21,15.29,0.4
2019,112,26.56,31.88,22.14,71.75,0.02,3.45,2.65,15.03,0.4
2019,113,27.53,33.02,22.66,70.29,0.02,4.67,3.62,14.18,0.4
2019,114,28.43,34.1,22.93,64.37,0.05,4.55,3.5,14.76,0.4
2019,115,28.16,33.78,24.58,71.11,0.17,4.36,3.42,14.63,0.4
2019,116,26.94,31.02,24.77,73.56,1.92,3.95,3.13,60.17,0.4
2019,117,25.63,28.94,22.98,76.08,3.78,3.36,2.7,48.92,0.4
2019,118,25.06,29.43,21.97,69.63,0.2,6.31,4.98,22.69,0.4
2019,119,25.27,31.35,20.33,61.2,0.02,7.75,6.02,13.76,0.4
2019,120,25.37,32.09,19.27,58.06,0.0,4.39,3.41,14.99,0.4
2019,121,25.53,31.69,20.41,59.23,0.0,4.06,3.19,16.86,0.4
2019,122,25.95,32.01,21.32,58.87,0.0,3.31,2.57,16.02,0.39
2019,123,25.9,31.82,21.51,66.04,0.01,3.48,2.73,17.4,0.39
2019,124,25.86,31.55,21.56,68.27,0.02,3.74,2.93,15.1,0.39
2019,125,25.78,31.3,21.59,71.52,0.07,5.41,4.3,13.75,0.39
2019,126,25.63,31.64,21.4,66.82,0.0,5.02,3.97,11.36,0.39
2019,127,25.19,31.16,20.27,68.96,0.01,7.79,6.07,11.45,0.39
2019,128,26.25,32.38,20.78,63.39,0.0,7.08,5.42,17.81,0.39
2019,129,26.46,32.75,22.11,65.95,0.03,5.02,3.93,26.05,0.39
2019,130,25.16,29.54,22.3,72.37,0.05,3.93,3.11,22.85,0.39
2019,131,23.0,26.55,20.07,72.73,0.65,4.98,4.0,38.84,0.39
2019,132,21.88,25.95,18.73,72.43,1.26,4.22,3.39,46.42,0.39
2019,133,22.45,27.63,17.62,67.55,0.35,4.89,3.93,19.54,0.39
2019,134,23.44,29.73,17.86,67.48,0.02,6.77,5.35,15.39,0.39
2019,135,24.26,30.29,19.55,68.53,0.2,7.58,5.94,12.97,0.39
2019,136,25.28,31.19,19.98,63.73,0.0,3.58,2.85,22.72,0.39
2019,137,25.81,30.67,22.51,64.76,0.09,3.68,2.92,45.88,0.39
2019,138,26.15,31.07,22.06,66.1,0.3,3.72,2.94,51.59,0.39
2019,139,26.1,30.49,22.57,65.9,2.03,5.2,4.13,79.7,0.39
2019,140,25.03,28.5,22.51,65.41,0.66,2.8,2.24,80.26,0.39
2019,141,23.77,27.9,20.65,75.16,2.8,4.7,3.72,39.88,0.39
2019,142,23.8,28.69,19.93,71.53,0.34,3.83,3.04,15.66,0.39
2019,143,24.11,29.17,20.61,70.63,0.15,6.72,5.33,18.88,0.39
2019,144,23.48,29.15,19.24,66.2,0.05,8.08,6.34,15.07,0.39
2019,145,23.26,29.64,18.4,60.08,0.01,7.81,6.13,14.4,0.39
2019,146,22.95,29.85,17.39,59.14,0.0,7.16,5.63,13.62,0.39
2019,147,23.34,29.7,17.92,59.57,0.0,6.72,5.28,19.32,0.39
2019,148,24.03,30.12,18.83,56.53,0.0,4.57,3.59,14.95,0.39
2019,149,24.34,30.78,20.03,67.11,0.63,4.53,3.53,75.11,0.39
2019,150,22.75,26.17,20.75,78.35,3.18,3.31,2.6,72.23,0.39
2019,151,21.92,25.18,19.58,75.48,0.56,3.8,3.06,40.27,0.39
2019,152,22.81,26.95,19.3,74.29,0.16,6.83,5.4,21.86,0.39
2019,153,24.49,29.87,20.41,65.52,0.35,7.57,5.85,62.09,0.39
2019,154,23.59,28.86,20.18,71.49,9.33,4.64,3.72,77.11,0.39
2019,155,23.23,27.83,20.42,73.17,4.47,5.14,3.97,49.98,0.41
2019,156,23.71,28.59,19.94,68.52,0.0,3.66,2.88,16.93,0.41
2019,157,24.01,29.64,20.0,66.12,0.0,3.91,3.03,18.1,0.41
2019,158,23.43,28.76,19.0,69.87,0.0,4.14,3.26,16.58,0.4
2019,159,23.52,28.57,20.06,72.52,0.0,5.01,3.96,28.44,0.4
2019,160,22.52,26.71,19.82,70.37,0.01,8.92,6.98,28.62,0.4
2019,161,23.08,29.17,18.44,67.43,0.05,7.44,5.75,16.11,0.4
2019,162,22.03,26.81,18.08,65.89,0.0,4.19,3.3,17.87,0.4
2019,163,21.83,27.92,17.43,57.88,0.0,4.15,3.22,18.42,0.4
2019,164,21.63,26.9,17.67,64.43,0.0,3.8,2.98,20.17,0.39
2019,165,20.9,26.06,16.98,72.33,0.24,5.98,4.74,22.59,0.39
2019,166,21.32,27.11,17.07,71.01,0.1,7.5,5.89,20.87,0.39
2019,167,21.28,27.92,16.09,66.68,0.04,5.86,4.64,16.65,0.39
2019,168,22.0,28.39,16.99,63.23,0.01,4.49,3.47,15.85,0.39
2019,169,21.04,26.3,16.71,73.07,0.02,4.18,3.3,22.66,0.39
2019,170,20.26,23.29,18.48,80.15,4.44,4.23,3.35,58.33,0.39
2019,171,21.8,27.57,17.68,68.56,0.53,7.79,6.04,51.79,0.4
2019,172,22.38,28.84,17.56,66.74,0.0,8.14,6.31,26.91,0.4
2019,173,22.74,28.81,17.57,67.18,0.0,4.49,3.48,34.51,0.39
2019,174,23.74,28.84,19.31,66.71,0.0,3.62,2.88,16.54,0.39
2019,175,22.71,27.0,19.74,77.35,0.82,3.21,2.51,18.02,0.39
2019,176,21.51,24.85,19.02,77.22,1.34,4.72,3.75,29.54,0.39
2019,177,21.95,27.32,17.68,71.47,0.09,6.78,5.35,17.07,0.39
2019,178,23.22,28.83,18.33,68.59,0.04,6.75,5.28,12.03,0.39
2019,179,24.51,30.36,19.37,70.99,2.05,3.79,3.0,20.87,0.39
2019,180,25.17,30.32,22.14,71.54,0.38,3.77,2.97,18.21,0.39
2019,181,25.28,30.23,21.78,72.93,0.27,3.01,2.3,26.63,0.39
2019,182,25.01,31.12,20.9,65.81,0.01,3.61,2.77,36.23,0.39
2019,183,23.73,29.22,19.21,67.98,0.69,3.91,3.07,50.53,0.39
2019,184,22.36,26.18,18.67,78.72,1.57,5.44,4.32,32.68,0.39
2019,185,21.23,26.91,16.66,68.94,0.1,6.15,4.87,18.67,0.39
2019,186,21.7,27.24,17.04,72.25,0.0,4.55,3.63,17.85,0.39
2019,187,21.54,26.84,17.49,76.2,0.0,4.3,3.45,22.07,0.39
2019,188,21.19,25.4,18.82,73.77,0.0,2.97,2.38,25.38,0.39
2019,189,20.74,25.57,17.21,74.27,0.0,3.18,2.54,22.4,0.39
2019,190,20.94,26.31,16.84,72.69,0.0,5.67,4.51,19.26,0.39
2019,191,20.67,24.81,17.64,78.04,1.04,4.9,3.92,39.73,0.39
2019,192,20.96,25.65,17.61,75.05,0.31,5.46,4.33,28.87,0.39
2019,193,21.35,27.49,17.09,64.24,0.09,5.95,4.7,26.08,0.39
2019,194,20.95,27.98,15.28,60.44,0.01,5.22,4.11,18.0,0.39
2019,195,20.98,27.91,15.3,65.38,0.06,6.17,4.89,17.22,0.38
2019,196,21.7,28.15,15.83,58.26,0.04,4.5,3.52,18.81,0.38
2019,197,23.03,28.99,17.68,63.41,0.17,4.95,3.87,22.29,0.38
2019,198,23.09,28.85,18.19,58.4,0.07,4.37,3.46,24.68,0.38
2019,199,22.67,28.09,18.04,59.82,0.03,4.42,3.54,28.49,0.38
2019,200,21.82,27.21,17.52,60.96,0.05,3.63,2.89,18.98,0.38
2019,201,21.69,26.86,16.54,64.43,0.06,5.0,3.92,20.55,0.38
2019,202,20.34,22.38,16.88,67.48,4.01,8.82,6.95,64.98,0.39
2019,203,18.42,22.67,15.72,57.84,0.01,7.17,5.72,46.44,0.39
2019,204,19.68,26.87,13.63,58.05,0.0,6.61,5.2,19.59,0.39
2019,205,20.33,27.01,15.05,63.59,0.0,4.54,3.59,18.95,0.38
2019,206,20.96,27.73,15.6,64.79,0.02,5.51,4.3,4.56,0.38
2019,207,21.14,27.16,15.73,61.1,0.0,5.02,3.97,3.57,0.38
2019,208,21.74,28.19,15.81,60.4,0.0,7.62,5.98,7.16,0.38
2019,209,21.55,27.8,16.01,63.17,0.0,4.42,3.52,18.77,0.38
2019,210,22.08,28.7,16.91,64.15,0.0,3.42,2.7,18.84,0.38
2019,211,23.3,30.57,17.63,62.22,0.0,2.92,2.22,17.09,0.38
2019,212,24.38,31.03,19.76,68.31,0.0,4.07,3.21,15.76,0.38
2019,213,25.31,31.21,20.32,58.1,0.0,4.06,3.19,32.15,0.38
2019,214,25.22,32.04,19.75,60.86,0.0,4.74,3.72,29.96,0.38
2019,215,24.72,30.54,20.35,65.68,0.0,3.05,2.39,18.03,0.38
2019,216,23.87,29.05,20.22,77.63,0.0,2.84,2.22,26.89,0.38
2019,217,23.57,29.31,19.24,71.79,0.0,3.89,3.08,20.64,0.38
2019,218,24.54,33.47,18.65,55.63,0.0,3.73,2.86,16.71,0.38
2019,219,24.84,33.25,18.79,44.07,0.0,4.11,3.15,17.59,0.38
2019,220,23.17,29.31,18.11,62.42,0.0,4.68,3.69,19.7,0.38
2019,221,23.24,29.36,18.29,68.4,0.01,4.55,3.59,17.45,0.37
2019,222,23.66,29.35,19.32,67.3,0.02,7.24,5.7,12.95,0.37
2019,223,23.16,29.59,18.08,64.98,0.0,4.58,3.65,17.93,0.37
2019,224,23.03,28.68,19.22,71.9,0.02,3.56,2.78,25.5,0.37
2019,225,23.51,28.87,18.5,66.33,0.02,4.7,3.71,17.01,0.37
2019,226,24.04,30.88,18.64,61.81,0.01,4.82,3.8,17.64,0.37
2019,227,23.27,28.36,19.81,69.24,0.11,7.94,6.28,20.52,0.37
2019,228,22.91,29.37,17.88,63.53,0.04,6.29,5.02,18.05,0.37
2019,229,21.95,27.71,18.4,62.5,0.01,5.38,4.36,21.54,0.37
2019,230,22.01,27.64,17.63,65.17,0.08,7.3,5.84,28.19,0.37
2019,231,23.09,29.45,17.17,59.58,0.01,5.48,4.36,16.41,0.37
2019,232,23.17,28.2,19.47,66.64,0.6,6.18,4.94,23.68,0.37
2019,233,21.96,26.82,18.05,62.43,1.31,8.08,6.44,35.65,0.37
2019,234,21.6,28.87,15.4,58.12,0.0,9.05,7.14,15.71,0.37
2019,235,22.5,30.03,15.7,55.14,0.0,5.95,4.74,17.75,0.37
2019,236,23.23,30.27,16.88,59.51,0.08,7.02,5.57,15.43,0.37
2019,237,23.2,29.8,17.42,61.56,0.03,4.77,3.84,17.17,0.37
2019,238,22.95,28.33,18.59,66.2,0.02,3.85,3.08,18.15,0.37
2019,239,23.04,30.07,17.78,63.38,0.14,3.22,2.57,17.3,0.37
2019,240,22.62,29.46,18.15,68.44,0.12,3.21,2.61,16.03,0.37
2019,241,22.55,28.61,17.35,64.4,0.01,4.83,3.86,17.1,0.37
2019,242,24.25,31.11,18.95,57.92,0.0,4.16,3.3,16.8,0.37
2019,243,24.58,31.8,19.23,55.21,0.0,3.15,2.45,16.05,0.37
2019,244,24.71,29.87,20.6,61.91,0.0,3.82,3.02,24.82,0.37
2019,245,23.78,29.53,19.46,62.16,0.0,6.76,5.43,24.39,0.37
2019,246,22.99,29.0,18.2,60.38,0.01,7.81,6.27,19.11,0.37
2019,247,23.23,29.72,18.2,65.0,0.0,6.13,4.97,14.66,0.37
2019,248,24.05,30.07,19.42,67.78,0.03,5.15,4.15,16.41,0.37
2019,249,22.86,27.96,18.97,68.81,0.5,9.14,7.25,26.32,0.37
2019,250,19.66,23.74,17.0,58.34,0.15,11.91,9.38,61.8,0.37
2019,251,20.32,25.6,16.73,64.53,0.92,8.72,6.92,95.75,0.37
2019,252,22.68,27.78,20.23,66.8,1.74,5.88,4.71,95.46,0.37
2019,253,22.82,26.94,20.49,72.28,0.22,3.54,2.88,48.79,0.37
2019,254,22.95,28.58,19.63,69.08,0.01,3.57,2.87,20.19,0.37
2019,255,23.11,29.1,17.62,63.76,0.0,3.14,2.5,15.54,0.37
2019,256,24.38,31.32,19.1,62.88,0.05,3.18,2.44,15.49,0.37
2019,257,24.37,31.23,19.42,57.57,0.05,3.82,2.95,14.03,0.37
2019,258,23.7,29.92,18.84,59.18,0.01,5.41,4.3,13.81,0.37
2019,259,23.48,29.38,19.27,62.89,0.06,8.11,6.48,14.57,0.37
2019,260,23.75,30.14,18.69,60.92,0.02,8.57,6.81,14.27,0.37
2019,261,24.86,31.74,19.25,60.69,0.01,5.6,4.5,14.11,0.37
2019,262,24.44,31.42,18.8,62.2,0.37,7.19,5.72,14.45,0.37
2019,263,24.44,30.46,19.16,58.15,0.07,8.39,6.64,12.63,0.37
2019,264,25.68,33.25,19.32,56.1,0.11,4.42,3.54,14.47,0.37
2019,265,25.81,32.82,21.48,61.97,0.98,5.06,4.0,19.75,0.37
2019,266,25.59,32.15,20.97,62.38,0.39,4.35,3.46,22.12,0.37
2019,267,24.63,29.45,21.47,70.39,0.23,6.47,5.22,27.34,0.37
2019,268,22.35,26.11,19.72,70.82,0.37,8.03,6.46,56.17,0.37
2019,269,21.88,26.53,18.43,68.21,0.65,9.15,7.29,71.19,0.37
2019,270,24.97,31.33,19.96,67.16,5.16,5.84,4.66,35.06,0.37
2019,271,23.1,26.26,20.37,75.36,10.68,4.15,3.38,54.55,0.4
2019,272,22.62,27.12,19.89,67.52,0.03,2.96,2.44,13.73,0.39
2019,273,23.35,29.24,18.56,65.34,0.0,3.77,3.0,13.7,0.39
2019,274,24.06,29.89,19.24,65.57,0.0,4.27,3.4,22.03,0.39
2019,275,24.37,29.64,20.54,70.99,0.14,7.17,5.74,96.1,0.38
2019,276,25.18,30.27,20.77,69.99,0.04,6.58,5.29,33.26,0.38
2019,277,24.41,29.36,20.85,73.91,0.06,3.94,3.19,13.9,0.38
2019,278,23.98,28.86,21.23,66.53,0.09,2.81,2.33,19.17,0.38
2019,279,26.44,33.84,20.49,64.32,0.01,3.79,2.96,32.08,0.38
2019,280,27.55,34.08,23.15,58.64,0.01,4.28,3.39,38.75,0.37
2019,281,27.34,33.49,22.83,58.88,0.02,3.57,2.81,50.03,0.37
2019,282,27.69,33.08,23.48,58.83,0.07,3.3,2.56,41.37,0.37
2019,283,27.99,33.22,24.5,57.81,0.02,4.52,3.55,14.4,0.37
2019,284,26.55,31.39,22.58,64.93,0.08,5.7,4.57,37.24,0.37
2019,285,26.18,30.95,22.34,68.51,0.1,6.55,5.31,49.03,0.37
2019,286,27.02,33.91,22.09,65.3,0.05,6.14,4.93,23.89,0.37
2019,287,26.26,31.05,22.7,69.54,0.19,6.44,5.22,23.49,0.37
2019,288,27.6,32.47,22.53,61.7,0.61,5.91,4.68,30.38,0.37
2019,289,28.18,33.47,23.19,51.71,0.05,7.41,5.85,12.51,0.37
2019,290,28.74,34.62,22.78,49.89,0.01,6.36,5.0,10.41,0.37
2019,291,27.2,33.62,21.8,49.36,0.01,5.55,4.47,12.84,0.37
2019,292,27.06,33.14,22.32,54.15,0.03,4.08,3.29,14.28,0.37
2019,293,27.13,33.41,22.4,59.19,0.01,3.41,2.75,22.92,0.36
2019,294,27.38,34.53,22.7,57.05,0.01,3.1,2.51,15.34,0.36
2019,295,27.0,31.73,22.8,64.75,0.04,4.82,3.87,15.29,0.36
2019,296,28.93,35.54,23.29,55.82,0.0,4.93,3.88,12.63,0.36
2019,297,29.41,34.59,25.52,55.92,0.0,4.52,3.55,18.0,0.36
2019,298,29.58,35.69,24.76,52.61,0.0,3.74,2.94,12.29,0.36
2019,299,30.6,36.75,25.15,48.38,0.0,5.25,4.09,15.12,0.36
2019,300,30.52,38.67,25.37,54.44,0.0,4.4,3.48,17.43,0.36
2019,301,29.71,35.68,25.39,63.55,0.48,4.79,3.82,27.89,0.36
2019,302,28.61,33.82,25.83,68.08,3.99,5.38,4.3,65.55,0.36
2019,303,28.44,32.91,25.28,69.84,3.23,4.68,3.8,35.29,0.37
2019,304,28.41,33.87,23.51,60.2,0.07,8.77,6.96,63.09,0.37
2019,305,25.98,32.37,21.41,49.48,0.0,11.09,8.75,22.01,0.37
2019,306,25.62,32.29,19.27,51.81,0.0,7.8,6.24,19.45,0.37
2019,307,26.61,32.05,22.4,56.13,0.0,5.53,4.46,36.69,0.37
2019,308,26.58,31.99,22.0,63.74,0.04,4.8,3.87,34.64,0.37
2019,309,27.89,34.09,22.15,58.74,0.13,7.32,5.84,18.59,0.37
2019,310,28.91,34.72,22.6,55.57,0.0,5.5,4.36,14.68,0.37
2019,311,29.06,35.06,24.44,57.47,0.18,3.86,3.04,25.18,0.37
2019,312,28.92,34.66,24.25,58.65,0.1,3.45,2.71,32.07,0.37
2019,313,27.97,33.44,23.36,58.0,0.53,6.56,5.25,33.5,0.37
2019,314,27.78,33.3,23.23,59.65,0.06,7.42,5.96,31.28,0.37
2019,315,27.66,33.18,22.4,58.14,0.0,6.97,5.61,40.56,0.36
2019,316,28.5,34.73,23.4,58.15,0.0,7.38,5.88,34.34,0.36
2019,317,28.5,34.36,24.23,60.94,0.01,4.92,3.93,44.26,0.36
2019,318,27.43,32.7,24.29,68.72,0.15,4.16,3.39,94.87,0.36
2019,319,28.44,34.65,24.87,63.7,4.75,5.24,4.15,96.12,0.36
2019,320,26.52,30.29,24.45,75.31,20.56,8.44,6.66,87.05,0.4
2019,321,25.97,28.58,24.0,75.31,8.44,7.39,5.87,36.29,0.42
2019,322,26.15,30.25,22.96,71.19,1.14,3.56,2.86,23.44,0.41
2019,323,27.27,32.78,22.76,66.57,0.0,3.45,2.76,13.81,0.41
2019,324,27.52,32.0,24.05,66.88,0.19,3.16,2.58,50.4,0.4
2019,325,28.0,33.44,24.01,65.19,0.97,4.6,3.72,61.72,0.4
2019,326,25.91,28.26,24.1,77.28,3.35,3.33,2.74,93.15,0.4
2019,327,27.6,33.12,22.57,61.62,0.41,5.19,4.19,30.28,0.4
2019,328,28.58,35.15,22.65,56.99,0.01,5.83,4.61,30.6,0.39
2019,329,28.94,35.22,24.43,59.18,0.55,4.53,3.61,39.61,0.39
2019,330,28.73,35.28,23.41,57.41,0.02,5.7,4.55,15.05,0.39
2019,331,28.12,34.87,22.56,57.61,0.0,7.43,5.93,14.89,0.38
2019,332,27.58,33.22,22.71,58.79,0.0,6.82,5.49,14.46,0.38
2019,333,29.14,36.44,21.75,51.88,0.0,7.34,5.8,15.57,0.38
2019,334,30.25,37.37,25.25,57.88,0.0,4.99,3.93,59.49,0.38
2019,335,29.8,34.82,26.19,62.21,0.0,4.04,3.27,21.25,0.38
2019,336,29.98,35.94,25.56,55.36,0.01,3.74,3.01,17.42,0.38
2019,337,29.74,35.99,25.22,55.83,0.01,4.18,3.34,12.15,0.38
2019,338,27.9,33.31,24.04,66.55,0.14,5.37,4.29,20.11,0.37
2019,339,27.72,32.51,23.77,59.93,0.12,9.51,7.54,36.49,0.37
2019,340,27.46,33.52,22.11,56.35,0.0,7.87,6.31,33.95,0.37
2019,341,26.03,29.1,22.77,68.65,0.58,5.67,4.61,44.94,0.37
2019,342,26.9,31.85,23.17,68.76,0.77,5.48,4.46,36.11,0.38
2019,343,28.92,34.69,23.77,60.66,0.21,6.47,5.19,62.7,0.37
2019,344,29.5,35.61,24.39,55.92,2.59,6.99,5.51,98.34,0.38
2019,345,28.33,32.86,25.09,70.78,15.81,6.17,4.91,53.24,0.39
2019,346,27.21,30.53,25.27,78.15,8.77,5.27,4.23,76.75,0.41
2019,347,26.44,27.87,24.85,83.12,82.04,3.69,2.95,87.1,0.52
2019,348,27.19,30.37,24.63,80.62,1.48,3.4,2.78,28.88,0.54
2019,349,26.96,29.77,24.83,79.73,0.57,3.3,2.68,24.03,0.52
2019,350,26.61,29.49,24.32,75.33,2.46,5.44,4.36,35.0,0.51
2019,351,25.73,30.4,21.48,72.28,1.07,8.9,7.03,53.05,0.5
2019,352,26.85,32.87,21.04,67.96,0.02,5.02,3.97,34.17,0.49
2019,353,28.27,33.61,24.2,71.46,0.39,4.15,3.27,25.67,0.48
2019,354,29.11,34.59,24.92,67.76,0.15,4.02,3.19,15.81,0.47
2019,355,29.25,35.08,24.08,60.1,0.01,4.33,3.38,12.46,0.46
2019,356,29.4,35.34,25.92,66.64,5.95,4.38,3.43,31.37,0.46
2019,357,28.13,31.17,26.28,74.58,10.13,3.25,2.56,54.13,0.48
2019,358,29.1,34.66,24.65,61.61,0.49,4.29,3.38,21.21,0.48
2019,359,30.38,35.82,26.32,65.73,3.15,3.92,3.07,22.35,0.47
2019,360,30.34,35.9,25.87,67.25,0.54,4.67,3.72,12.86,0.47
2019,361,30.74,35.75,26.89,66.59,0.43,4.35,3.46,21.93,0.46
2019,362,29.87,34.04,26.62,72.14,0.67,6.06,4.86,29.38,0.45
2019,363,30.44,35.88,25.9,68.09,0.27,4.81,3.87,23.89,0.45
2019,364,29.81,34.02,27.12,73.07,3.82,3.72,3.03,34.03,0.45
2019,365,29.1,32.53,26.74,75.04,3.56,3.8,3.07,26.6,0.45
2020,1,28.74,32.23,25.95,71.79,11.6,4.1,3.32,16.19,0.46
2020,2,29.32,34.56,24.6,67.07,0.78,5.1,4.09,13.59,0.46
2020,3,29.26,33.63,24.9,66.93,0.14,5.17,4.16,20.88,0.45
2020,4,29.54,34.17,25.13,67.29,2.89,5.4,4.33,54.14,0.45
2020,5,29.58,34.08,25.56,65.27,1.87,4.51,3.61,31.1,0.44
2020,6,29.83,34.37,26.02,66.42,2.34,3.65,2.92,35.54,0.44
2020,7,29.89,34.41,26.59,66.78,8.34,3.57,2.82,31.71,0.44
2020,8,29.72,34.38,26.07,67.75,0.9,3.76,3.03,30.63,0.45
2020,9,30.31,34.58,26.82,65.7,0.1,3.97,3.18,41.85,0.44
2020,10,30.06,34.29,27.35,66.44,0.26,4.04,3.25,44.66,0.44
2020,11,30.26,35.07,26.77,64.58,0.13,3.35,2.71,64.41,0.43
2020,12,30.25,35.23,26.2,62.34,0.37,4.02,3.23,36.2,0.43
2020,13,29.64,34.31,26.54,68.4,12.11,3.51,2.82,27.89,0.43
2020,14,29.24,33.28,26.37,71.67,5.09,3.48,2.81,36.93,0.44
2020,15,28.03,30.06,26.53,79.31,8.34,2.94,2.37,66.55,0.45
2020,16,27.92,31.03,25.97,79.34,19.79,3.12,2.53,99.0,0.48
2020,17,29.2,33.46,25.75,70.13,0.74,2.61,2.09,28.37,0.48
2020,18,29.02,32.78,26.04,71.63,1.13,2.8,2.27,25.23,0.47
2020,19,28.35,32.17,25.67,77.33,16.82,3.59,2.88,84.71,0.48
2020,20,27.14,31.47,23.0,75.43,17.82,6.24,4.96,97.77,0.51
2020,21,25.84,31.42,21.18,63.61,0.5,8.32,6.56,79.5,0.5
2020,22,26.52,32.16,21.4,65.78,0.17,7.57,5.98,43.15,0.49
2020,23,26.57,31.58,22.1,67.88,0.05,6.9,5.5,20.31,0.48
2020,24,27.03,32.29,22.79,65.04,0.64,7.75,6.1,19.89,0.47
2020,25,27.95,33.44,22.35,65.15,1.46,4.7,3.72,34.76,0.47
2020,26,27.97,33.17,22.95,66.4,0.62,4.95,3.92,60.11,0.46
2020,27,27.44,31.43,24.35,75.31,0.89,3.69,2.95,27.08,0.46
2020,28,27.45,31.53,24.74,75.08,0.14,4.39,3.53,31.02,0.45
2020,29,26.68,31.16,23.56,72.25,0.19,5.7,4.59,42.17,0.45
2020,30,27.9,33.67,22.78,66.53,0.01,7.26,5.75,20.79,0.44
2020,31,28.59,34.14,23.74,65.98,1.02,7.46,5.81,28.69,0.44
2020,32,29.04,33.56,25.17,68.96,2.03,4.05,3.2,28.75,0.44
2020,33,29.38,34.67,25.77,66.67,0.67,3.71,2.91,29.53,0.44
2020,34,29.32,35.27,24.39,59.14,0.1,4.27,3.38,28.73,0.43
2020,35,29.52,35.67,24.64,62.89,0.04,4.37,3.45,14.58,0.43
2020,36,29.37,34.13,25.74,68.45,0.09,3.93,3.09,34.5,0.42
2020,37,29.38,33.83,26.0,69.39,0.52,3.29,2.6,59.29,0.42
2020,38,29.35,33.83,26.12,68.1,0.3,3.13,2.51,14.8,0.42
2020,39,29.07,34.76,24.8,64.12,0.01,3.87,3.1,20.35,0.42
2020,40,29.09,34.78,24.53,66.76,0.02,3.49,2.8,13.78,0.41
2020,41,28.8,33.87,24.71,68.5,0.03,3.62,2.9,24.87,0.41
2020,42,29.35,34.58,24.61,62.42,0.01,4.59,3.63,15.8,0.41
2020,43,30.19,37.1,24.8,56.32,0.0,4.13,3.29,11.6,0.4
2020,44,30.39,36.61,25.09,60.35,0.03,4.46,3.52,32.04,0.4
2020,45,29.91,34.88,26.79,66.05,0.18,4.04,3.24,60.2,0.4
2020,46,29.32,33.88,25.7,65.83,0.32,3.65,2.96,27.36,0.4
2020,47,31.15,36.97,26.69,59.79,0.78,3.52,2.81,19.25,0.4
2020,48,30.84,35.68,27.12,59.66,4.09,4.59,3.61,52.01,0.4
2020,49,29.28,33.49,26.51,73.1,24.96,3.25,2.62,95.54,0.42
2020,50,28.87,32.08,26.94,76.9,12.36,2.51,2.03,44.99,0.46
2020,51,28.64,32.09,26.33,76.1,17.05,2.98,2.4,18.37,0.46
2020,52,28.55,31.93,26.01,79.24,34.68,3.61,2.91,33.06,0.5
2020,53,28.54,32.03,25.92,79.07,3.95,4.49,3.55,42.57,0.53
2020,54,27.99,30.68,26.35,78.08,0.45,5.14,4.03,66.02,0.51
2020,55,27.26,29.73,24.38,77.43,0.95,4.39,3.46,95.84,0.5
2020,56,26.04,30.85,22.78,68.44,0.33,7.7,6.08,43.16,0.49
2020,57,26.64,32.73,21.07,63.28,0.0,5.89,4.65,16.6,0.48
2020,58,27.71,33.31,22.56,67.56,0.05,3.99,3.15,22.49,0.47
2020,59,27.8,31.68,24.6,69.2,0.03,4.03,3.2,22.15,0.47
2020,60,26.91,31.59,23.24,70.81,0.25,7.21,5.68,42.73,0.46
2020,61,25.61,30.3,22.14,69.1,0.99,9.3,7.25,79.28,0.46
2020,62,25.89,31.7,21.14,65.8,0.2,8.25,6.45,25.07,0.45
2020,63,25.42,29.92,22.03,71.31,0.41,6.94,5.48,48.7,0.45
2020,64,26.97,32.44,22.81,69.7,0.19,8.6,6.67,36.15,0.45
2020,65,27.55,33.35,22.68,63.67,0.01,7.28,5.64,26.07,0.44
2020,66,27.84,34.05,22.5,65.95,0.01,7.37,5.71,28.19,0.44
2020,67,28.19,33.99,23.5,67.17,0.47,9.21,7.05,34.26,0.43
2020,68,29.15,35.78,23.38,62.24,0.09,6.43,4.9,25.62,0.43
2020,69,28.94,35.14,23.49,64.31,0.05,4.33,3.39,30.42,0.43
2020,70,29.22,35.28,24.55,64.49,0.03,4.24,3.31,13.7,0.42
2020,71,29.12,34.49,24.83,64.5,0.01,4.29,3.38,17.41,0.42
2020,72,29.06,34.36,25.02,65.64,0.28,3.56,2.83,14.42,0.42
2020,73,28.92,34.44,24.52,64.99,0.03,3.38,2.69,14.2,0.41
2020,74,28.92,34.67,24.35,61.86,0.01,3.92,3.12,12.31,0.41
2020,75,28.58,32.77,25.33,65.35,0.13,3.89,3.09,32.09,0.41
2020,76,28.05,32.96,24.18,68.58,0.2,5.02,3.98,20.16,0.41
2020,77,26.8,31.73,23.5,69.59,0.55,7.88,6.22,20.25,0.41
2020,78,25.95,31.96,21.87,63.74,0.24,8.03,6.32,37.82,0.4
2020,79,25.81,32.42,20.36,61.92,0.15,7.08,5.6,24.86,0.4
2020,80,25.82,29.67,22.12,70.51,1.49,4.37,3.46,62.5,0.4
2020,81,27.09,31.7,23.55,73.37,0.64,3.72,2.97,23.8,0.4
2020,82,28.25,33.61,24.3,70.01,1.09,3.48,2.73,29.64,0.4
2020,83,27.57,32.59,24.54,69.88,0.61,3.85,3.06,32.87,0.4
2020,84,28.14,33.55,24.48,67.54,0.76,3.58,2.85,24.13,0.4
2020,85,27.48,31.89,24.72,69.2,1.12,3.3,2.66,70.66,0.4
2020,86,26.92,31.15,23.89,74.49,0.59,3.13,2.5,22.86,0.4
2020,87,26.5,31.1,23.36,72.15,0.22,3.95,3.15,39.87,0.4
2020,88,26.64,31.05,23.58,72.92,2.8,5.29,4.26,37.44,0.4
2020,89,25.65,28.74,23.65,77.94,4.8,5.79,4.61,29.17,0.4
2020,90,25.22,29.36,22.48,75.65,6.33,6.2,4.92,27.17,0.41
2020,91,25.97,31.6,21.75,71.89,0.72,6.35,5.01,16.41,0.41
2020,92,26.4,32.25,22.03,71.45,0.02,5.78,4.59,18.49,0.41
2020,93,26.21,31.66,22.08,68.01,0.15,7.61,5.96,15.13,0.4
2020,94,25.15,31.21,20.63,61.22,0.01,9.44,7.29,24.43,0.4
2020,95,26.02,32.28,20.5,64.64,0.02,5.55,4.31,48.02,0.4
2020,96,25.97,31.82,22.21,64.99,34.2,4.13,3.23,62.85,0.41
2020,97,25.49,28.68,23.55,82.74,7.52,3.28,2.58,54.25,0.47
2020,98,25.3,29.19,22.71,77.94,0.22,3.94,3.1,23.33,0.46
2020,99,25.2,29.18,22.04,74.98,0.02,3.41,2.69,24.97,0.45
2020,100,25.12,29.9,21.91,73.82,0.07,8.11,6.33,50.23,0.45
2020,101,26.39,32.09,21.54,69.49,0.04,6.86,5.26,27.45,0.44
2020,102,27.18,32.82,23.03,68.49,0.01,4.02,3.12,34.06,0.43
2020,103,26.91,32.06,23.68,69.86,0.15,3.44,2.69,64.64,0.43
2020,104,26.54,31.04,23.2,73.34,0.04,3.1,2.51,27.85,0.43
2020,105,27.69,33.14,23.86,67.89,0.05,3.32,2.61,37.89,0.42
2020,106,28.29,34.04,24.36,65.38,0.21,3.51,2.72,20.83,0.42
2020,107,27.79,33.24,23.83,66.65,0.31,3.98,3.11,13.56,0.42
2020,108,27.37,32.76,24.12,66.26,0.33,4.1,3.22,19.39,0.42
2020,109,26.26,31.24,22.53,68.8,0.09,3.86,3.05,11.31,0.41
2020,110,27.25,33.13,22.27,61.6,0.01,5.1,3.92,11.24,0.41
2020,111,26.84,33.05,20.97,60.94,0.01,6.96,5.33,19.43,0.41
2020,112,25.43,29.07,22.08,66.19,3.67,3.74,2.91,60.41,0.41
2020,113,25.02,27.98,22.5,71.03,1.73,2.72,2.14,80.91,0.42
2020,114,25.91,30.11,22.25,68.19,0.93,3.68,2.91,30.52,0.41
2020,115,26.59,31.29,22.67,69.39,0.7,3.56,2.8,18.46,0.41
2020,116,26.05,30.73,22.42,73.61,0.5,4.69,3.74,14.58,0.41
2020,117,24.65,28.03,21.95,74.01,0.12,5.57,4.44,30.03,0.41
2020,118,23.88,29.34,19.66,62.89,0.0,6.96,5.5,16.73,0.41
2020,119,24.62,30.16,20.07,65.92,0.0,3.21,2.52,23.97,0.41
2020,120,25.47,30.06,22.6,74.31,0.0,3.6,2.84,51.6,0.4
2020,121,25.33,29.92,22.53,75.45,0.0,2.91,2.31,37.82,0.4
2020,122,24.63,29.18,21.65,74.57,0.01,3.48,2.8,16.25,0.4
2020,123,23.86,28.48,20.17,75.49,0.0,4.54,3.61,19.96,0.4
2020,124,23.94,28.65,20.29,74.03,0.01,5.2,4.16,26.41,0.4
2020,125,24.56,30.18,20.29,66.83,0.0,6.71,5.3,16.47,0.4
2020,126,24.71,30.65,20.37,67.17,0.0,7.12,5.62,32.12,0.39
2020,127,24.31,29.97,20.57,69.55,0.02,6.91,5.48,32.29,0.39
2020,128,22.65,27.29,19.13,72.7,0.32,5.28,4.22,18.82,0.39
2020,129,23.2,29.04,18.57,69.11,0.1,7.13,5.6,18.48,0.39
2020,130,23.86,30.0,19.16,67.08,0.07,7.9,6.16,13.39,0.39
2020,131,24.21,30.2,18.86,63.4,0.01,6.73,5.23,13.5,0.39
2020,132,24.61,30.6,19.27,62.99,0.24,3.66,2.85,50.12,0.39
2020,133,23.84,27.24,21.54,77.79,7.63,3.08,2.42,81.7,0.4
2020,134,23.41,27.04,21.25,76.09,1.41,2.43,1.96,18.77,0.4
2020,135,22.21,25.88,19.3,79.48,0.8,4.4,3.51,32.08,0.4
2020,136,20.82,24.69,17.97,78.97,1.13,4.01,3.18,31.4,0.4
2020,137,20.68,24.95,17.11,73.69,0.01,4.12,3.23,34.25,0.4
2020,138,21.35,25.99,18.22,67.45,0.16,6.44,5.05,31.32,0.4
2020,139,21.01,27.88,15.67,61.87,0.0,6.62,5.22,17.38,0.4
2020,140,21.56,28.26,16.11,66.57,0.01,5.93,4.69,18.85,0.39
2020,141,22.53,29.04,16.94,63.97,0.0,5.95,4.64,16.38,0.39
2020,142,23.24,29.21,18.26,60.64,0.01,6.34,4.87,15.52,0.39
2020,143,23.59,29.89,18.28,66.45,0.66,4.57,3.57,33.91,0.39
2020,144,23.71,29.39,19.31,69.32,0.53,4.34,3.43,18.11,0.39
2020,145,23.32,27.95,19.69,76.03,0.54,2.69,2.1,22.96,0.39
2020,146,23.29,28.25,19.88,75.96,1.15,4.29,3.35,23.78,0.39
2020,147,22.67,26.4,20.34,76.31,2.2,4.73,3.71,37.93,0.39
2020,148,23.42,28.84,19.1,75.94,2.15,5.01,3.85,37.86,0.39
2020,149,23.28,27.16,19.92,81.56,13.15,3.59,2.88,55.92,0.42
2020,150,21.53,26.35,18.02,77.41,0.1,2.97,2.32,19.11,0.42
2020,151,21.13,25.33,18.68,72.88,0.95,4.46,3.54,22.64,0.42
2020,152,21.19,26.79,16.53,75.78,0.23,6.45,5.1,20.49,0.41
2020,153,22.53,28.86,17.84,69.06,0.04,7.11,5.57,15.27,0.41
2020,154,22.41,28.65,17.62,66.5,0.0,5.66,4.44,15.24,0.41
2020,155,22.41,28.99,16.62,62.28,0.0,4.66,3.64,16.48,0.41
2020,156,22.39,28.37,18.01,65.17,0.0,4.14,3.23,17.99,0.4
2020,157,22.45,28.28,18.09,66.14,0.16,3.71,2.88,16.88,0.4
2020,158,23.36,29.24,18.45,68.8,0.34,6.16,4.77,26.83,0.4
2020,159,23.56,28.02,20.26,63.47,0.22,6.53,5.03,45.34,0.4
2020,160,22.89,28.47,19.16,62.37,0.26,4.89,3.87,34.09,0.4
2020,161,22.76,28.36,17.83,61.29,0.0,3.96,3.11,19.5,0.4
2020,162,23.08,28.98,18.28,60.38,0.0,5.98,4.61,18.17,0.4
2020,163,22.65,29.08,17.49,61.89,0.0,4.63,3.61,18.48,0.39
2020,164,22.46,28.08,17.96,63.49,0.0,4.28,3.33,18.36,0.39
2020,165,21.21,25.04,18.68,76.37,0.72,6.61,5.21,61.35,0.39
2020,166,20.5,25.48,16.62,61.73,0.0,7.6,6.01,25.99,0.39
2020,167,21.1,26.56,16.58,65.86,0.01,6.35,5.07,25.16,0.39
2020,168,21.3,26.55,17.23,73.89,0.22,7.25,5.74,18.34,0.39
2020,169,21.82,27.11,18.24,67.66,0.01,8.97,7.02,13.53,0.39
2020,170,21.12,27.17,15.93,64.07,0.04,7.39,5.82,14.86,0.39
2020,171,21.59,27.94,15.98,62.53,0.01,6.79,5.31,14.53,0.39
2020,172,21.89,27.38,16.77,67.2,0.12,5.4,4.23,25.33,0.39
2020,173,22.43,25.67,19.79,74.98,0.14,3.18,2.54,75.72,0.39
2020,174,22.86,27.22,19.48,71.16,0.09,4.79,3.8,30.87,0.39
2020,175,22.3,27.9,18.06,70.2,0.02,6.69,5.31,13.78,0.39
2020,176,21.34,26.27,17.96,69.23,0.02,8.53,6.71,18.59,0.39
2020,177,22.85,29.31,16.84,66.8,0.09,6.37,4.94,19.52,0.39
2020,178,24.1,29.96,19.99,69.69,2.9,5.3,4.13,67.93,0.39
2020,179,22.43,26.29,20.1,78.5,2.72,4.27,3.33,27.23,0.4
2020,180,21.84,26.93,17.88,75.69,0.11,3.31,2.56,18.28,0.4
2020,181,21.89,26.62,18.22,76.71,0.3,3.32,2.63,20.64,0.39
2020,182,20.45,24.14,17.86,76.91,2.14,5.57,4.39,36.55,0.4
2020,183,20.35,24.82,17.64,68.84,2.07,7.11,5.6,43.31,0.4
2020,184,20.47,26.93,15.16,63.01,0.02,6.04,4.75,17.64,0.4
2020,185,20.58,25.59,16.56,72.67,0.04,4.94,3.93,19.94,0.4
2020,186,20.66,26.49,15.88,71.09,0.15,6.03,4.76,20.57,0.39
2020,187,20.46,26.67,15.27,68.11,0.03,5.05,4.01,16.61,0.39
2020,188,20.6,26.66,15.81,71.04,0.14,6.21,4.92,18.21,0.39
2020,189,21.34,28.85,15.64,63.31,0.07,5.02,3.87,16.36,0.39
2020,190,21.55,28.08,15.77,64.16,0.01,7.53,5.82,15.42,0.39
2020,191,22.13,29.75,15.9,61.48,0.01,5.26,4.11,18.4,0.39
2020,192,22.79,29.64,17.84,56.81,0.0,3.74,2.92,17.5,0.39
2020,193,22.77,29.22,17.8,68.58,0.0,4.39,3.44,17.4,0.39
2020,194,22.11,26.66,18.37,72.59,0.05,5.49,4.31,34.84,0.39
2020,195,20.71,24.45,17.98,72.09,0.0,3.47,2.78,29.56,0.39
2020,196,20.79,26.88,16.94,71.73,0.01,3.31,2.63,19.84,0.39
2020,197,20.87,24.99,18.05,74.27,0.76,5.35,4.24,37.99,0.39
2020,198,20.44,24.72,17.53,61.82,0.12,8.89,7.01,36.91,0.39
2020,199,19.88,24.81,15.82,62.88,0.01,8.29,6.54,24.88,0.39
2020,200,20.61,26.22,16.24,66.23,0.06,7.08,5.6,16.08,0.39
2020,201,20.46,26.58,14.8,61.52,0.0,5.65,4.5,16.84,0.39
2020,202,20.74,27.24,14.74,58.96,0.0,5.83,4.61,18.07,0.39
2020,203,20.77,27.02,14.88,57.82,0.0,5.79,4.59,17.2,0.38
2020,204,20.85,26.68,15.84,60.31,0.01,7.46,5.89,16.47,0.38
2020,205,20.18,25.02,15.8,64.57,0.11,8.54,6.71,21.61,0.38
2020,206,20.23,26.32,15.13,61.09,0.0,7.91,6.23,17.07,0.38
2020,207,19.97,26.39,14.59,60.18,0.0,8.13,6.39,18.24,0.38
2020,208,19.75,26.86,14.07,62.86,0.0,4.87,3.86,18.91,0.38
2020,209,19.36,23.32,15.96,69.44,0.0,4.52,3.64,26.49,0.38
2020,210,20.86,26.59,15.66,62.17,0.01,6.7,5.32,24.91,0.38
2020,211,21.08,26.93,16.9,70.05,0.01,4.85,3.86,20.95,0.38
2020,212,20.54,24.38,18.29,76.83,0.06,4.48,3.59,22.17,0.38
2020,213,20.91,25.74,16.81,68.93,0.0,7.02,5.58,20.42,0.38
2020,214,21.5,27.61,17.1,65.17,0.0,7.24,5.73,16.03,0.38
2020,215,21.73,28.47,15.88,58.83,0.0,6.94,5.48,15.95,0.38
2020,216,21.76,29.35,15.0,56.91,0.0,6.53,5.09,16.48,0.38
2020,217,21.44,27.87,16.09,62.64,0.0,4.12,3.3,19.65,0.38
2020,218,20.9,25.04,17.75,74.82,0.01,2.77,2.23,23.67,0.38
2020,219,21.88,27.85,16.89,71.16,0.0,5.02,4.04,19.3,0.38
2020,220,21.34,25.48,18.49,71.73,0.04,7.03,5.61,33.64,0.38
2020,221,19.8,24.32,16.06,59.13,0.0,8.9,7.06,30.69,0.38
2020,222,19.92,27.66,13.8,55.98,0.0,5.06,4.04,19.25,0.38
2020,223,20.97,25.6,16.86,63.42,0.0,3.31,2.66,23.16,0.38
2020,224,21.51,26.24,18.02,68.39,0.0,4.89,3.94,25.04,0.38
2020,225,21.61,28.17,16.62,60.8,0.0,4.72,3.79,16.58,0.38
2020,226,21.01,26.91,16.45,62.61,0.0,3.46,2.69,18.28,0.38
2020,227,21.12,26.38,17.06,71.41,0.0,5.73,4.57,22.12,0.38
2020,228,21.7,28.83,16.32,62.33,0.0,3.74,3.0,16.31,0.37
2020,229,21.84,27.7,17.38,67.11,0.0,3.84,3.0,17.21,0.37
2020,230,23.18,28.68,19.16,66.57,0.0,4.83,3.85,17.83,0.37
2020,231,23.65,30.5,18.29,67.47,0.0,4.54,3.61,16.59,0.37
2020,232,22.87,27.98,19.3,74.63,0.15,4.33,3.47,16.67,0.37
2020,233,22.86,27.67,19.64,70.48,0.43,6.16,4.96,25.5,0.37
2020,234,21.9,26.91,18.16,68.71,0.04,8.05,6.44,16.11,0.37
2020,235,21.84,27.49,17.39,62.48,0.03,8.41,6.68,22.14,0.37
2020,236,22.83,29.21,17.79,64.87,0.01,4.25,3.41,26.56,0.37
2020,237,22.99,27.46,19.74,75.2,0.01,3.4,2.7,21.55,0.37
2020,238,23.69,29.23,20.08,70.42,0.0,3.15,2.53,36.32,0.37
2020,239,24.17,30.44,19.98,69.53,0.0,3.58,2.82,19.63,0.37
2020,240,24.01,29.6,19.74,70.0,0.0,3.26,2.62,17.41,0.37
2020,241,24.43,30.42,19.93,66.78,0.0,3.93,3.13,20.59,0.37
2020,242,25.29,31.26,20.33,60.7,0.0,3.03,2.36,24.56,0.37
2020,243,25.35,31.6,21.68,64.1,0.04,3.63,2.85,24.92,0.37
2020,244,24.75,29.89,20.86,69.35,0.02,4.52,3.63,27.58,0.37
2020,245,24.18,29.65,20.68,71.97,0.09,8.19,6.53,37.49,0.37
2020,246,21.89,27.02,17.13,66.21,0.35,10.29,8.15,42.46,0.37
2020,247,20.71,27.61,15.15,55.24,0.0,9.72,7.69,16.79,0.37
2020,248,21.04,27.16,16.37,59.93,0.09,9.87,7.8,35.61,0.37
2020,249,21.86,28.56,16.04,57.76,0.05,9.25,7.28,14.52,0.37
2020,250,22.47,29.04,15.98,53.61,0.02,7.55,5.95,16.23,0.37
2020,251,23.04,29.34,16.55,52.15,0.0,4.92,3.9,17.41,0.37
2020,252,24.69,30.33,18.56,58.34,0.03,5.5,4.34,23.22,0.37
2020,253,25.51,31.67,20.22,58.64,0.03,4.66,3.7,66.38,0.37
2020,254,25.86,30.78,22.79,61.89,6.59,4.23,3.35,89.99,0.37
2020,255,25.11,30.36,21.62,68.23,3.53,4.95,3.97,21.55,0.39
2020,256,25.06,30.64,20.79,66.25,0.01,5.59,4.45,19.92,0.38
2020,257,26.26,32.64,20.7,60.8,0.0,5.74,4.44,39.02,0.38
2020,258,26.04,32.74,22.67,64.02,0.13,6.25,4.94,31.61,0.38
2020,259,24.48,29.14,21.62,73.8,0.13,4.04,3.26,38.45,0.38
2020,260,24.77,30.9,19.35,62.51,0.0,4.24,3.37,13.35,0.37
2020,261,26.29,33.65,21.49,55.94,0.0,4.5,3.53,14.63,0.37
2020,262,26.65,33.72,20.37,48.96,0.0,5.82,4.56,13.15,0.37
2020,263,25.95,32.84,20.33,50.91,0.0,4.15,3.3,16.21,0.37
2020,264,25.34,32.34,20.2,61.26,0.0,3.0,2.38,16.99,0.37
2020,265,24.07,29.58,19.79,70.38,0.03,4.03,3.26,23.94,0.37
2020,266,24.45,29.92,20.36,67.44,0.05,8.01,6.37,20.94,0.37
2020,267,23.19,29.76,18.24,55.93,0.0,8.86,7.09,17.7,0.37
2020,268,24.3,31.41,17.58,53.29,0.0,6.79,5.4,17.49,0.37
2020,269,24.96,31.75,19.51,60.99,0.0,4.75,3.8,24.9,0.37
2020,270,25.4,31.29,21.4,69.63,0.0,5.8,4.64,16.24,0.37
2020,271,25.48,30.93,21.48,70.96,0.0,4.01,3.21,20.22,0.37
2020,272,25.89,32.13,21.62,62.88,0.0,3.92,3.12,27.91,0.37
2020,273,25.4,30.89,21.36,70.09,0.0,4.08,3.31,20.7,0.37
2020,274,25.72,30.77,22.05,65.64,0.0,6.95,5.59,38.78,0.37
2020,275,25.86,32.59,20.64,58.05,0.0,6.5,5.19,19.43,0.37
2020,276,26.09,33.11,20.42,56.63,0.0,6.13,4.9,45.64,0.36
2020,277,26.39,31.86,22.28,56.57,0.02,7.02,5.63,54.09,0.36
2020,278,24.3,28.93,20.37,62.68,2.67,8.19,6.55,49.23,0.37
2020,279,24.93,30.43,20.04,54.83,0.28,8.45,6.68,31.72,0.37
2020,280,24.92,30.83,19.13,53.27,0.17,7.06,5.61,35.72,0.37
2020,281,24.65,30.04,20.22,58.47,0.51,8.34,6.64,13.72,0.37
2020,282,23.67,29.23,18.63,60.03,0.0,7.82,6.29,14.07,0.37
2020,283,24.33,31.51,18.58,65.01,0.0,4.98,4.02,17.23,0.37
2020,284,24.4,30.75,20.17,65.09,0.01,4.7,3.76,17.05,0.37
2020,285,23.57,29.66,18.61,64.97,0.0,3.84,3.12,47.37,0.37
2020,286,24.01,29.62,19.7,70.67,0.01,6.79,5.47,28.97,0.37
2020,287,25.26,31.36,20.34,62.86,0.01,8.24,6.6,17.39,0.36
2020,288,24.46,30.19,20.09,57.73,0.09,9.63,7.67,18.84,0.36
2020,289,25.19,32.14,19.0,56.48,0.04,8.46,6.7,18.44,0.36
2020,290,25.79,31.76,21.27,59.87,0.01,6.98,5.57,19.66,0.36
2020,291,25.54,31.97,20.18,59.63,0.06,9.42,7.43,16.41,0.36
2020,292,26.44,33.66,20.48,57.06,0.0,5.56,4.43,18.32,0.36
2020,293,26.66,32.94,22.83,62.21,0.0,4.15,3.31,20.83,0.36
2020,294,26.76,33.44,21.44,60.8,0.0,3.5,2.8,14.78,0.36
2020,295,26.81,33.01,21.44,56.93,0.0,5.42,4.33,18.85,0.36
2020,296,27.75,34.77,21.58,50.95,0.0,3.93,3.14,20.0,0.36
2020,297,27.17,34.08,22.49,61.76,1.04,5.2,4.14,31.76,0.36
2020,298,26.25,32.72,22.73,68.47,20.36,4.05,3.21,72.56,0.37
2020,299,25.93,30.04,22.34,69.73,7.83,2.32,1.81,40.93,0.4
2020,300,25.73,31.27,21.61,68.88,0.29,3.71,2.96,15.22,0.41
2020,301,25.24,30.51,20.44,63.95,0.0,4.53,3.66,18.54,0.4
2020,302,27.53,33.66,21.25,62.53,0.06,5.03,3.92,13.18,0.4
2020,303,28.71,34.74,23.05,55.0,0.21,5.66,4.38,8.96,0.39
2020,304,28.43,34.33,23.62,57.33,0.08,4.96,3.9,8.12,0.39
2020,305,26.28,32.49,21.49,56.41,0.07,5.02,4.06,14.8,0.38
2020,306,26.15,30.61,22.0,63.93,0.0,3.31,2.69,13.56,0.38
2020,307,26.39,31.79,22.16,65.25,0.0,3.97,3.21,16.6,0.38
2020,308,26.08,31.47,22.61,70.44,0.0,4.69,3.81,18.39,0.38
2020,309,25.73,30.25,23.09,68.96,0.0,3.67,3.0,22.23,0.37
2020,310,25.33,30.45,21.89,68.27,0.0,3.5,2.89,68.85,0.37
2020,311,25.55,30.87,20.77,66.56,0.0,3.16,2.54,53.21,0.37
2020,312,27.85,34.72,22.37,58.67,0.0,3.85,3.09,22.24,0.37
2020,313,30.13,36.94,23.8,54.1,0.04,4.94,3.86,13.39,0.37
2020,314,29.81,36.75,25.69,58.12,0.03,5.83,4.61,46.81,0.37
2020,315,27.97,33.11,25.15,70.07,0.18,4.6,3.75,41.44,0.37
2020,316,27.28,31.91,24.5,70.31,1.21,4.22,3.48,57.07,0.37
2020,317,26.14,29.53,23.54,70.34,3.0,5.58,4.54,45.16,0.37
2020,318,24.96,29.62,21.57,60.24,0.82,7.67,6.19,32.08,0.37
2020,319,25.41,31.83,19.84,51.51,0.0,8.21,6.57,16.38,0.37
2020,320,26.95,34.22,20.75,53.6,0.0,5.81,4.65,16.52,0.37
2020,321,26.68,32.21,23.34,62.71,0.07,5.17,4.16,19.76,0.37
2020,322,25.59,30.17,22.35,70.26,0.07,4.56,3.7,30.43,0.37
2020,323,25.84,32.07,21.84,64.08,0.0,3.84,3.15,18.84,0.37
2020,324,25.95,31.3,21.57,65.33,0.0,4.15,3.39,17.15,0.37
2020,325,25.19,29.02,21.75,68.9,0.03,5.08,4.14,34.85,0.36
2020,326,27.17,32.65,22.73,57.69,0.11,7.91,6.33,23.2,0.36
2020,327,27.71,34.67,22.41,57.73,0.0,5.47,4.41,15.31,0.36
2020,328,27.61,33.2,23.83,64.17,0.01,4.18,3.36,18.72,0.36
2020,329,27.69,33.82,22.83,64.23,0.0,3.84,3.12,19.65,0.36
2020,330,29.33,35.88,24.15,52.82,0.03,4.28,3.41,22.15,0.36
2020,331,29.15,34.41,24.31,52.71,0.01,4.1,3.29,21.26,0.36
2020,332,27.19,31.99,23.12,64.72,0.0,5.08,4.11,33.1,0.36
2020,333,28.99,34.91,24.01,60.07,0.0,8.16,6.47,24.03,0.36
2020,334,28.95,35.19,25.0,64.13,0.0,6.04,4.81,16.67,0.36
2020,335,27.78,32.64,23.77,62.42,0.0,6.07,4.92,21.54,0.36
2020,336,27.8,33.46,23.55,59.91,0.0,4.62,3.76,29.95,0.36
2020,337,27.77,32.35,23.95,62.42,0.23,4.5,3.64,70.14,0.36
2020,338,28.11,32.6,25.22,65.2,0.81,3.95,3.23,97.01,0.36
2020,339,27.64,31.59,23.85,65.92,0.44,5.71,4.6,76.13,0.36
2020,340,27.48,33.63,22.43,54.79,0.02,9.15,7.24,56.57,0.36
2020,341,28.12,33.06,23.74,55.9,0.09,5.98,4.79,94.85,0.36
2020,342,29.23,34.3,24.67,57.96,0.42,6.46,5.1,83.75,0.36
2020,343,27.23,33.73,21.4,50.77,0.0,10.03,7.87,27.42,0.36
2020,344,27.52,34.12,21.98,54.48,0.03,5.68,4.56,31.01,0.36
2020,345,27.58,31.23,25.21,66.59,0.45,4.05,3.27,70.51,0.36
2020,346,28.51,34.14,25.22,66.26,4.03,4.45,3.53,39.06,0.36
2020,347,29.04,34.2,25.6,65.21,2.16,3.85,3.06,28.55,0.37
2020,348,29.03,34.81,25.37,65.06,0.0,4.43,3.55,21.75,0.37
2020,349,29.12,34.7,25.43,63.73,0.0,4.74,3.83,54.65,0.37
2020,350,29.22,33.84,26.12,62.3,0.01,3.64,2.97,63.25,0.36
2020,351,29.69,35.05,26.28,56.2,0.0,4.33,3.5,35.99,0.36
2020,352,29.73,34.64,25.84,55.05,0.0,4.45,3.61,52.11,0.36
2020,353,28.94,33.22,25.62,61.73,0.0,4.46,3.64,42.0,0.36
2020,354,28.58,32.99,24.46,66.6,0.06,5.06,4.1,92.15,0.36
2020,355,29.24,33.68,25.85,66.12,0.48,4.32,3.53,27.11,0.36
2020,356,29.46,33.78,26.18,65.21,0.1,3.58,2.91,21.12,0.36
2020,357,29.96,34.18,27.02,61.03,0.1,3.89,3.13,23.87,0.36
2020,358,30.09,35.36,26.67,64.35,0.1,3.68,2.97,29.74,0.36
2020,359,30.38,34.96,27.41,59.41,0.81,4.64,3.73,39.33,0.36
2020,360,30.49,35.91,25.63,55.9,0.04,7.36,5.87,37.4,0.36
2020,361,32.0,36.87,27.0,52.16,0.0,6.5,5.14,17.24,0.36
2020,362,32.36,38.93,27.61,51.19,0.1,4.85,3.79,39.95,0.36
2020,363,31.16,36.23,27.68,58.26,3.4,4.21,3.31,67.36,0.36
2020,364,31.11,38.08,27.03,58.89,0.51,4.16,3.28,63.41,0.36
2020,365,31.6,37.62,27.67,59.67,0.28,3.45,2.79,53.13,0.36
2020,366,31.23,37.34,26.35,48.05,0.04,4.54,3.63,18.99,0.36
2021,1,30.5,35.4,27.01,56.11,0.04,5.19,4.16,18.92,0.36
2021,2,30.92,36.61,25.81,55.23,0.01,6.72,5.36,19.18,0.36
2021,3,31.16,37.26,26.76,53.99,0.01,5.64,4.49,30.97,0.36
2021,4,29.86,34.58,26.83,63.64,0.45,5.34,4.3,33.92,0.36
2021,5,29.18,33.05,26.3,65.78,0.19,4.4,3.59,42.0,0.36
2021,6,29.38,33.93,26.55,63.68,0.05,4.39,3.58,19.34,0.36
2021,7,29.4,33.95,25.95,63.88,0.0,4.03,3.27,19.46,0.36
2021,8,29.32,34.12,25.51,63.51,0.24,4.59,3.73,39.64,0.36
2021,9,30.32,34.87,26.19,59.68,0.17,5.7,4.6,19.88,0.36
2021,10,30.8,35.11,28.3,63.98,18.89,4.95,3.95,46.29,0.37
2021,11,29.89,33.83,27.36,74.06,5.44,3.35,2.68,44.55,0.4
2021,12,30.07,34.37,26.78,69.33,0.74,4.41,3.56,29.86,0.4
2021,13,30.12,34.42,26.61,63.83,0.06,4.48,3.61,33.12,0.39
2021,14,30.34,35.19,26.17,62.77,0.01,5.33,4.27,23.92,0.38
2021,15,30.54,35.91,26.38,63.23,0.09,4.75,3.8,17.25,0.38
2021,16,30.38,34.82,27.16,66.01,0.21,3.61,2.9,50.29,0.37
2021,17,29.69,33.16,27.43,70.48,0.47,2.56,2.08,63.9,0.37
2021,18,29.72,33.23,27.39,70.77,2.08,3.92,3.14,55.92,0.37
2021,19,30.36,34.42,27.12,67.08,0.39,5.24,4.19,44.51,0.37
2021,20,32.05,37.24,27.14,60.92,0.2,5.98,4.72,41.29,0.37
2021,21,32.71,38.15,28.54,59.27,2.95,3.98,3.14,55.55,0.37
2021,22,30.39,33.6,28.17,72.42,3.48,4.11,3.28,56.08,0.38
2021,23,30.05,33.71,27.42,68.54,1.44,3.27,2.62,65.63,0.38
2021,24,30.02,34.27,27.05,68.42,0.47,4.35,3.47,40.98,0.37
2021,25,31.0,36.28,26.3,60.55,0.03,6.67,5.26,36.01,0.37
2021,26,31.07,36.5,26.15,57.7,0.22,6.52,5.14,25.86,0.37
2021,27,30.29,35.67,26.02,62.32,0.33,5.25,4.2,28.87,0.37
2021,28,29.67,33.28,26.69,69.7,1.16,4.5,3.62,31.7,0.37
2021,29,30.36,35.33,26.76,68.56,5.37,5.29,4.2,55.33,0.37
2021,30,29.7,35.15,26.43,72.92,18.23,4.42,3.48,58.86,0.39
2021,31,28.78,32.85,25.59,73.12,7.88,4.42,3.56,60.36,0.41
2021,32,29.65,34.64,26.27,71.48,1.4,4.04,3.24,20.77,0.41
2021,33,30.57,35.28,26.87,67.61,0.45,5.28,4.23,25.44,0.4
2021,34,30.8,35.62,26.96,66.65,0.96,4.58,3.66,20.87,0.4
2021,35,30.46,35.09,26.79,64.85,0.06,4.12,3.31,55.48,0.39
2021,36,29.8,33.56,26.93,72.26,0.39,4.12,3.35,67.13,0.39
2021,37,28.11,30.02,26.6,77.7,2.02,2.72,2.21,43.61,0.39
2021,38,28.8,33.1,25.88,71.82,1.85,3.11,2.5,52.24,0.39
2021,39,28.72,33.53,26.14,71.66,32.51,3.75,3.04,98.35,0.4
2021,40,26.85,29.23,25.16,77.19,22.86,2.47,2.05,99.6,0.47
2021,41,26.71,29.88,24.75,78.99,5.15,4.68,3.72,99.45,0.48
2021,42,26.54,30.81,24.16,74.82,14.48,8.45,6.59,99.03,0.48
2021,43,27.46,31.21,24.29,75.13,6.26,6.22,4.87,99.76,0.5
2021,44,27.65,30.96,24.68,71.76,1.53,5.56,4.35,99.79,0.49
2021,45,27.7,31.41,24.79,73.26,3.62,4.78,3.72,99.17,0.49
2021,46,27.26,31.44,24.77,73.14,1.29,5.93,4.68,99.4,0.48
2021,47,26.51,28.99,24.51,82.75,11.88,6.63,5.2,99.33,0.5
2021,48,27.19,29.73,24.81,78.73,2.48,6.81,5.29,98.93,0.5
2021,49,29.02,34.41,24.53,73.55,0.43,5.34,4.2,81.84,0.49
2021,50,29.46,34.76,25.17,68.48,0.14,3.52,2.76,42.53,0.48
2021,51,29.03,33.15,25.94,74.55,0.38,3.43,2.69,24.79,0.47
2021,52,29.23,33.95,25.52,70.4,0.22,3.69,2.89,48.43,0.47
2021,53,29.64,33.78,26.17,72.11,0.67,5.94,4.63,45.39,0.46
2021,54,30.15,35.38,25.72,67.74,0.07,4.64,3.66,14.13,0.46
2021,55,29.38,34.97,24.98,68.22,1.66,4.43,3.51,45.28,0.45
2021,56,27.94,31.3,25.56,76.27,0.97,3.13,2.52,36.29,0.45
2021,57,27.22,30.41,25.28,78.66,2.46,2.93,2.39,43.11,0.45
2021,58,27.65,31.96,25.17,74.23,3.21,4.32,3.47,59.33,0.45
2021,59,27.99,32.55,24.68,73.44,2.49,6.3,5.02,53.57,0.45
2021,60,28.24,32.2,25.89,77.02,1.76,4.94,3.91,60.47,0.45
2021,61,28.49,32.89,25.5,71.64,0.25,4.2,3.31,81.07,0.45
2021,62,28.39,32.78,25.09,63.63,0.32,3.23,2.58,85.0,0.45
2021,63,27.72,30.89,25.29,72.7,1.14,2.96,2.35,25.65,0.44
2021,64,28.02,31.68,25.07,69.48,1.56,3.69,2.96,26.29,0.44
2021,65,27.49,31.59,24.46,73.07,1.03,7.32,5.78,30.27,0.44
2021,66,26.76,31.26,23.0,70.29,0.09,5.37,4.31,18.65,0.44
2021,67,27.21,32.61,22.68,63.24,0.01,4.74,3.81,15.67,0.43
2021,68,27.23,31.77,23.17,65.84,0.08,3.34,2.66,17.12,0.43
2021,69,27.57,31.89,24.42,70.95,0.08,3.62,2.87,26.5,0.42
2021,70,27.85,32.36,24.86,70.74,0.1,3.01,2.43,22.6,0.42
2021,71,28.45,33.16,24.29,68.7,0.78,4.57,3.61,34.58,0.42
2021,72,29.2,34.75,24.64,58.68,0.01,5.13,4.01,17.63,0.42
2021,73,29.46,34.92,24.35,58.97,0.02,5.42,4.22,21.8,0.41
2021,74,28.85,34.74,23.74,61.48,0.03,4.46,3.55,28.32,0.41
2021,75,29.0,34.14,25.14,63.6,0.78,4.12,3.3,38.0,0.41
2021,76,29.49,34.41,26.34,64.02,1.26,2.21,1.78,17.24,0.41
2021,77,29.18,33.73,25.73,65.26,0.61,2.94,2.34,15.63,0.41
2021,78,28.69,32.44,26.2,70.25,0.6,3.4,2.75,36.86,0.41
2021,79,28.82,32.67,26.06,67.3,1.32,2.38,1.95,47.71,0.41
2021,80,28.5,32.73,25.31,68.25,0.82,2.99,2.39,60.39,0.4
2021,81,27.48,30.64,25.49,78.0,24.35,3.39,2.73,40.01,0.42
2021,82,26.42,29.63,24.03,80.07,23.86,4.96,3.97,52.5,0.47
2021,83,25.58,29.53,22.72,73.25,0.34,5.31,4.25,29.27,0.47
2021,84,25.53,30.04,21.39,69.09,0.09,4.62,3.71,21.04,0.46
2021,85,25.96,30.4,22.21,72.43,0.27,3.47,2.74,23.59,0.46
2021,86,25.71,29.04,23.43,75.37,1.47,2.53,2.04,25.75,0.45
2021,87,25.54,29.04,23.43,77.32,6.86,2.59,2.09,39.61,0.45
2021,88,25.17,28.81,22.52,75.59,2.99,5.37,4.3,39.58,0.46
2021,89,24.67,29.41,20.75,69.05,0.03,6.23,4.93,59.28,0.45
2021,90,24.57,29.99,20.27,63.54,0.0,6.19,4.91,20.49,0.45
2021,91,26.12,32.46,20.6,67.09,0.0,4.96,3.88,18.09,0.44
2021,92,27.06,32.93,22.68,67.4,0.0,4.4,3.43,16.04,0.44
2021,93,26.43,30.89,22.92,72.78,0.24,3.25,2.55,36.33,0.43
2021,94,25.26,28.56,23.48,76.06,5.32,3.74,2.99,73.71,0.44
2021,95,24.4,27.9,21.6,70.15,1.22,4.56,3.55,47.72,0.44
2021,96,24.55,29.47,19.96,70.47,0.1,5.14,4.05,24.67,0.44
2021,97,26.22,31.99,21.24,65.47,0.01,6.49,5.01,13.81,0.43
2021,98,26.26,31.32,21.78,65.4,0.0,4.73,3.74,25.2,0.43
2021,99,26.17,31.39,22.59,69.72,0.06,3.84,3.04,69.14,0.43
2021,100,26.67,32.05,22.77,69.89,0.03,4.5,3.56,29.94,0.42
2021,101,27.15,33.19,22.43,65.14,0.0,5.96,4.64,13.37,0.42
2021,102,27.01,32.96,21.87,65.38,0.0,5.68,4.43,27.55,0.42
2021,103,27.18,32.21,22.78,68.69,0.02,5.78,4.52,63.16,0.41
2021,104,27.15,32.18,23.11,67.6,0.06,4.3,3.4,16.11,0.41
2021,105,26.28,30.95,23.0,73.72,0.09,4.25,3.42,25.73,0.41
2021,106,24.94,28.58,22.13,73.62,1.21,5.49,4.36,44.2,0.41
2021,107,22.35,25.82,19.3,55.88,0.02,9.0,7.04,47.66,0.41
2021,108,22.47,28.8,17.13,55.7,0.0,8.03,6.29,18.58,0.41
2021,109,24.35,31.05,18.44,63.2,0.0,4.49,3.54,23.02,0.4
2021,110,26.06,31.22,21.83,61.96,0.02,4.3,3.31,32.14,0.4
2021,111,25.19,30.08,21.13,64.49,0.0,4.95,3.93,50.34,0.4
2021,112,25.96,31.2,21.34,66.21,0.01,3.44,2.69,23.55,0.4
2021,113,26.1,31.36,22.16,67.51,0.01,3.52,2.78,21.31,0.4
2021,114,26.32,32.14,22.7,71.18,0.13,3.54,2.76,28.06,0.4
2021,115,26.29,31.61,22.57,69.15,0.1,3.25,2.54,17.64,0.4
2021,116,26.26,31.31,22.46,68.63,0.23,2.64,2.1,35.62,0.39
2021,117,26.99,32.2,23.37,64.96,0.2,3.46,2.73,13.91,0.39
2021,118,26.74,31.77,23.25,68.58,0.02,3.45,2.73,16.52,0.39
2021,119,27.36,32.98,23.22,63.68,0.06,2.97,2.34,26.29,0.39
2021,120,27.41,32.57,24.18,66.33,0.66,3.32,2.62,20.82,0.39
2021,121,26.61,31.57,23.06,65.55,0.03,3.29,2.63,71.32,0.39
2021,122,24.3,27.54,21.67,68.15,0.62,4.89,3.95,68.38,0.39
2021,123,23.27,27.22,20.66,67.04,0.23,5.68,4.54,41.33,0.39
2021,124,22.57,26.25,20.03,63.85,0.01,3.69,2.93,43.72,0.39
2021,125,23.47,26.98,20.76,65.24,0.01,3.73,2.94,50.15,0.39
2021,126,23.43,27.98,20.05,70.82,0.22,4.98,3.94,39.06,0.39
2021,127,23.29,28.47,19.18,65.34,0.06,6.59,5.22,22.41,0.39
2021,128,23.79,30.06,18.11,60.35,0.0,6.32,4.98,18.69,0.39
2021,129,23.78,28.64,19.9,68.51,0.07,4.68,3.71,20.79,0.39
2021,130,23.06,26.15,20.9,77.64,1.11,4.92,3.91,45.14,0.39
2021,131,23.25,28.04,19.41,69.55,0.02,5.81,4.59,23.72,0.39
2021,132,23.81,29.73,18.93,66.32,0.0,5.4,4.27,22.8,0.39
2021,133,24.41,30.84,19.18,66.56,0.0,4.31,3.37,18.8,0.39
2021,134,24.97,31.77,19.81,64.44,0.0,3.4,2.62,19.37,0.39
2021,135,24.65,30.6,20.26,68.66,0.0,3.67,2.82,26.36,0.39
2021,136,24.72,30.65,20.03,71.18,0.01,3.16,2.44,31.2,0.38
2021,137,24.35,28.91,21.01,73.04,0.29,2.83,2.21,21.48,0.38
2021,138,23.32,28.82,18.48,70.86,0.09,5.32,4.16,13.5,0.38
2021,139,24.05,29.34,19.73,64.54,0.01,7.82,6.08,14.57,0.38
2021,140,23.93,30.39,18.81,54.58,0.0,5.12,3.96,16.97,0.38
2021,141,23.47,29.73,18.83,57.98,0.0,4.63,3.65,18.17,0.38
2021,142,22.55,27.49,18.3,66.91,0.0,4.56,3.63,48.22,0.38
2021,143,22.32,26.67,19.1,72.93,0.01,5.6,4.49,41.18,0.38
2021,144,22.36,26.83,18.43,69.65,0.18,5.96,4.76,40.3,0.38
2021,145,23.39,28.28,19.01,61.18,0.06,3.31,2.6,20.71,0.38
2021,146,23.62,28.33,19.72,60.82,0.0,2.95,2.32,26.5,0.38
2021,147,23.06,28.93,18.08,64.97,0.0,4.12,3.3,18.65,0.38
2021,148,22.65,28.47,17.99,61.41,0.0,3.08,2.41,19.9,0.38
2021,149,22.69,26.68,20.0,70.92,0.0,3.09,2.48,27.67,0.38
2021,150,22.22,26.35,18.84,71.32,0.0,3.55,2.81,39.87,0.38
2021,151,22.5,26.77,19.38,66.76,0.17,3.63,2.95,33.69,0.38
2021,152,23.23,29.48,18.25,68.45,0.12,5.22,4.15,61.53,0.38
2021,153,24.48,30.34,21.12,69.29,0.79,4.51,3.52,27.24,0.38
2021,154,23.17,27.74,19.78,75.52,0.41,3.74,2.92,68.27,0.38
2021,155,22.96,26.83,20.6,74.48,2.87,3.29,2.65,39.69,0.38
2021,156,21.55,24.68,18.85,77.22,5.9,5.31,4.17,56.49,0.39
2021,157,20.76,26.12,16.65,65.17,0.01,8.84,6.93,23.61,0.39
2021,158,21.12,27.48,16.31,62.68,0.0,8.38,6.55,23.91,0.39
2021,159,21.51,28.14,15.94,61.49,0.0,6.59,5.16,20.28,0.39
2021,160,22.2,28.39,16.65,64.89,0.01,6.5,5.06,25.19,0.39
2021,161,22.56,28.26,16.97,62.17,0.01,5.88,4.6,20.91,0.39
2021,162,22.47,28.24,17.64,62.68,0.01,4.28,3.37,18.41,0.39
2021,163,22.91,28.45,18.52,64.58,0.02,3.7,2.9,22.13,0.38
2021,164,23.73,28.71,19.87,62.44,0.4,2.24,1.75,36.56,0.38
2021,165,22.56,27.42,18.56,66.26,0.19,4.6,3.63,21.97,0.38
2021,166,21.9,27.58,18.04,66.54,0.16,6.67,5.26,18.63,0.38
2021,167,21.68,28.69,16.02,60.35,0.02,5.55,4.33,17.34,0.38
2021,168,22.3,28.28,17.86,70.3,0.05,4.77,3.73,19.2,0.38
2021,169,21.81,25.49,19.37,76.81,0.53,3.58,2.87,30.97,0.38
2021,170,21.77,26.76,18.44,71.74,0.23,8.41,6.59,18.51,0.38
2021,171,22.79,28.83,18.0,68.37,0.49,7.9,6.15,16.63,0.38
2021,172,22.6,28.36,17.64,61.49,0.04,5.02,3.95,19.98,0.38
2021,173,21.94,27.15,17.61,62.4,0.1,3.98,3.15,36.68,0.38
2021,174,22.11,27.48,17.59,59.51,0.01,3.48,2.73,20.91,0.38
2021,175,22.12,27.24,17.93,62.35,0.06,2.83,2.26,25.21,0.38
2021,176,21.16,26.23,17.25,66.4,0.02,2.48,1.94,20.29,0.38
2021,177,21.05,26.32,16.46,69.9,0.0,2.97,2.33,48.08,0.38
2021,178,21.58,27.28,16.91,70.91,0.0,3.19,2.47,17.2,0.38
2021,179,22.23,28.92,17.09,61.12,0.0,3.6,2.81,17.63,0.38
2021,180,22.6,28.81,17.95,55.34,0.0,3.65,2.82,19.87,0.38
2021,181,22.76,29.83,17.5,52.69,0.0,4.0,3.08,18.99,0.38
2021,182,22.01,27.81,17.67,58.82,0.0,3.66,2.84,19.41,0.38
2021,183,21.47,26.47,16.87,70.53,0.0,3.9,3.13,22.85,0.38
2021,184,21.83,28.33,16.82,62.05,0.0,5.11,4.01,18.65,0.38
2021,185,21.95,28.05,17.31,70.94,0.0,4.06,3.21,19.39,0.38
2021,186,21.38,26.38,17.7,75.99,0.01,3.41,2.74,22.11,0.38
2021,187,21.46,26.61,17.38,68.58,0.02,6.1,4.86,19.65,0.38
2021,188,21.72,28.1,16.36,63.06,0.0,5.78,4.6,17.9,0.38
2021,189,22.69,28.69,17.04,60.98,0.0,4.95,3.89,17.21,0.37
2021,190,23.34,29.4,19.02,62.74,0.0,5.15,4.06,17.73,0.37
2021,191,22.88,28.51,18.6,64.05,0.0,3.49,2.73,17.48,0.37
2021,192,22.99,29.07,18.34,58.53,0.0,3.24,2.52,17.95,0.37
2021,193,22.53,29.0,17.61,59.27,0.0,3.23,2.5,18.63,0.37
2021,194,22.79,28.67,18.21,59.62,0.0,2.99,2.27,20.97,0.37
2021,195,23.15,28.21,19.75,58.02,0.0,4.73,3.71,29.83,0.37
2021,196,21.81,26.57,18.63,70.73,0.12,7.87,6.25,24.4,0.37
2021,197,22.2,26.94,18.81,67.77,0.37,6.7,5.33,25.61,0.37
2021,198,22.75,28.59,17.78,64.62,0.01,4.23,3.38,23.91,0.37
2021,199,23.78,28.19,19.93,60.0,0.08,3.74,2.98,36.82,0.37
2021,200,23.6,27.24,20.65,62.19,0.1,6.22,4.89,49.25,0.37
2021,201,24.46,29.9,20.38,62.81,0.02,4.75,3.75,30.56,0.37
2021,202,24.51,29.63,20.53,67.5,0.02,3.07,2.43,72.23,0.37
2021,203,24.53,29.07,21.4,69.78,0.05,2.53,2.02,75.84,0.37
2021,204,21.64,25.24,18.56,74.26,0.15,6.6,5.2,70.92,0.37
2021,205,19.67,23.4,17.13,60.91,0.0,8.09,6.44,53.36,0.37
2021,206,19.72,25.17,15.06,58.63,0.01,8.99,7.1,23.85,0.37
2021,207,20.33,25.59,16.07,62.8,0.84,8.27,6.55,33.85,0.37
2021,208,20.53,26.21,16.25,64.38,0.42,8.29,6.54,19.63,0.37
2021,209,21.8,28.03,16.34,67.54,0.22,6.99,5.47,24.93,0.37
2021,210,22.99,29.73,17.74,62.91,0.02,5.39,4.23,18.88,0.37
2021,211,22.9,28.45,18.65,65.41,0.0,4.05,3.2,18.22,0.37
2021,212,22.88,28.82,18.15,63.1,0.01,4.66,3.67,18.5,0.37
2021,213,22.1,28.29,17.02,56.4,0.0,4.19,3.34,18.5,0.37
2021,214,21.44,26.59,18.17,65.27,0.02,3.53,2.82,19.88,0.37
2021,215,21.61,27.11,17.61,65.78,0.03,7.08,5.63,23.29,0.37
2021,216,23.1,29.33,17.02,61.04,0.0,4.6,3.62,29.96,0.37
2021,217,23.45,28.95,19.52,58.17,0.0,4.28,3.41,28.75,0.37
2021,218,22.97,28.33,18.44,58.87,0.0,3.77,2.98,43.77,0.37
2021,219,22.81,28.72,18.16,57.95,0.0,4.79,3.77,38.98,0.37
2021,220,22.04,27.33,17.77,58.96,0.0,4.59,3.63,16.59,0.37
2021,221,22.22,28.81,16.85,59.53,0.0,4.49,3.58,16.59,0.37
2021,222,21.26,25.94,17.09,68.69,0.02,5.79,4.61,19.61,0.37
2021,223,22.13,28.04,17.02,63.67,0.0,4.77,3.79,17.88,0.37
2021,224,21.83,26.17,18.92,73.39,0.0,4.56,3.59,27.14,0.37
2021,225,21.47,26.06,17.36,73.38,0.16,4.07,3.26,18.42,0.37
2021,226,20.18,24.9,16.83,63.03,0.22,9.26,7.34,27.37,0.37
2021,227,19.89,26.22,14.46,59.21,0.0,8.61,6.83,16.84,0.37
2021,228,21.39,28.15,15.01,58.18,0.0,7.24,5.73,16.31,0.37
2021,229,22.14,29.17,16.18,60.71,0.0,4.56,3.6,18.59,0.37
2021,230,22.66,28.67,18.46,63.4,0.13,5.0,3.96,17.99,0.37
2021,231,22.71,27.92,19.02,73.4,0.31,3.37,2.66,18.72,0.37
2021,232,22.76,27.74,19.46,72.1,0.08,3.51,2.84,15.97,0.37
2021,233,24.01,30.76,18.47,64.77,0.0,6.03,4.75,12.96,0.37
2021,234,24.29,32.4,18.8,65.88,0.0,4.67,3.69,14.49,0.37
2021,235,23.2,29.24,18.75,72.95,0.0,5.28,4.22,17.64,0.37
2021,236,22.85,28.51,18.69,72.5,0.01,3.44,2.75,15.49,0.37
2021,237,23.27,28.96,18.86,70.14,0.01,4.83,3.83,15.98,0.37
2021,238,24.62,30.66,19.34,59.76,0.0,6.01,4.72,14.99,0.36
2021,239,25.46,32.76,19.91,54.99,0.0,4.3,3.39,13.77,0.36
2021,240,24.21,31.15,19.43,56.24,0.0,5.05,4.01,17.06,0.36
2021,241,23.01,28.04,18.94,65.83,0.01,4.47,3.57,16.63,0.36
2021,242,23.17,28.35,20.04,70.01,0.06,6.08,4.92,22.45,0.36
2021,243,23.63,30.78,18.66,70.31,0.0,5.15,4.15,17.79,0.36
2021,244,23.62,28.34,19.72,75.02,0.01,4.38,3.54,18.78,0.36
2021,245,24.61,30.38,20.39,75.29,0.03,5.36,4.35,20.52,0.36
2021,246,24.94,30.61,21.4,73.31,0.02,3.14,2.53,34.03,0.36
2021,247,25.07,31.22,20.77,59.96,0.0,3.82,3.01,16.96,0.36
2021,248,25.13,31.51,20.0,53.65,0.0,3.97,3.14,16.05,0.36
2021,249,24.87,31.17,19.95,54.95,0.0,4.11,3.29,15.47,0.36
2021,250,24.22,29.9,20.23,60.04,0.0,4.08,3.26,20.14,0.36
2021,251,24.04,29.94,19.35,63.36,0.0,4.22,3.39,16.0,0.36
2021,252,23.53,29.65,18.57,61.33,0.05,7.41,5.9,17.16,0.36
2021,253,22.79,28.6,18.92,61.4,0.11,10.5,8.28,19.17,0.36
2021,254,23.48,30.68,17.07,51.17,0.01,8.89,6.96,14.13,0.36
2021,255,25.03,31.46,18.73,54.24,0.01,5.09,4.02,31.12,0.36
2021,256,25.48,31.43,21.4,60.13,0.17,5.82,4.59,82.5,0.36
2021,257,25.28,30.52,21.27,58.76,0.01,3.71,2.96,22.38,0.36
2021,258,26.17,32.83,20.56,49.15,0.0,4.07,3.14,15.67,0.36
2021,259,26.26,32.12,21.7,48.72,0.01,4.05,3.15,13.95,0.36
2021,260,24.9,29.92,20.73,56.78,0.05,4.96,3.96,18.93,0.36
2021,261,22.08,25.57,18.77,61.14,0.45,8.83,7.08,54.71,0.36
2021,262,21.56,26.58,16.95,53.38,0.01,8.03,6.45,32.07,0.36
2021,263,23.38,30.56,17.21,59.42,0.0,5.0,4.01,18.04,0.36
2021,264,23.77,28.36,20.33,66.41,0.02,5.02,4.04,19.43,0.36
2021,265,23.5,27.98,20.51,69.92,0.31,6.9,5.56,45.29,0.36
2021,266,24.16,30.21,18.92,62.95,0.09,7.9,6.27,16.56,0.36
2021,267,25.51,31.58,21.0,62.08,0.29,4.53,3.61,20.74,0.36
2021,268,26.37,32.41,22.05,57.05,0.05,4.22,3.32,18.15,0.36
2021,269,25.97,32.45,20.94,51.99,0.02,4.98,3.92,14.28,0.36
2021,270,24.84,31.05,20.49,63.55,0.0,3.53,2.82,25.65,0.36
2021,271,25.84,32.34,22.05,62.41,0.0,4.27,3.41,40.23,0.36
2021,272,25.93,31.11,22.15,64.8,0.0,3.6,2.88,57.56,0.36
2021,273,26.99,32.02,22.58,56.54,0.0,5.89,4.68,30.16,0.36
2021,274,26.51,32.23,22.0,61.25,0.0,5.01,4.06,21.18,0.36
2021,275,26.3,32.49,22.12,67.26,0.0,3.77,3.05,41.89,0.36
2021,276,26.72,32.89,23.67,69.18,0.07,3.57,2.85,40.82,0.36
2021,277,26.17,31.01,22.91,63.7,0.01,5.04,4.07,44.23,0.36
2021,278,25.84,31.68,20.99,56.27,0.0,7.64,6.11,25.78,0.36
2021,279,23.53,29.76,19.11,58.89,0.0,7.99,6.45,33.12,0.36
2021,280,22.27,27.55,17.7,56.47,0.0,9.15,7.33,28.39,0.36
2021,281,24.11,31.11,17.39,50.69,0.0,6.73,5.35,32.35,0.36
2021,282,25.31,31.3,20.82,59.37,0.0,6.85,5.46,26.2,0.36
2021,283,25.21,30.85,22.21,71.72,0.28,4.58,3.67,38.5,0.36
2021,284,23.53,28.11,19.28,57.84,0.26,9.39,7.49,53.01,0.36
2021,285,24.15,31.64,17.48,53.45,0.0,6.91,5.51,22.7,0.36
2021,286,25.84,32.79,20.37,56.89,0.0,3.97,3.17,21.63,0.36
2021,287,26.87,34.18,21.12,59.05,0.0,3.37,2.68,19.88,0.36
2021,288,28.28,36.3,21.64,51.7,0.0,4.03,3.12,17.89,0.36
2021,289,27.36,33.54,23.73,60.25,0.0,5.87,4.61,18.35,0.36
2021,290,26.63,31.84,22.94,69.43,0.0,3.92,3.17,35.59,0.36
2021,291,26.56,32.04,23.4,68.25,0.03,4.53,3.66,36.27,0.36
2021,292,25.4,29.4,22.44,64.18,0.04,8.13,6.54,42.26,0.36
2021,293,24.01,28.12,20.66,64.48,0.09,8.91,7.12,88.02,0.36
2021,294,23.09,27.32,19.87,68.22,0.29,8.26,6.66,51.26,0.36
2021,295,23.41,29.57,17.66,56.31,0.01,6.67,5.42,43.28,0.36
2021,296,24.0,29.28,20.47,63.84,0.0,4.8,3.9,38.39,0.36
2021,297,24.47,31.04,19.26,62.83,0.0,4.12,3.33,21.12,0.36
2021,298,27.33,34.27,20.98,63.62,0.0,5.31,4.22,26.26,0.35
2021,299,27.64,33.96,24.0,67.5,0.01,4.71,3.77,43.11,0.35
2021,300,25.31,29.65,21.77,72.96,0.05,7.07,5.68,67.75,0.35
2021,301,23.36,28.52,19.8,54.95,0.08,11.49,9.06,43.73,0.35
2021,302,23.21,29.14,18.76,47.81,0.0,9.77,7.74,24.1,0.35
2021,303,25.06,32.35,18.75,57.21,0.01,5.44,4.35,43.95,0.35
2021,304,25.04,29.95,22.05,68.93,0.08,5.54,4.43,86.31,0.35
2021,305,24.45,28.03,21.46,72.06,0.44,4.29,3.5,39.54,0.35
2021,306,25.92,30.21,22.4,72.79,0.07,3.95,3.19,30.27,0.36
2021,307,26.35,31.2,22.44,70.39,0.0,3.81,3.07,14.37,0.36
2021,308,26.01,30.36,23.33,72.18,0.0,4.56,3.68,33.01,0.36
2021,309,27.02,33.53,21.26,55.04,0.0,6.79,5.45,17.19,0.35
2021,310,27.78,34.91,20.47,47.48,0.0,5.31,4.17,30.71,0.35
2021,311,28.21,34.48,23.36,55.76,0.0,3.98,3.15,64.74,0.35
2021,312,27.63,32.76,23.81,70.42,0.02,3.41,2.75,49.89,0.35
2021,313,28.6,35.91,23.26,63.27,0.03,3.65,2.91,23.21,0.35
2021,314,28.0,34.37,24.08,66.36,0.04,5.58,4.49,36.94,0.35
2021,315,26.87,32.09,23.16,63.28,0.01,6.98,5.63,40.82,0.35
2021,316,27.9,34.82,22.47,60.96,0.02,5.98,4.8,61.69,0.35
2021,317,27.03,31.04,24.02,73.47,0.18,4.11,3.34,52.49,0.35
2021,318,27.07,32.18,23.83,66.05,0.1,3.74,3.05,58.25,0.35
2021,319,27.96,33.57,23.37,59.8,0.01,6.98,5.6,24.65,0.35
2021,320,27.51,33.73,22.54,55.72,0.0,5.08,4.11,15.53,0.35
2021,321,28.32,34.38,22.98,54.41,0.01,3.55,2.81,22.93,0.35
2021,322,29.05,34.21,24.72,55.92,0.17,3.18,2.56,30.68,0.35
2021,323,28.5,33.05,25.09,62.9,0.3,3.72,2.99,53.35,0.35
2021,324,28.28,32.98,25.64,59.81,0.26,5.3,4.25,71.88,0.35
2021,325,28.06,33.28,23.64,61.06,0.05,8.43,6.71,29.28,0.35
2021,326,28.56,35.14,22.38,56.52,0.01,7.48,5.94,29.29,0.35
2021,327,27.5,32.2,24.2,63.76,0.37,4.73,3.81,66.37,0.35
2021,328,25.44,27.89,23.31,81.01,24.13,5.48,4.4,90.49,0.38
2021,329,24.81,29.04,21.3,63.75,0.64,7.49,6.01,60.3,0.4
2021,330,23.22,28.71,19.37,57.55,0.05,9.39,7.47,37.35,0.39
2021,331,22.65,28.24,17.88,56.26,0.0,9.25,7.35,37.94,0.39
2021,332,24.04,31.79,17.1,51.14,0.0,8.73,6.89,32.97,0.38
2021,333,25.91,32.65,21.16,58.17,0.0,4.65,3.67,24.3,0.38
2021,334,26.03,31.63,21.72,66.06,0.03,3.28,2.64,33.06,0.38
2021,335,26.15,30.93,22.19,71.44,0.2,3.56,2.86,37.36,0.37
2021,336,28.42,35.67,23.99,65.34,0.16,3.78,3.0,59.52,0.37
2021,337,29.08,35.51,24.51,62.52,0.0,3.65,2.89,18.81,0.37
2021,338,29.12,35.4,24.32,62.68,0.0,3.17,2.54,17.4,0.37
2021,339,29.59,36.46,23.94,58.71,0.0,4.54,3.61,24.82,0.37
2021,340,29.47,36.15,24.8,61.57,0.0,4.24,3.35,44.24,0.37
2021,341,29.52,35.94,24.93,62.33,0.0,3.75,3.0,46.65,0.37
2021,342,29.97,36.22,24.51,56.69,0.0,5.95,4.75,34.48,0.37
2021,343,29.01,34.55,25.44,60.64,0.0,4.13,3.32,52.31,0.36
2021,344,27.93,32.62,23.98,69.05,0.0,4.06,3.29,53.76,0.36
2021,345,29.19,34.7,25.24,64.32,0.0,3.73,3.0,64.23,0.36
2021,346,30.12,36.01,25.99,62.39,0.12,4.03,3.2,25.35,0.36
2021,347,29.92,35.5,26.29,62.19,0.06,4.06,3.27,25.83,0.36
2021,348,29.12,34.43,25.47,68.36,1.38,4.47,3.62,49.14,0.36
2021,349,29.93,35.92,25.86,62.37,1.89,4.01,3.23,28.3,0.37
2021,350,29.77,34.53,26.52,62.09,0.15,4.14,3.33,31.38,0.37
2021,351,28.83,32.97,26.33,63.6,0.68,4.81,3.87,60.47,0.37
2021,352,27.66,31.59,23.4,64.91,1.03,7.91,6.33,74.96,0.37
2021,353,25.94,31.6,21.99,57.71,0.04,8.81,7.03,34.57,0.37
2021,354,26.92,33.27,21.5,56.18,0.04,8.73,6.92,40.7,0.37
2021,355,28.63,34.78,23.6,56.25,0.17,7.38,5.85,43.09,0.36
2021,356,26.92,30.48,24.55,69.96,0.2,4.76,3.87,77.72,0.36
2021,357,27.3,30.88,24.18,68.35,0.2,3.46,2.84,63.71,0.36
2021,358,26.51,27.94,25.37,76.86,7.92,3.49,2.81,98.96,0.37
2021,359,27.49,30.95,24.9,72.62,0.5,4.09,3.31,65.43,0.38
2021,360,27.8,33.31,23.09,62.12,0.0,7.8,6.2,35.78,0.38
2021,361,29.13,35.13,23.13,60.91,0.18,5.5,4.37,61.86,0.37
2021,362,28.9,33.42,25.87,66.3,0.36,4.73,3.76,91.58,0.37
2021,363,28.51,33.98,24.98,63.01,0.08,3.93,3.17,67.62,0.37
2021,364,28.76,34.3,24.67,64.21,0.06,6.26,5.02,42.47,0.37
2021,365,28.19,33.91,23.66,66.04,0.17,5.43,4.4,30.54,0.37
2022,1,28.15,33.5,24.04,66.89,0.1,5.02,4.08,19.74,0.37
2022,2,29.13,34.76,24.13,58.74,0.0,6.26,5.02,18.54,0.37
2022,3,29.43,35.6,23.38,55.23,0.02,7.61,6.02,18.01,0.36
2022,4,30.64,36.6,25.34,57.2,0.1,5.8,4.56,22.01,0.36
2022,5,29.38,34.44,26.43,64.81,0.39,4.56,3.66,56.98,0.36
2022,6,29.38,33.21,25.89,63.66,0.69,3.68,2.97,30.94,0.36
2022,7,30.79,36.1,26.3,56.48,0.03,6.02,4.75,29.94,0.36
2022,8,31.18,35.98,27.32,53.92,0.53,6.17,4.88,53.37,0.36
2022,9,30.95,34.69,27.31,54.75,1.09,4.07,3.2,71.02,0.36
2022,10,30.96,36.13,26.8,54.55,0.35,4.73,3.73,49.69,0.36
2022,11,29.73,32.76,26.58,60.94,1.19,3.28,2.71,31.39,0.36
2022,12,29.48,32.16,27.08,65.85,1.64,2.92,2.38,21.8,0.37
2022,13,28.31,30.88,26.41,72.69,1.44,2.58,2.12,46.39,0.37
2022,14,29.11,32.97,25.94,67.29,0.61,5.64,4.54,43.57,0.37
2022,15,29.12,34.29,25.26,65.84,1.51,6.88,5.48,40.35,0.37
2022,16,28.34,33.83,24.37,67.57,9.88,7.44,5.9,30.97,0.37
2022,17,28.79,34.45,23.88,65.5,0.27,6.98,5.54,50.02,0.38
2022,18,28.3,33.11,24.09,63.24,0.22,6.83,5.42,55.09,0.38
2022,19,28.13,33.22,23.54,61.72,1.69,7.18,5.7,22.65,0.37
2022,20,27.98,34.36,22.98,58.96,0.67,8.14,6.37,49.57,0.37
2022,21,28.44,34.48,23.08,61.01,0.01,7.78,6.09,31.07,0.37
2022,22,30.04,35.68,24.79,59.36,0.14,6.16,4.83,62.48,0.37
2022,23,31.64,37.92,26.16,58.74,0.05,9.58,7.27,43.37,0.37
2022,24,31.87,37.81,26.91,54.98,0.08,8.77,6.61,41.96,0.37
2022,25,30.04,36.52,26.05,58.74,0.79,6.1,4.76,30.67,0.36
2022,26,29.13,34.23,25.76,65.19,0.03,4.91,3.94,30.4,0.36
2022,27,29.18,33.9,25.7,62.35,0.0,3.58,2.89,20.64,0.36
2022,28,29.52,35.17,25.55,58.32,0.0,4.12,3.31,25.8,0.36
2022,29,28.86,33.46,25.09,64.0,0.0,4.1,3.3,21.32,0.36
2022,30,29.72,35.15,25.22,59.64,0.0,4.52,3.62,14.93,0.36
2022,31,30.94,36.64,25.59,46.83,0.0,4.72,3.74,17.54,0.36
2022,32,30.7,37.29,24.37,51.78,0.04,4.22,3.37,15.81,0.36
2022,33,30.77,36.91,25.32,52.74,0.02,4.84,3.84,15.79,0.36
2022,34,30.11,36.54,25.28,57.99,0.03,4.65,3.71,21.33,0.36
2022,35,30.35,35.8,26.54,61.48,0.13,4.54,3.61,17.97,0.36
2022,36,31.49,37.92,26.78,55.68,0.58,6.47,4.97,52.84,0.36
2022,37,28.54,33.37,26.34,75.16,13.3,11.55,8.81,98.98,0.37
2022,38,29.38,32.94,27.24,75.6,17.54,12.8,9.75,99.51,0.4
2022,39,28.03,30.66,25.99,78.49,6.4,9.57,7.39,74.32,0.42
2022,40,27.52,30.86,25.23,72.5,1.85,4.45,3.56,60.34,0.42
2022,41,27.97,32.96,23.98,69.84,0.07,6.53,5.18,41.23,0.41
2022,42,29.53,34.9,24.75,65.63,0.01,6.26,4.91,52.91,0.4
2022,43,30.21,35.36,25.74,61.19,0.0,5.5,4.3,27.06,0.4
2022,44,30.18,35.86,24.57,58.41,0.03,4.45,3.49,37.21,0.39
2022,45,30.24,35.37,26.3,60.31,0.28,5.08,3.98,21.64,0.39
2022,46,30.57,34.93,26.31,62.41,0.1,4.42,3.5,30.6,0.39
2022,47,32.07,36.77,27.51,53.58,0.01,4.63,3.53,34.59,0.38
2022,48,30.74,35.92,27.29,58.49,0.4,5.2,4.08,29.82,0.38
2022,49,30.35,34.51,26.46,61.32,0.29,4.56,3.65,51.7,0.38
2022,50,31.34,36.73,26.45,53.8,0.0,4.32,3.39,36.22,0.38
2022,51,30.05,35.68,26.13,60.78,0.12,5.14,4.09,23.55,0.38
2022,52,30.0,35.42,25.95,62.16,0.02,3.97,3.17,15.87,0.38
2022,53,30.95,37.09,26.59,57.83,6.38,4.9,3.74,47.81,0.38
2022,54,27.18,28.89,25.77,79.64,12.32,8.63,6.7,92.02,0.4
2022,55,27.28,29.79,25.71,79.35,17.8,8.66,6.71,81.72,0.43
2022,56,27.07,30.06,25.09,75.22,6.06,4.41,3.51,57.67,0.44
2022,57,27.06,31.17,24.09,73.09,0.39,5.18,4.11,56.1,0.43
2022,58,27.19,31.95,23.6,71.57,0.32,8.29,6.5,43.98,0.43
2022,59,26.99,31.57,24.18,77.12,1.57,5.71,4.55,79.31,0.42
2022,60,26.72,30.55,23.87,77.93,2.34,5.79,4.6,72.22,0.42
2022,61,26.35,30.31,23.54,76.33,1.03,7.13,5.64,63.17,0.42
2022,62,27.66,32.19,23.37,76.7,1.09,5.55,4.43,35.42,0.42
2022,63,28.94,33.87,25.48,73.52,7.32,4.07,3.18,40.26,0.42
2022,64,29.23,33.93,26.03,71.66,3.93,3.94,3.08,26.4,0.43
2022,65,29.34,34.06,24.99,65.36,0.0,5.39,4.26,14.19,0.42
2022,66,28.67,33.47,24.56,63.65,0.0,4.45,3.53,13.71,0.42
2022,67,28.79,34.34,24.27,64.2,0.0,3.98,3.17,14.18,0.41
2022,68,29.65,35.19,25.15,63.53,0.0,4.34,3.42,13.77,0.41
2022,69,29.82,35.1,26.03,66.06,0.05,4.37,3.44,21.24,0.41
2022,70,30.85,35.7,26.83,64.7,0.14,4.15,3.24,15.11,0.4
2022,71,30.68,35.9,26.95,61.37,1.15,4.25,3.34,30.48,0.4
2022,72,29.2,34.6,24.84,64.97,0.9,3.32,2.66,46.85,0.4
2022,73,28.99,34.02,25.89,66.46,5.67,3.75,2.95,82.79,0.4
2022,74,28.77,32.95,26.01,70.47,1.91,2.34,1.87,83.71,0.41
2022,75,29.09,33.73,25.87,67.94,0.04,3.76,3.0,47.29,0.41
2022,76,29.16,34.4,25.47,69.36,0.03,5.91,4.72,49.03,0.4
2022,77,27.72,32.24,23.72,72.65,1.0,7.9,6.23,87.42,0.4
2022,78,26.27,32.09,22.05,57.95,0.05,8.34,6.56,25.19,0.4
2022,79,26.22,32.68,20.99,57.2,0.0,7.83,6.15,17.18,0.4
2022,80,27.38,33.89,21.58,57.6,0.0,6.25,4.92,16.78,0.39
2022,81,28.18,33.63,23.33,59.43,0.0,4.38,3.5,16.87,0.39
2022,82,28.56,33.77,25.01,62.32,0.0,3.65,2.89,19.96,0.39
2022,83,28.33,33.17,24.66,65.62,0.02,3.61,2.88,26.73,0.39
2022,84,27.86,31.68,25.45,70.98,0.31,3.71,2.98,45.92,0.39
2022,85,28.16,32.56,24.55,68.67,0.22,5.36,4.3,44.17,0.39
2022,86,27.32,31.63,24.19,73.07,7.49,6.02,4.79,71.26,0.39
2022,87,26.56,31.43,23.38,73.59,0.72,8.62,6.73,60.85,0.4
2022,88,27.42,33.56,22.38,65.33,0.08,8.06,6.24,13.09,0.4
2022,89,28.74,34.84,23.52,57.56,0.01,5.19,4.01,15.93,0.39
2022,90,28.32,34.37,23.37,56.71,0.01,4.75,3.72,15.46,0.39
2022,91,27.51,33.74,22.24,59.14,0.0,4.92,3.91,21.44,0.39
2022,92,27.35,32.36,23.58,61.86,0.0,3.69,2.93,29.71,0.39
2022,93,27.28,32.08,23.3,66.73,0.0,3.8,3.06,33.97,0.38
2022,94,28.31,33.85,23.5,63.81,0.0,3.89,3.1,27.06,0.38
2022,95,27.78,31.9,25.12,71.25,0.0,3.78,3.02,30.39,0.38
2022,96,27.8,32.97,24.36,69.21,0.39,3.01,2.42,33.55,0.38
2022,97,27.77,33.18,24.21,70.87,0.77,4.04,3.22,29.92,0.38
2022,98,27.47,31.45,24.76,75.57,0.6,4.78,3.87,23.18,0.38
2022,99,29.37,34.11,25.22,63.17,1.12,4.59,3.62,26.29,0.38
2022,100,28.81,33.85,24.66,56.87,0.0,6.34,4.93,59.74,0.38
2022,101,29.02,34.79,23.98,55.86,0.0,6.9,5.31,57.33,0.38
2022,102,28.01,32.27,23.82,56.44,0.02,4.37,3.44,77.01,0.38
2022,103,28.18,33.66,24.43,62.19,0.71,4.89,3.87,30.07,0.38
2022,104,28.74,33.96,25.29,64.89,1.63,3.38,2.67,41.31,0.38
2022,105,28.84,31.97,26.18,64.67,1.64,3.38,2.67,56.03,0.38
2022,106,29.04,33.16,25.96,64.58,0.72,4.23,3.32,22.46,0.39
2022,107,28.28,33.3,24.74,67.18,0.01,6.03,4.81,30.09,0.38
2022,108,27.74,32.5,24.67,67.31,0.18,3.66,2.94,47.24,0.38
2022,109,28.01,33.3,24.68,70.38,0.04,3.11,2.49,33.57,0.38
2022,110,28.73,34.43,24.15,66.77,0.02,5.6,4.36,15.65,0.38
2022,111,29.04,34.15,24.16,62.54,0.0,6.12,4.73,47.44,0.38
2022,112,28.24,32.52,24.78,61.28,0.0,3.84,3.0,53.87,0.38
2022,113,27.04,29.1,25.59,78.53,6.36,2.99,2.37,88.17,0.38
2022,114,26.6,30.05,24.67,76.14,7.16,2.75,2.14,99.48,0.4
2022,115,26.22,29.3,23.9,73.99,2.44,2.82,2.25,99.7,0.4
2022,116,25.77,29.24,24.04,82.9,16.01,4.12,3.27,99.36,0.41
2022,117,24.56,27.71,21.11,75.22,2.12,8.76,6.83,80.65,0.43
2022,118,22.65,27.39,19.0,68.66,0.0,7.69,6.06,27.81,0.43
2022,119,22.91,29.24,17.56,65.14,0.0,6.86,5.39,20.5,0.42
2022,120,23.55,28.27,20.33,71.06,0.01,5.43,4.23,29.84,0.42
2022,121,23.35,26.74,21.06,75.18,2.86,4.9,3.84,66.9,0.42
2022,122,23.13,27.9,19.58,72.37,0.39,6.53,5.17,27.38,0.42
2022,123,23.2,28.71,18.78,68.6,0.16,6.7,5.28,17.19,0.41
2022,124,25.41,31.25,20.29,66.08,0.01,5.21,4.02,33.27,0.41
2022,125,25.53,31.37,20.61,62.04,0.01,4.41,3.45,37.85,0.41
2022,126,25.87,31.3,21.62,69.85,0.1,3.93,3.09,17.77,0.41
2022,127,24.89,28.91,22.33,78.28,0.65,3.24,2.55,42.43,0.4
2022,128,24.23,28.65,21.66,77.17,0.51,2.64,2.11,37.13,0.4
2022,129,23.33,26.9,21.38,79.94,0.95,2.73,2.14,26.45,0.4
2022,130,22.65,25.78,20.83,79.76,1.33,3.97,3.17,39.68,0.4
2022,131,23.05,27.35,19.83,73.7,0.35,4.43,3.53,25.73,0.4
2022,132,22.94,29.08,18.29,68.42,0.14,6.13,4.86,17.63,0.4
2022,133,24.01,30.18,19.24,68.48,0.09,4.07,3.22,26.4,0.4
2022,134,25.07,30.12,21.14,62.76,0.05,2.57,1.98,28.77,0.4
2022,135,24.61,30.36,20.38,63.37,0.09,5.1,3.99,21.1,0.4
2022,136,23.81,29.81,18.68,65.71,0.03,6.28,4.93,16.02,0.39
2022,137,23.96,29.89,19.39,61.66,0.01,7.6,5.92,27.49,0.39
2022,138,24.18,30.49,18.59,59.63,0.0,4.93,3.83,29.68,0.39
2022,139,24.6,30.13,20.29,65.3,0.01,4.05,3.19,43.16,0.39
2022,140,24.71,30.17,20.69,68.47,0.08,3.37,2.63,19.32,0.39
2022,141,24.77,31.19,20.02,62.01,0.05,2.74,2.1,38.89,0.39
2022,142,24.78,31.59,19.78,54.26,0.0,3.16,2.38,14.34,0.39
2022,143,24.56,31.6,19.22,60.36,0.0,3.8,2.94,18.46,0.39
2022,144,24.7,29.7,21.06,73.22,0.0,3.76,2.92,41.14,0.39
2022,145,24.28,27.85,22.01,72.84,0.0,2.59,2.09,35.04,0.39
2022,146,23.32,27.33,20.85,73.14,0.03,3.15,2.51,27.46,0.39
2022,147,22.98,27.74,19.88,71.75,0.03,6.49,5.14,31.88,0.39
2022,148,22.0,27.26,17.86,61.15,0.0,7.08,5.6,21.49,0.38
2022,149,22.9,29.41,17.15,62.73,0.0,4.14,3.29,18.88,0.38
2022,150,22.66,27.51,19.15,69.93,0.01,3.74,2.91,29.07,0.38
2022,151,22.26,27.89,17.9,72.32,0.11,4.4,3.53,23.24,0.38
2022,152,21.45,24.91,18.74,75.27,2.78,4.78,3.82,48.14,0.39
2022,153,22.15,26.44,18.91,62.7,0.47,7.03,5.55,38.92,0.39
2022,154,22.15,28.67,16.79,65.56,0.07,8.43,6.59,15.95,0.39
2022,155,23.56,30.07,17.38,66.05,0.16,6.18,4.79,35.01,0.39
2022,156,24.1,28.6,20.88,66.49,0.65,5.58,4.41,47.58,0.39
2022,157,23.26,27.4,20.35,72.64,0.86,8.42,6.59,21.93,0.39
2022,158,22.76,28.28,18.32,70.7,0.02,6.84,5.41,21.22,0.39
2022,159,22.14,26.88,18.79,71.98,0.09,8.19,6.45,31.87,0.39
2022,160,22.06,27.56,17.25,65.73,0.02,6.55,5.18,19.68,0.38
2022,161,22.65,27.75,18.49,63.8,0.0,5.18,4.12,16.14,0.38
2022,162,22.72,28.4,18.11,67.68,0.0,5.78,4.55,16.47,0.38
2022,163,23.97,29.7,18.52,62.82,0.0,5.59,4.32,15.24,0.38
2022,164,23.01,28.47,18.75,55.88,0.0,4.49,3.52,16.85,0.38
2022,165,22.79,28.55,17.59,59.13,0.27,2.96,2.34,23.79,0.38
2022,166,23.44,28.95,19.37,63.44,0.04,3.98,3.07,23.41,0.38
2022,167,21.98,25.34,19.06,76.61,2.08,5.39,4.21,62.72,0.38
2022,168,20.32,24.12,17.66,62.88,0.0,5.18,4.09,37.22,0.38
2022,169,20.25,25.09,15.97,63.68,0.0,5.46,4.32,27.74,0.38
2022,170,21.45,27.85,16.17,64.15,0.0,6.94,5.48,17.94,0.38
2022,171,22.02,28.4,16.89,65.2,0.0,5.55,4.39,16.63,0.38
2022,172,21.2,26.69,16.93,68.27,0.01,7.51,5.93,17.66,0.38
2022,173,20.38,25.78,16.33,68.9,0.02,8.0,6.32,25.25,0.38
2022,174,20.92,26.97,16.31,61.63,0.0,7.86,6.16,19.67,0.38
2022,175,21.71,28.2,16.99,62.41,0.0,5.0,3.95,25.91,0.38
2022,176,21.07,25.98,17.15,68.01,0.15,3.49,2.77,27.57,0.38
2022,177,20.89,25.86,17.21,73.86,0.52,6.7,5.27,34.79,0.38
2022,178,19.66,24.98,16.12,69.09,0.12,8.75,6.89,17.96,0.38
2022,179,18.74,24.71,14.19,65.32,0.01,9.28,7.28,19.43,0.38
2022,180,19.63,25.73,14.42,65.73,0.01,7.05,5.58,18.72,0.38
2022,181,20.13,24.45,16.67,67.46,0.0,5.76,4.58,77.38,0.38
2022,182,21.79,27.84,16.86,64.57,0.02,6.36,4.99,17.54,0.38
2022,183,21.43,28.04,15.69,63.16,0.03,5.98,4.66,17.29,0.38
2022,184,21.48,27.82,16.59,61.35,0.0,4.54,3.59,17.76,0.38
2022,185,21.51,27.5,16.84,58.44,0.0,3.87,3.03,18.01,0.38
2022,186,21.98,27.98,17.39,65.19,0.0,3.65,2.87,19.35,0.38
2022,187,21.96,27.09,17.86,68.7,0.01,2.78,2.17,18.14,0.38
2022,188,22.07,27.3,18.12,70.84,0.07,2.77,2.23,21.12,0.38
2022,189,22.17,28.28,17.09,58.33,0.0,3.61,2.8,17.35,0.38
2022,190,22.62,28.42,18.02,56.88,0.0,6.0,4.67,18.26,0.37
2022,191,21.32,27.79,16.23,61.16,0.0,4.48,3.54,18.49,0.37
2022,192,21.74,27.45,17.03,62.55,0.0,4.14,3.29,18.95,0.37
2022,193,21.88,27.92,17.1,62.57,0.0,4.97,3.94,19.12,0.37
2022,194,21.75,27.66,16.94,63.49,0.0,4.61,3.68,17.98,0.37
2022,195,20.9,25.54,17.66,70.08,0.0,3.05,2.47,19.87,0.37
2022,196,21.56,26.97,16.58,69.21,0.85,5.02,3.94,24.51,0.37
2022,197,22.66,28.39,17.6,63.84,0.05,7.12,5.61,16.32,0.37
2022,198,22.91,29.03,17.91,61.9,0.04,7.74,6.04,20.47,0.37
2022,199,22.41,28.83,16.42,62.13,0.05,6.56,5.12,16.31,0.37
2022,200,23.05,29.7,17.58,61.25,0.03,5.35,4.2,17.41,0.37
2022,201,22.55,28.45,17.75,57.61,0.0,4.71,3.72,17.24,0.37
2022,202,22.6,27.9,18.04,60.21,0.0,4.33,3.44,25.53,0.37
2022,203,23.26,28.56,18.29,58.52,0.0,3.77,2.98,39.88,0.37
2022,204,23.08,28.71,18.51,62.64,0.0,4.1,3.26,31.28,0.37
2022,205,22.31,27.22,18.88,74.56,0.0,2.96,2.35,23.14,0.37
2022,206,21.82,25.98,19.01,75.39,0.06,4.3,3.45,25.74,0.37
2022,207,21.06,25.05,18.66,71.15,0.19,5.46,4.42,34.29,0.37
2022,208,21.1,26.27,16.38,68.09,0.01,6.13,4.93,30.31,0.37
2022,209,22.13,27.88,17.18,63.96,0.02,7.02,5.59,18.48,0.37
2022,210,23.89,29.61,18.16,62.89,0.03,4.6,3.62,18.2,0.37
2022,211,24.27,29.42,20.53,64.86,0.02,4.54,3.63,29.78,0.37
2022,212,23.94,28.55,20.23,69.12,0.0,3.18,2.53,27.69,0.37
2022,213,23.36,28.29,19.84,66.52,0.0,7.23,5.74,16.71,0.37
2022,214,22.01,27.41,18.21,66.1,0.0,8.05,6.39,15.38,0.37
2022,215,22.39,28.65,17.04,63.36,0.0,4.13,3.31,25.86,0.37
2022,216,23.02,28.4,19.31,67.91,0.18,4.12,3.26,37.91,0.37
2022,217,22.19,26.21,19.06,70.83,0.54,3.12,2.52,27.53,0.37
2022,218,21.69,26.19,18.42,72.63,0.35,4.5,3.61,28.27,0.37
2022,219,22.03,27.38,17.46,68.23,0.11,5.7,4.58,19.04,0.37
2022,220,23.48,30.09,17.75,60.41,0.01,4.5,3.54,16.3,0.37
2022,221,23.43,29.06,18.28,58.39,0.01,4.52,3.6,17.04,0.37
2022,222,23.44,29.6,18.21,56.79,0.02,4.56,3.63,20.38,0.37
2022,223,23.97,29.82,19.17,53.1,0.0,5.04,4.01,18.1,0.37
2022,224,23.43,29.5,18.4,55.36,0.01,4.32,3.43,17.67,0.37
2022,225,23.4,28.71,19.0,59.58,0.0,3.76,3.0,20.37,0.37
2022,226,23.83,29.93,18.91,64.74,0.01,4.03,3.18,18.83,0.37
2022,227,24.33,29.65,20.38,71.3,2.41,6.69,5.27,48.65,0.37
2022,228,21.6,25.4,18.56,66.6,3.02,6.11,4.95,58.02,0.38
2022,229,20.82,26.81,16.18,68.08,0.0,4.06,3.29,25.49,0.38
2022,230,21.4,26.83,16.89,69.3,0.01,4.35,3.42,23.75,0.37
2022,231,23.17,29.07,18.1,64.69,0.0,3.95,3.07,30.49,0.37
2022,232,23.78,28.66,19.82,78.02,1.85,6.28,4.93,28.37,0.37
2022,233,21.84,25.27,17.84,71.07,7.96,7.64,6.1,57.89,0.39
2022,234,21.93,28.29,16.23,64.58,0.0,6.25,5.02,24.49,0.39
2022,235,24.22,29.31,19.57,62.15,0.0,4.85,3.85,25.58,0.38
2022,236,24.04,29.52,19.51,58.54,0.05,4.82,3.78,23.14,0.38
2022,237,23.7,29.34,18.81,57.05,0.05,4.34,3.46,25.42,0.38
2022,238,23.95,29.17,20.47,60.14,0.04,4.04,3.22,26.71,0.38
2022,239,24.23,29.89,19.43,57.85,0.06,4.13,3.3,40.43,0.38
2022,240,24.21,29.82,19.57,54.73,0.01,4.42,3.52,38.99,0.37
2022,241,23.36,29.41,18.65,56.26,0.0,4.22,3.37,19.03,0.37
2022,242,22.14,26.92,18.03,67.33,0.24,4.7,3.76,24.77,0.37
2022,243,20.89,23.59,18.2,62.57,0.66,8.5,6.79,74.4,0.37
2022,244,20.28,25.17,16.94,57.63,0.0,7.87,6.32,49.06,0.37
2022,245,22.18,28.99,15.82,54.57,0.0,6.45,5.14,43.35,0.37
2022,246,23.15,29.26,18.54,59.75,0.0,4.51,3.61,18.94,0.37
2022,247,23.55,30.05,17.77,53.61,0.01,3.64,2.9,19.0,0.37
2022,248,23.98,30.62,18.55,57.23,0.01,3.79,2.99,18.28,0.37
2022,249,23.9,30.4,19.0,63.87,0.02,4.43,3.56,16.94,0.37
2022,250,23.23,29.1,18.61,64.59,0.09,7.67,6.1,17.84,0.37
2022,251,24.67,31.12,19.02,58.46,0.1,6.24,4.89,17.36,0.37
2022,252,24.07,29.85,19.46,58.54,0.0,4.53,3.63,16.29,0.37
2022,253,23.72,29.57,19.48,64.22,0.0,3.74,2.96,18.82,0.37
2022,254,23.35,29.3,18.77,60.06,0.0,3.54,2.76,20.32,0.37
2022,255,23.68,30.77,18.56,56.5,0.04,4.64,3.67,18.84,0.37
2022,256,23.07,29.34,18.4,68.36,0.13,8.01,6.38,18.24,0.37
2022,257,24.01,29.78,18.73,62.29,0.04,9.02,7.12,20.47,0.37
2022,258,24.69,31.45,19.87,60.81,0.01,4.5,3.58,20.74,0.37
2022,259,24.5,30.65,20.08,60.07,0.36,4.53,3.61,17.45,0.37
2022,260,25.08,31.27,20.61,61.52,0.48,3.55,2.81,19.9,0.37
2022,261,25.49,31.09,21.24,62.29,0.08,3.03,2.44,32.95,0.37
2022,262,25.69,31.84,21.15,65.25,0.0,3.06,2.45,22.03,0.37
2022,263,26.13,32.47,21.88,59.94,0.0,3.72,2.94,19.18,0.37
2022,264,26.55,33.03,21.94,55.52,0.0,3.38,2.68,16.26,0.36
2022,265,26.72,32.89,22.05,55.64,0.0,4.89,3.88,20.45,0.36
2022,266,27.47,33.8,22.34,48.36,0.0,5.27,4.11,15.71,0.36
2022,267,25.64,31.15,21.11,55.34,0.0,3.67,2.96,22.58,0.36
2022,268,25.45,31.04,22.05,63.44,0.0,4.23,3.41,23.89,0.36
2022,269,25.85,31.73,21.61,60.21,0.0,3.72,2.96,32.07,0.36
2022,270,26.47,32.66,20.64,60.84,0.0,6.01,4.77,22.43,0.36
2022,271,27.16,33.82,20.99,51.34,0.0,5.88,4.63,25.17,0.36
2022,272,25.18,32.25,19.79,53.63,0.0,4.95,3.99,17.1,0.36
2022,273,24.6,29.94,20.61,63.54,0.0,4.23,3.41,20.57,0.36
2022,274,24.8,30.7,19.88,64.45,0.0,3.65,2.94,20.68,0.36
2022,275,24.99,30.88,20.95,71.14,0.0,3.65,2.97,30.26,0.36
2022,276,24.52,30.11,20.42,69.19,0.0,3.18,2.57,50.07,0.36
2022,277,25.01,30.78,20.63,67.75,0.0,3.52,2.89,44.57,0.36
2022,278,26.29,33.77,20.8,65.74,0.0,5.05,4.08,26.52,0.36
2022,279,27.84,34.72,22.46,56.34,0.0,3.74,2.97,25.14,0.36
2022,280,27.1,33.79,23.04,62.31,0.0,3.54,2.85,25.4,0.36
2022,281,27.21,33.84,22.31,65.09,0.0,2.98,2.45,29.26,0.36
2022,282,27.6,35.7,22.77,60.1,0.0,3.66,2.89,45.78,0.36
2022,283,26.4,31.13,23.03,70.72,0.0,3.79,3.11,37.11,0.36
2022,284,27.34,33.92,21.97,62.8,0.0,4.91,3.99,38.22,0.36
2022,285,26.98,33.26,23.03,65.56,0.0,4.57,3.68,50.84,0.36
2022,286,26.45,32.14,22.68,69.92,0.03,4.37,3.56,41.51,0.36
2022,287,27.39,33.86,23.68,62.12,0.03,3.78,3.03,35.7,0.36
2022,288,26.73,31.94,23.5,66.06,0.08,3.91,3.17,38.21,0.36
2022,289,26.15,30.29,23.45,65.79,0.07,4.29,3.53,43.86,0.36
2022,290,26.64,32.18,22.26,65.24,0.0,4.64,3.76,35.47,0.36
2022,291,27.74,33.73,23.55,62.25,0.05,3.9,3.14,23.51,0.36
2022,292,27.3,33.71,23.51,58.47,0.25,5.02,4.04,25.54,0.36
2022,293,26.91,32.62,23.67,67.56,0.4,4.18,3.39,28.66,0.36
2022,294,26.93,32.1,24.17,66.65,0.55,4.01,3.28,29.67,0.36
2022,295,26.8,31.94,23.62,65.07,2.03,3.58,2.92,35.33,0.36
2022,296,26.31,30.93,22.61,66.54,0.26,3.72,3.03,24.4,0.36
2022,297,26.13,29.83,23.63,67.53,0.03,3.72,3.07,38.48,0.36
2022,298,26.11,32.18,21.77,63.15,0.0,4.07,3.31,27.17,0.36
2022,299,27.67,33.05,23.97,58.22,0.01,3.67,2.98,52.26,0.36
2022,300,28.24,34.04,23.37,56.47,0.0,5.5,4.42,19.78,0.36
2022,301,27.88,32.97,24.04,57.56,0.01,5.42,4.38,57.54,0.36
2022,302,27.05,30.57,24.03,59.35,0.16,6.9,5.5,56.65,0.36
2022,303,28.06,35.06,22.17,60.91,0.04,6.24,4.98,23.35,0.36
2022,304,28.32,33.58,25.29,63.97,0.26,5.49,4.4,43.73,0.36
2022,305,27.22,31.69,24.09,65.57,0.03,5.55,4.51,45.32,0.36
2022,306,26.74,31.65,22.98,64.7,0.67,7.99,6.42,29.7,0.36
2022,307,26.33,32.01,21.74,62.34,0.22,6.98,5.65,53.17,0.36
2022,308,27.45,33.29,22.36,60.5,0.0,5.68,4.61,45.62,0.36
2022,309,27.1,30.85,24.17,68.7,0.52,5.21,4.19,63.05,0.36
2022,310,26.22,29.82,23.78,71.65,0.56,3.66,3.0,79.19,0.36
2022,311,27.81,32.56,23.79,63.12,1.42,4.15,3.39,32.78,0.36
2022,312,28.74,33.46,24.45,57.45,0.92,3.07,2.48,27.72,0.36
2022,313,28.28,32.8,24.56,63.67,0.48,3.7,3.0,31.49,0.36
2022,314,28.26,33.37,24.72,63.2,0.62,3.55,2.89,28.7,0.36
2022,315,28.79,33.76,24.86,58.12,0.06,6.24,5.01,34.56,0.36
2022,316,29.96,34.94,24.71,55.2,0.05,6.29,5.01,29.56,0.36
2022,317,29.81,36.27,25.66,55.3,2.0,5.43,4.3,39.73,0.36
2022,318,27.94,32.18,25.35,71.21,3.01,5.44,4.4,58.57,0.37
2022,319,27.42,31.6,24.77,69.54,0.55,3.79,3.12,58.85,0.37
2022,320,26.38,30.57,23.22,68.72,0.23,4.3,3.54,54.07,0.37
2022,321,25.24,29.77,22.2,60.94,0.01,3.71,3.06,21.06,0.36
2022,322,25.99,31.8,20.6,60.73,0.05,4.67,3.8,20.03,0.36
2022,323,26.77,32.54,21.8,60.62,0.0,4.02,3.25,37.74,0.36
2022,324,26.49,30.66,22.68,72.41,8.51,5.39,4.34,66.07,0.36
2022,325,24.85,28.98,21.22,64.19,1.8,7.17,5.8,42.9,0.38
2022,326,24.65,30.49,19.5,58.03,0.0,6.79,5.51,21.55,0.37
2022,327,26.28,32.14,20.98,61.54,0.01,5.22,4.21,24.8,0.37
2022,328,26.71,31.66,23.29,70.66,15.6,4.19,3.39,40.34,0.37
2022,329,27.52,33.15,23.33,66.57,1.62,3.56,2.86,66.81,0.4
2022,330,27.54,31.69,24.36,69.06,0.98,3.06,2.51,28.19,0.39
2022,331,27.43,32.27,24.15,70.39,0.12,3.49,2.83,23.0,0.39
2022,332,27.15,32.05,23.97,67.32,0.01,3.49,2.85,44.84,0.38
2022,333,26.12,30.54,23.3,67.76,0.17,4.14,3.4,90.78,0.38
2022,334,25.65,29.56,23.17,70.02,2.2,2.42,2.01,99.75,0.38
2022,335,26.37,30.17,23.8,68.27,0.25,2.23,1.81,59.76,0.38
2022,336,26.38,29.24,24.5,73.45,1.02,2.67,2.16,99.02,0.38
2022,337,26.85,30.75,24.03,68.54,1.53,3.08,2.49,83.84,0.38
2022,338,27.7,32.15,24.42,69.15,3.8,3.45,2.76,46.41,0.38
2022,339,28.74,33.5,25.09,67.33,2.54,3.17,2.54,40.86,0.39
2022,340,28.97,32.42,25.54,65.7,2.63,2.96,2.37,49.47,0.39
2022,341,29.46,33.38,25.82,65.72,0.65,4.39,3.5,45.87,0.38
2022,342,29.7,34.77,25.52,63.13,0.17,4.14,3.34,26.27,0.38
2022,343,30.12,35.83,24.98,55.8,0.03,4.4,3.5,21.99,0.38
2022,344,29.87,35.6,25.8,61.68,0.36,5.3,4.22,36.77,0.37
2022,345,29.91,34.16,26.94,65.0,0.43,3.81,3.06,40.95,0.37
2022,346,29.91,34.96,26.53,62.76,10.77,3.75,3.0,40.02,0.37
2022,347,28.96,33.18,25.82,67.9,1.95,3.51,2.76,60.98,0.39
2022,348,27.87,30.48,25.06,62.8,2.3,2.37,1.89,67.86,0.39
2022,349,26.21,28.72,24.45,71.55,7.33,2.07,1.64,84.47,0.4
2022,350,27.22,31.35,23.92,67.86,3.17,3.31,2.64,55.11,0.4
2022,351,28.03,31.75,24.44,68.76,4.16,2.87,2.31,64.51,0.4
2022,352,28.16,31.96,24.63,72.18,6.54,6.21,4.94,58.38,0.41
2022,353,27.51,30.13,25.75,76.93,10.54,5.94,4.7,81.14,0.42
2022,354,26.72,29.12,24.99,81.43,10.55,6.9,5.44,99.13,0.43
2022,355,25.49,27.08,22.22,84.76,30.05,6.82,5.39,99.63,0.47
2022,356,24.49,29.02,21.37,72.13,1.08,8.07,6.42,49.85,0.48
2022,357,24.56,29.73,20.35,64.46,0.09,7.7,6.15,32.03,0.47
2022,358,25.08,30.78,19.5,64.82,0.0,6.0,4.84,21.62,0.46
2022,359,25.6,30.16,21.32,72.87,0.05,4.25,3.42,21.82,0.45
2022,360,27.4,31.71,24.29,74.3,0.95,3.36,2.74,30.76,0.45
2022,361,27.15,31.01,25.11,76.13,3.61,3.7,2.97,50.7,0.45
2022,362,27.9,31.82,24.67,74.2,0.12,4.5,3.64,50.89,0.44
2022,363,27.82,31.4,25.43,77.15,0.22,4.34,3.51,43.62,0.44
2022,364,27.83,31.06,25.59,78.24,0.28,4.84,3.91,57.82,0.44
2022,365,28.92,34.04,24.74,65.75,0.01,5.25,4.19,21.11,0.43
2023,1,27.81,32.42,23.69,68.54,0.01,4.63,3.74,14.82,0.43
2023,2,27.36,31.27,25.01,71.8,1.17,3.47,2.79,80.0,0.43
2023,3,25.59,27.61,24.25,76.76,4.78,1.99,1.64,99.59,0.43
2023,4,27.01,30.35,24.19,74.1,1.84,5.64,4.46,92.53,0.43
2023,5,27.1,30.47,24.29,76.95,3.12,5.04,4.01,81.38,0.43
2023,6,27.81,31.65,24.67,73.57,3.16,3.55,2.86,50.78,0.44
2023,7,28.21,31.82,25.35,72.12,2.84,2.81,2.27,50.49,0.44
2023,8,28.42,32.84,25.16,70.73,0.99,3.28,2.61,62.86,0.44
2023,9,28.45,33.66,25.17,73.69,5.41,3.93,3.14,57.8,0.43
2023,10,27.01,29.68,25.09,78.07,13.56,2.28,1.86,71.8,0.46
2023,11,27.51,31.04,24.52,74.33,2.03,2.98,2.41,41.24,0.46
2023,12,28.28,31.64,25.49,71.34,0.9,2.38,1.92,36.49,0.45
2023,13,29.2,32.91,26.12,69.92,0.58,2.84,2.26,25.98,0.45
2023,14,30.33,35.34,25.87,64.55,0.5,4.01,3.14,29.81,0.44
2023,15,30.02,35.37,24.77,61.03,0.17,4.19,3.35,17.26,0.44
2023,16,30.01,35.52,24.94,60.55,0.28,3.85,3.09,18.37,0.43
2023,17,30.27,35.74,25.64,60.56,0.26,4.07,3.25,13.05,0.43
2023,18,30.12,35.54,24.27,55.58,0.03,4.41,3.53,12.77,0.42
2023,19,30.02,36.74,23.48,55.13,0.03,6.36,4.9,41.7,0.42
2023,20,30.01,36.06,23.61,58.36,0.17,6.14,4.76,69.1,0.41
2023,21,30.74,35.8,25.57,62.27,1.09,6.15,4.73,78.94,0.41
2023,22,30.66,35.74,26.32,60.42,2.12,8.54,6.57,47.38,0.41
2023,23,29.23,32.69,26.08,61.0,0.36,10.59,8.12,96.36,0.41
2023,24,28.6,32.03,25.62,68.86,3.33,8.0,6.19,96.95,0.41
2023,25,29.33,34.18,25.6,66.4,5.98,8.71,6.73,97.67,0.41
2023,26,27.67,32.28,24.7,76.25,29.14,10.06,7.75,98.97,0.43
2023,27,28.45,32.77,25.03,71.11,5.92,13.65,10.38,99.03,0.47
2023,28,28.7,31.36,26.83,76.13,4.27,14.62,11.08,99.67,0.47
2023,29,27.67,30.09,25.87,79.8,12.54,7.14,5.53,76.99,0.48
2023,30,27.21,30.55,24.41,72.62,0.53,5.0,3.96,32.35,0.47
2023,31,27.21,32.82,22.89,67.77,0.01,7.65,6.02,44.0,0.46
2023,32,27.96,33.74,22.46,66.12,0.11,5.8,4.55,30.8,0.46
2023,33,28.75,33.04,25.13,66.56,0.62,3.75,2.96,25.46,0.45
2023,34,28.43,33.42,24.99,68.63,0.47,4.53,3.61,22.58,0.44
2023,35,28.61,32.26,25.47,67.62,0.17,3.54,2.77,41.56,0.44
2023,36,27.66,30.34,25.41,70.57,2.14,3.51,2.74,81.96,0.44
2023,37,28.26,32.68,24.1,67.3,0.25,3.53,2.73,50.58,0.44
2023,38,27.79,31.22,25.41,71.65,5.02,4.15,3.26,89.85,0.44
2023,39,27.66,32.27,24.23,72.58,4.03,4.09,3.23,99.69,0.45
2023,40,27.75,32.32,24.87,75.5,3.17,4.01,3.17,95.76,0.45
2023,41,27.82,31.5,25.11,73.04,2.32,3.78,2.97,64.78,0.45
2023,42,28.85,34.16,24.43,68.72,0.2,3.33,2.64,18.88,0.45
2023,43,28.72,33.79,24.74,70.58,0.15,3.22,2.6,47.4,0.44
2023,44,28.94,33.58,25.26,68.98,0.25,3.52,2.85,50.67,0.43
2023,45,28.74,33.59,25.84,65.64,0.21,3.92,3.14,29.8,0.43
2023,46,28.6,33.24,25.01,65.88,0.11,3.18,2.55,32.77,0.43
2023,47,28.8,32.93,25.78,66.34,0.27,2.73,2.2,39.54,0.42
2023,48,28.38,33.01,25.54,69.84,0.55,2.71,2.19,58.68,0.42
2023,49,28.4,33.34,25.02,70.68,0.32,3.44,2.77,38.18,0.42
2023,50,29.2,34.35,25.47,67.87,0.04,3.71,2.97,19.66,0.41
2023,51,30.2,35.39,26.27,67.25,0.03,3.35,2.67,43.13,0.41
2023,52,30.37,35.37,27.02,68.84,0.04,4.0,3.18,56.74,0.41
2023,53,29.26,33.6,26.43,72.77,0.56,7.4,5.71,96.75,0.41
2023,54,30.26,34.87,26.56,66.97,0.39,5.09,3.93,96.78,0.41
2023,55,28.7,31.45,27.01,74.56,1.33,2.14,1.76,98.69,0.41
2023,56,29.05,33.15,26.3,70.71,0.1,3.0,2.39,55.37,0.41
2023,57,28.75,32.39,26.24,71.5,0.93,3.16,2.51,60.95,0.41
2023,58,29.03,33.12,26.53,70.89,1.05,3.21,2.58,56.27,0.41
2023,59,28.42,31.14,26.67,68.61,0.21,2.56,2.04,78.7,0.4
2023,60,28.41,32.46,25.51,66.8,0.33,3.58,2.85,68.85,0.4
2023,61,26.5,28.6,25.01,77.6,31.5,1.86,1.53,99.56,0.42
2023,62,25.76,27.58,24.38,81.92,11.38,3.47,2.81,99.82,0.47
2023,63,25.66,28.22,23.29,84.78,58.05,6.68,5.25,99.96,0.52
2023,64,26.6,28.4,24.79,86.19,67.5,12.37,9.39,99.62,0.61
2023,65,27.27,28.51,26.54,85.87,31.36,17.25,12.93,99.92,0.68
2023,66,27.66,30.02,25.51,81.53,8.63,14.07,10.63,99.87,0.67
2023,67,27.2,31.5,23.89,76.91,0.95,6.64,5.1,87.81,0.65
2023,68,27.8,31.84,24.35,79.82,17.57,3.12,2.43,92.95,0.64
2023,69,26.83,29.26,25.14,82.71,8.83,3.98,3.11,77.28,0.66
2023,70,26.94,30.81,23.77,80.06,3.95,3.57,2.76,90.15,0.65
2023,71,26.79,30.6,23.41,78.2,4.87,3.31,2.59,18.75,0.65
2023,72,26.87,30.95,23.09,74.43,0.01,3.46,2.7,70.4,0.64
2023,73,26.17,29.69,23.22,76.74,0.12,3.97,3.14,95.77,0.63
2023,74,24.24,25.6,23.19,86.04,2.51,2.03,1.63,98.34,0.62
2023,75,24.74,27.02,23.15,82.35,0.25,3.39,2.66,69.73,0.62
2023,76,24.61,27.32,22.77,80.19,0.04,2.29,1.84,23.96,0.61
2023,77,25.26,28.92,21.92,79.68,0.01,3.22,2.55,30.46,0.61
2023,78,25.8,29.41,22.37,79.89,0.02,3.6,2.88,21.66,0.6
2023,79,26.56,30.28,23.1,82.58,0.14,4.06,3.24,26.7,0.59
2023,80,27.27,31.19,23.66,81.71,3.67,3.42,2.71,44.32,0.58
2023,81,26.76,29.07,25.22,83.76,3.23,3.19,2.47,58.46,0.59
2023,82,27.45,31.04,25.06,78.17,1.78,3.84,3.0,40.76,0.59
2023,83,26.95,31.36,23.79,78.69,0.12,5.88,4.61,12.81,0.58
2023,84,26.08,30.48,22.66,77.95,0.03,8.61,6.67,10.44,0.57
2023,85,26.67,31.55,22.69,77.56,0.94,4.68,3.67,18.22,0.56
2023,86,26.22,28.74,23.38,81.17,1.31,4.36,3.48,27.67,0.55
2023,87,22.99,26.12,19.77,72.28,0.19,7.5,5.92,44.76,0.55
2023,88,23.48,29.16,18.04,73.37,0.1,4.89,3.91,16.85,0.54
2023,89,24.48,27.91,21.44,82.13,0.95,3.86,3.09,24.75,0.54
2023,90,25.2,29.14,22.51,80.77,0.64,6.32,5.01,36.47,0.53
2023,91,25.65,29.28,22.62,84.09,1.29,5.46,4.35,76.66,0.53
2023,92,26.0,30.32,22.63,77.53,1.05,5.92,4.68,26.95,0.53
2023,93,25.92,31.04,21.41,76.47,0.09,4.3,3.42,16.32,0.52
2023,94,25.84,29.65,22.88,81.94,0.94,3.02,2.37,22.63,0.52
2023,95,25.84,30.12,23.11,81.25,1.86,2.73,2.18,36.14,0.51
2023,96,26.22,29.55,23.86,80.8,0.77,2.4,1.9,41.32,0.51
2023,97,26.59,30.86,23.94,77.93,0.35,3.55,2.8,35.36,0.51
2023,98,26.33,30.34,23.97,77.32,0.21,2.68,2.13,56.14,0.5
2023,99,26.85,30.39,24.18,76.9,0.06,2.53,2.02,22.11,0.5
2023,100,26.57,30.76,23.27,75.52,0.03,3.5,2.76,11.46,0.49
2023,101,25.59,29.28,23.26,79.57,0.02,3.27,2.63,41.88,0.49
2023,102,24.48,27.94,22.11,78.34,0.01,3.84,3.04,79.03,0.49
2023,103,24.94,29.36,21.58,75.56,0.01,5.56,4.43,17.19,0.49
2023,104,25.0,29.92,20.99,77.92,0.0,3.93,3.14,16.34,0.48
2023,105,24.9,28.85,22.0,73.1,0.01,5.15,4.04,22.5,0.48
2023,106,24.16,28.92,20.56,71.3,0.01,6.88,5.43,25.0,0.47
2023,107,24.66,30.25,20.03,70.2,0.0,6.06,4.78,13.75,0.47
2023,108,26.48,32.01,21.65,70.12,0.03,4.08,3.15,16.75,0.47
2023,109,27.29,32.05,23.28,66.3,0.06,4.02,3.04,19.71,0.46
2023,110,26.67,31.21,23.46,71.38,0.24,3.22,2.47,31.1,0.46
2023,111,25.78,29.72,23.17,76.19,0.15,3.03,2.32,25.72,0.46
2023,112,24.66,29.09,21.8,78.96,0.03,3.27,2.61,33.34,0.46
2023,113,23.7,28.64,20.09,76.49,0.01,3.16,2.51,19.1,0.45
2023,114,24.12,27.87,21.54,77.55,0.15,4.43,3.47,35.49,0.45
2023,115,23.31,27.52,19.86,73.94,0.02,5.56,4.38,32.76,0.45
2023,116,23.14,28.77,18.92,69.39,0.14,6.98,5.5,14.83,0.45
2023,117,23.33,28.95,19.09,70.98,0.22,6.55,5.15,14.66,0.44
2023,118,24.97,31.26,19.46,66.71,0.06,4.63,3.56,19.0,0.44
2023,119,25.1,31.19,20.4,66.12,0.01,4.3,3.36,15.44,0.44
2023,120,24.17,28.94,21.05,75.53,0.13,4.1,3.2,17.41,0.44
2023,121,23.1,27.65,19.91,73.88,0.57,6.12,4.85,36.9,0.44
2023,122,22.2,27.71,18.13,66.89,0.01,6.01,4.78,21.98,0.43
2023,123,23.07,29.63,17.79,67.09,0.0,6.34,4.99,16.34,0.43
2023,124,23.76,29.46,19.06,71.15,0.01,3.65,2.88,21.36,0.43
2023,125,24.09,28.58,20.91,75.17,1.62,3.34,2.58,38.65,0.43
2023,126,24.17,28.35,21.21,73.85,0.1,2.44,1.94,53.07,0.43
2023,127,24.72,29.83,20.35,69.9,0.01,2.85,2.2,23.83,0.43
2023,128,25.51,30.91,21.3,67.87,0.01,2.86,2.22,31.8,0.42
2023,129,25.3,30.25,21.64,71.69,0.01,3.08,2.41,46.6,0.42
2023,130,26.16,30.86,22.12,69.46,0.14,2.35,1.78,54.73,0.42
2023,131,25.74,29.27,23.41,71.88,1.32,3.23,2.47,74.03,0.42
2023,132,25.39,29.42,22.68,75.86,1.01,2.99,2.34,54.6,0.42
2023,133,25.12,29.76,21.88,74.44,0.4,3.34,2.64,14.99,0.42
2023,134,25.14,30.7,21.06,71.38,0.11,4.56,3.64,32.5,0.42
2023,135,24.33,29.09,21.27,75.65,0.29,3.52,2.76,31.91,0.41
2023,136,23.21,26.37,21.23,78.18,1.04,3.66,2.89,51.28,0.41
2023,137,22.38,26.84,19.4,74.11,0.13,3.76,3.01,20.18,0.41
2023,138,22.08,28.34,17.35,67.33,0.03,3.48,2.73,19.19,0.41
2023,139,22.74,27.89,19.02,60.69,0.0,2.44,1.87,22.53,0.41
2023,140,23.66,27.65,20.34,76.29,0.99,3.13,2.48,29.08,0.41
2023,141,22.84,26.34,20.71,71.79,0.16,3.62,2.82,22.17,0.41
2023,142,22.48,26.73,18.8,71.58,0.17,2.76,2.18,49.16,0.41
2023,143,21.88,25.77,18.38,69.37,0.42,5.64,4.5,45.82,0.41
2023,144,20.29,25.16,15.8,64.33,0.0,5.67,4.52,33.58,0.41
2023,145,21.69,27.31,16.89,63.56,0.01,7.11,5.61,20.93,0.41
2023,146,23.19,29.7,17.52,66.24,0.03,3.97,3.15,18.86,0.4
2023,147,24.04,29.86,19.59,63.93,0.0,3.41,2.63,34.85,0.4
2023,148,24.18,29.78,19.87,66.22,0.0,3.81,2.98,35.94,0.4
2023,149,23.69,29.72,19.12,65.08,0.01,3.42,2.66,18.4,0.4
2023,150,24.05,30.6,18.92,58.1,0.02,3.63,2.76,17.79,0.4
2023,151,23.82,30.14,18.65,64.15,0.02,3.28,2.54,27.98,0.4
2023,152,24.14,30.53,19.27,58.76,0.0,2.67,2.01,54.43,0.4
2023,153,23.84,29.78,18.85,61.99,0.0,3.1,2.38,24.42,0.4
2023,154,24.1,30.07,19.37,64.92,0.0,3.07,2.37,17.46,0.4
2023,155,24.79,30.97,19.94,64.15,0.0,3.09,2.37,25.81,0.4
2023,156,24.94,30.61,20.43,65.33,0.0,2.97,2.3,22.25,0.39
2023,157,24.72,30.22,19.88,67.11,0.0,4.62,3.61,21.07,0.39
2023,158,24.83,30.97,19.97,58.58,0.0,4.86,3.74,16.85,0.39
2023,159,24.49,30.29,19.89,71.13,0.0,3.53,2.77,17.95,0.39
2023,160,23.63,28.94,19.95,76.39,0.0,3.18,2.47,19.73,0.39
2023,161,22.71,26.75,19.88,75.86,0.0,2.53,2.0,21.93,0.39
2023,162,22.42,27.04,18.51,74.47,0.0,3.52,2.79,23.47,0.39
2023,163,21.73,26.72,17.8,73.5,0.0,3.72,2.97,19.47,0.39
2023,164,21.87,25.49,18.82,70.13,0.0,3.89,3.08,43.53,0.39
2023,165,22.68,27.78,18.81,71.17,0.0,4.14,3.17,25.3,0.39
2023,166,22.98,28.15,18.81,74.09,0.0,4.74,3.63,22.67,0.39
2023,167,23.07,27.39,19.71,79.65,0.12,4.52,3.46,20.85,0.39
2023,168,23.03,27.82,19.37,67.82,0.09,4.64,3.65,28.29,0.39
2023,169,22.77,29.34,16.97,61.88,0.01,3.49,2.8,16.66,0.39
2023,170,22.73,28.03,18.57,72.72,0.04,3.43,2.65,18.3,0.39
2023,171,22.96,27.32,20.18,74.98,0.24,2.95,2.31,18.92,0.39
2023,172,22.78,27.91,18.78,71.22,0.09,3.19,2.49,17.07,0.39
2023,173,21.93,26.57,18.32,75.52,0.11,4.55,3.62,36.02,0.39
2023,174,21.1,24.83,18.19,71.74,1.22,6.97,5.55,49.5,0.39
2023,175,19.64,24.79,15.58,62.75,0.02,7.36,5.85,28.11,0.39
2023,176,19.18,24.78,14.34,59.04,0.0,6.82,5.42,19.98,0.39
2023,177,19.69,26.34,14.2,61.63,0.0,6.15,4.89,18.98,0.39
2023,178,20.82,26.88,16.09,66.32,0.12,5.84,4.62,16.23,0.39
2023,179,20.81,27.03,15.51,67.82,0.07,6.21,4.92,17.77,0.39
2023,180,21.29,27.48,16.3,66.89,0.06,5.34,4.18,16.76,0.39
2023,181,21.26,26.34,17.59,72.8,0.01,4.72,3.69,20.72,0.39
2023,182,21.69,26.32,18.25,72.21,0.11,4.65,3.7,27.89,0.39
2023,183,21.56,27.5,16.57,65.25,0.01,5.83,4.62,16.08,0.39
2023,184,21.93,28.1,16.48,60.92,0.0,5.29,4.13,17.0,0.39
2023,185,21.4,27.36,16.18,65.35,0.0,4.11,3.26,17.78,0.39
2023,186,21.13,25.56,17.67,72.91,0.09,3.3,2.55,26.38,0.38
2023,187,20.86,25.66,17.15,69.95,0.11,6.1,4.79,26.87,0.38
2023,188,21.58,27.72,16.13,65.94,0.04,6.07,4.76,18.07,0.38
2023,189,22.45,28.66,17.5,65.81,0.0,4.35,3.41,20.54,0.38
2023,190,22.96,28.67,18.36,64.61,0.0,2.61,1.98,28.98,0.38
2023,191,22.91,27.93,18.87,73.71,0.01,2.65,2.06,22.91,0.38
2023,192,21.73,26.1,18.34,77.32,0.18,3.74,2.96,47.29,0.38
2023,193,20.3,24.74,17.41,63.56,0.23,9.18,7.23,37.96,0.38
2023,194,20.51,26.5,15.65,59.03,0.0,7.78,6.14,18.94,0.38
2023,195,20.46,26.41,15.26,61.46,0.0,7.78,6.15,17.8,0.38
2023,196,21.19,27.9,15.25,57.98,0.0,4.47,3.54,16.98,0.38
2023,197,21.57,27.08,16.98,59.84,0.0,4.4,3.46,17.21,0.38
2023,198,21.28,26.38,17.1,71.24,0.07,5.23,4.15,20.29,0.38
2023,199,22.47,29.27,16.93,65.28,0.02,4.65,3.65,16.57,0.38
2023,200,23.14,28.55,19.23,68.69,0.05,4.25,3.36,20.36,0.38
2023,201,22.5,26.74,19.8,74.29,0.13,4.71,3.76,64.82,0.38
2023,202,21.4,25.8,18.77,67.66,0.03,9.88,7.74,49.27,0.38
2023,203,21.99,28.14,16.98,67.94,0.01,5.11,4.08,15.75,0.38
2023,204,21.82,26.52,18.68,79.54,0.03,3.31,2.61,27.68,0.38
2023,205,21.37,26.85,18.09,74.57,0.03,3.2,2.56,32.33,0.38
2023,206,20.21,24.42,17.08,74.93,0.08,5.45,4.34,33.56,0.38
2023,207,20.14,26.49,15.24,59.76,0.0,8.53,6.72,18.05,0.38
2023,208,20.47,27.74,13.97,59.22,0.0,4.2,3.33,18.49,0.38
2023,209,20.62,26.52,16.13,66.99,0.0,3.47,2.7,19.47,0.38
2023,210,20.56,26.83,15.74,64.47,0.0,2.6,1.99,18.3,0.38
2023,211,20.5,26.09,15.82,67.59,0.0,3.44,2.67,20.83,0.38
2023,212,21.05,26.95,16.55,69.2,0.0,2.77,2.12,18.71,0.38
2023,213,20.36,25.03,16.73,73.64,0.05,6.76,5.31,30.56,0.38
2023,214,21.0,26.12,17.0,65.57,0.0,8.87,6.99,19.93,0.38
2023,215,22.0,27.72,17.54,62.76,0.0,8.98,7.02,14.76,0.38
2023,216,22.6,28.95,16.94,58.51,0.0,4.95,3.89,23.14,0.38
2023,217,23.37,29.49,17.88,55.87,0.0,4.47,3.49,30.96,0.38
2023,218,22.77,28.6,18.55,60.4,0.0,4.25,3.37,17.26,0.37
2023,219,22.22,27.28,18.51,67.99,0.02,4.08,3.26,20.31,0.37
2023,220,22.42,27.39,18.43,72.48,0.27,3.46,2.76,43.85,0.37
2023,221,23.39,28.84,18.97,67.17,0.05,5.95,4.71,16.48,0.37
2023,222,21.65,26.07,18.39,70.47,0.21,8.29,6.6,46.86,0.37
2023,223,20.61,26.49,16.42,60.53,0.01,7.78,6.2,18.01,0.37
2023,224,20.03,26.09,14.87,65.39,0.0,4.67,3.79,17.87,0.37
2023,225,21.27,27.88,16.16,65.61,0.05,3.53,2.8,67.85,0.37
2023,226,22.72,28.64,19.64,71.3,0.02,3.34,2.69,70.9,0.37
2023,227,21.76,26.79,18.53,75.46,0.0,2.87,2.34,23.99,0.37
2023,228,20.95,25.67,17.74,71.72,0.0,5.93,4.74,31.42,0.37
2023,229,22.26,29.03,16.25,57.15,0.0,5.84,4.63,19.77,0.37
2023,230,22.73,28.88,18.44,69.19,0.0,5.93,4.72,43.27,0.37
2023,231,20.96,25.17,17.72,75.48,0.15,3.11,2.51,42.65,0.37
2023,232,21.51,28.49,16.13,67.74,0.0,4.77,3.8,24.31,0.37
2023,233,23.04,29.89,17.79,65.71,0.0,4.6,3.63,16.86,0.37
2023,234,23.04,29.25,18.68,70.46,0.01,3.24,2.54,20.28,0.37
2023,235,23.74,31.61,18.36,66.07,0.01,2.67,2.05,19.79,0.37
2023,236,24.33,30.6,19.3,58.17,0.0,4.17,3.32,18.68,0.37
2023,237,24.89,31.92,19.87,59.73,0.0,3.34,2.6,18.1,0.37
2023,238,25.49,31.72,21.31,64.9,0.0,5.01,3.94,20.35,0.37
2023,239,23.67,27.31,19.87,70.5,0.07,6.06,4.81,42.05,0.37
2023,240,22.15,27.24,18.94,57.58,0.0,9.25,7.34,43.87,0.37
2023,241,22.67,29.41,17.31,53.71,0.0,9.31,7.32,14.16,0.37
2023,242,23.14,30.37,16.29,55.09,0.01,5.68,4.46,21.54,0.37
2023,243,23.14,29.35,18.48,59.63,0.01,4.64,3.73,17.73,0.37
2023,244,23.46,29.75,18.94,63.45,0.02,3.75,2.97,17.83,0.37
2023,245,24.78,31.76,19.23,56.69,0.01,3.86,3.01,20.5,0.37
2023,246,25.47,32.15,20.3,53.7,0.0,4.46,3.46,16.43,0.37
2023,247,25.0,31.54,20.38,61.22,0.0,3.84,3.02,31.12,0.37
2023,248,24.29,30.72,19.83,58.16,0.0,3.38,2.63,17.4,0.37
2023,249,23.78,29.84,20.02,56.62,0.0,3.59,2.89,18.6,0.37
2023,250,22.76,27.96,18.24,71.23,0.0,5.8,4.67,20.01,0.37
2023,251,24.02,30.44,18.44,64.17,0.0,6.7,5.41,27.79,0.37
2023,252,25.28,32.14,21.11,68.87,0.0,4.58,3.67,19.68,0.37
2023,253,24.85,30.28,20.87,70.0,0.0,3.18,2.55,19.38,0.37
2023,254,25.73,32.59,21.61,60.96,0.0,3.85,3.0,17.1,0.37
2023,255,25.3,30.61,21.37,74.59,0.01,5.04,4.0,31.97,0.37
2023,256,24.68,30.0,20.83,66.39,0.02,9.18,7.29,26.06,0.36
2023,257,25.93,32.56,19.93,59.55,0.0,5.8,4.55,19.99,0.36
2023,258,26.1,31.6,22.3,61.38,0.0,4.73,3.79,20.65,0.36
2023,259,25.81,31.6,21.92,66.41,0.0,4.5,3.58,21.1,0.36
2023,260,25.83,30.91,22.27,71.27,0.01,3.7,2.96,24.14,0.36
2023,261,25.82,31.1,21.28,64.22,0.0,7.23,5.79,15.51,0.36
2023,262,25.85,31.93,21.38,63.61,0.0,4.7,3.8,22.81,0.36
2023,263,25.08,30.28,21.61,71.83,0.0,3.44,2.76,26.46,0.36
2023,264,25.08,30.8,20.06,63.58,0.0,4.41,3.57,22.81,0.36
2023,265,27.65,34.08,21.4,51.44,0.0,4.58,3.58,19.51,0.36
2023,266,26.9,34.04,21.54,54.91,0.0,4.61,3.66,14.4,0.36
2023,267,26.35,32.58,22.17,60.97,0.0,4.14,3.3,21.94,0.36
2023,268,26.34,32.55,20.9,57.0,0.0,3.92,3.17,27.52,0.36
2023,269,26.63,33.49,22.16,60.76,0.0,4.74,3.79,31.49,0.36
2023,270,27.29,33.25,22.95,58.74,0.0,3.94,3.14,41.62,0.36
2023,271,27.02,33.58,22.37,56.39,0.0,5.08,4.05,20.44,0.36
2023,272,26.78,32.48,23.38,63.73,0.05,4.75,3.82,16.73,0.36
2023,273,26.78,32.24,22.81,62.54,0.02,2.89,2.37,19.18,0.36
2023,274,27.12,32.79,23.63,58.56,0.04,3.55,2.89,20.53,0.36
2023,275,24.28,27.97,20.1,65.25,0.63,8.93,7.14,63.04,0.36
2023,276,24.99,32.07,18.75,46.94,0.0,7.65,6.09,17.34,0.36
2023,277,25.59,31.49,20.07,52.9,0.0,4.68,3.77,17.7,0.36
2023,278,26.71,33.81,20.92,52.56,0.0,3.39,2.69,17.0,0.36
2023,279,27.24,33.43,21.79,57.24,0.0,3.88,3.15,15.27,0.36
2023,280,27.01,34.25,21.38,51.5,0.0,3.67,2.92,19.9,0.36
2023,281,26.26,31.44,22.15,72.31,0.59,4.01,3.23,30.35,0.36
2023,282,26.94,33.01,22.01,62.28,0.62,5.28,4.25,17.11,0.36
2023,283,27.34,33.33,21.87,61.57,0.0,7.08,5.7,44.49,0.36
2023,284,27.85,34.44,22.39,59.82,0.05,6.71,5.33,49.34,0.36
2023,285,28.09,34.95,22.39,59.6,0.0,5.3,4.24,31.88,0.36
2023,286,27.4,31.92,23.94,67.66,0.01,4.65,3.74,25.3,0.36
2023,287,26.93,31.94,23.19,74.11,0.14,4.28,3.44,63.19,0.36
2023,288,25.58,28.93,23.24,75.76,0.43,4.05,3.34,47.59,0.36
2023,289,24.68,28.39,21.84,65.85,0.03,4.24,3.52,87.04,0.36
2023,290,25.64,30.95,21.83,61.24,0.23,4.96,4.04,99.73,0.36
2023,291,25.95,29.65,23.02,65.06,0.0,3.38,2.74,99.76,0.36
2023,292,25.37,28.73,23.41,68.54,0.43,3.55,2.91,66.32,0.36
2023,293,26.24,31.27,22.33,62.83,0.03,6.55,5.31,30.72,0.36
2023,294,26.45,33.13,21.57,60.81,0.0,5.16,4.19,15.94,0.36
2023,295,25.03,29.25,21.88,69.82,0.0,4.58,3.73,31.67,0.36
2023,296,25.31,29.9,22.03,66.54,0.47,3.85,3.16,75.62,0.36
2023,297,26.07,29.62,22.41,69.36,0.83,3.65,3.0,55.41,0.36
2023,298,27.27,32.67,24.15,74.55,3.36,6.12,4.87,64.67,0.36
2023,299,25.47,30.18,22.08,65.28,0.21,6.4,5.22,49.27,0.37
2023,300,25.95,32.09,20.25,53.51,0.0,6.43,5.21,25.9,0.37
2023,301,27.33,34.3,22.6,62.62,0.02,5.84,4.69,18.33,0.36
2023,302,26.1,30.53,22.42,68.04,0.09,5.51,4.45,25.2,0.36
2023,303,25.8,30.4,23.14,63.96,0.15,5.48,4.43,55.17,0.36
2023,304,26.88,32.69,22.11,61.5,0.08,8.57,6.85,58.66,0.36
2023,305,26.54,31.72,22.87,66.62,2.65,5.92,4.77,93.47,0.36
2023,306,24.27,27.75,21.44,68.07,1.71,7.12,5.78,60.04,0.37
2023,307,24.1,29.97,19.41,53.84,0.0,9.29,7.41,25.76,0.37
2023,308,26.69,32.92,19.83,53.34,0.01,7.58,6.01,58.53,0.37
2023,309,26.87,32.3,23.6,61.86,0.25,5.86,4.66,75.26,0.36
2023,310,27.11,31.67,24.58,70.0,0.78,4.11,3.33,38.04,0.36
2023,311,27.37,32.79,23.42,68.2,0.04,3.94,3.17,14.03,0.36
2023,312,27.68,32.94,23.77,68.49,0.55,4.1,3.29,51.94,0.36
2023,313,25.58,28.41,22.5,74.11,2.1,4.15,3.4,73.86,0.37
2023,314,24.53,28.55,21.32,62.8,0.11,6.16,5.02,52.77,0.37
2023,315,26.51,33.46,19.74,51.02,0.0,6.43,5.14,17.88,0.36
2023,316,27.47,33.62,22.41,57.95,0.0,5.7,4.57,16.52,0.36
2023,317,26.38,30.49,23.3,66.03,0.07,4.42,3.59,28.52,0.36
2023,318,25.04,29.67,21.89,64.05,1.22,8.55,6.85,58.41,0.36
2023,319,24.21,29.29,20.03,55.68,0.08,8.9,7.11,26.23,0.36
2023,320,26.62,33.12,19.51,56.02,0.0,7.79,6.18,18.65,0.36
2023,321,28.14,34.72,23.48,57.8,0.05,5.94,4.71,38.66,0.36
2023,322,27.92,33.01,24.62,67.21,0.1,4.56,3.66,34.65,0.36
2023,323,27.45,32.3,24.01,66.45,0.06,3.47,2.85,14.13,0.36
2023,324,27.6,32.97,23.75,66.43,0.02,3.87,3.14,29.76,0.36
2023,325,29.46,36.32,24.27,61.16,5.2,4.8,3.79,40.79,0.36
2023,326,30.01,37.12,24.56,58.47,0.01,3.86,3.1,25.71,0.37
2023,327,30.38,36.86,26.02,56.62,0.0,4.7,3.72,13.89,0.37
2023,328,30.95,37.37,26.4,53.44,0.0,3.91,3.09,15.7,0.36
2023,329,30.25,36.55,26.05,58.2,0.0,5.4,4.3,29.85,0.36
2023,330,29.23,34.07,25.81,66.5,0.0,3.78,3.08,25.21,0.36
2023,331,28.46,33.5,24.47,64.8,0.02,4.56,3.73,45.95,0.36
2023,332,29.31,35.34,24.55,63.37,0.03,4.21,3.4,18.39,0.36
2023,333,28.74,33.41,25.37,68.12,0.11,5.08,4.11,27.3,0.36
2023,334,27.53,30.13,24.58,71.88,1.59,4.33,3.52,76.76,0.36
2023,335,26.43,31.35,22.88,60.23,0.59,9.08,7.22,48.23,0.36
2023,336,26.85,33.51,21.57,50.79,0.0,9.43,7.43,19.46,0.36
2023,337,27.65,34.79,20.81,47.62,0.0,6.44,5.08,24.85,0.36
2023,338,28.49,34.99,23.56,53.32,0.0,5.05,4.01,24.81,0.36
2023,339,26.84,30.56,23.89,65.36,0.0,3.32,2.71,53.32,0.36
2023,340,28.65,33.75,23.44,62.55,0.0,7.0,5.55,25.33,0.36
2023,341,30.75,36.62,23.96,52.75,0.02,7.77,6.02,26.45,0.36
2023,342,30.0,35.39,26.55,56.87,2.83,5.13,4.03,42.16,0.36
2023,343,28.84,33.09,26.08,70.07,4.08,4.12,3.31,35.2,0.37
2023,344,29.61,35.0,25.5,64.52,0.23,4.2,3.35,10.77,0.37
2023,345,30.43,36.0,25.96,58.61,0.16,5.01,4.01,41.71,0.37
2023,346,30.56,36.45,26.71,57.69,0.12,3.56,2.84,80.82,0.36
2023,347,30.1,36.2,25.51,55.08,0.06,5.5,4.36,86.76,0.36
2023,348,31.46,36.85,26.71,57.28,0.04,5.31,4.21,51.37,0.36
2023,349,31.75,37.13,28.14,57.35,0.0,4.44,3.52,26.39,0.36
2023,350,29.96,34.61,27.08,67.49,0.01,4.2,3.43,59.89,0.36
2023,351,29.04,32.28,26.42,66.62,0.02,4.77,3.88,71.2,0.36
2023,352,30.03,35.14,25.45,53.93,0.0,6.72,5.39,31.52,0.36
2023,353,29.78,35.84,24.31,54.5,0.0,8.58,6.78,19.24,0.36
2023,354,30.44,36.68,24.67,54.55,0.0,7.23,5.69,26.12,0.36
2023,355,29.79,34.86,25.36,60.06,0.0,5.46,4.36,25.3,0.36
2023,356,30.38,36.1,24.93,56.2,0.0,6.77,5.37,41.63,0.36
2023,357,29.61,34.64,25.19,55.99,0.04,8.09,6.4,25.77,0.36
2023,358,28.77,34.87,22.8,49.66,0.0,7.39,5.85,17.04,0.36
2023,359,28.77,34.12,24.93,55.86,0.0,6.14,4.86,18.24,0.36
2023,360,27.6,31.72,23.76,69.27,0.49,4.82,3.87,79.49,0.36
2023,361,28.04,32.15,25.22,66.52,0.06,3.54,2.91,55.92,0.36
2023,362,27.16,30.46,24.63,65.11,7.25,2.89,2.36,99.71,0.36
2023,363,28.4,32.49,25.1,63.66,0.3,2.33,1.92,97.11,0.37
2023,364,28.59,33.02,25.89,69.84,5.93,5.09,4.1,92.9,0.37
2023,365,27.32,30.09,25.33,78.28,19.68,3.92,3.21,99.54,0.4
2024,1,27.89,31.83,25.6,75.47,13.63,3.68,2.94,99.67,0.42
2024,2,28.52,32.94,25.22,71.86,4.85,9.75,7.58,58.03,0.43
2024,3,28.21,33.24,23.93,72.19,3.83,7.22,5.72,41.73,0.42
2024,4,27.94,32.75,24.31,74.22,13.52,5.58,4.46,40.46,0.43
2024,5,27.83,32.23,23.93,74.8,2.23,4.58,3.72,24.44,0.44
2024,6,28.43,32.44,25.34,75.46,3.52,3.27,2.65,41.26,0.43
2024,7,28.66,31.99,26.33,74.11,2.5,3.21,2.59,43.95,0.43
2024,8,28.82,32.92,25.71,74.25,1.77,3.47,2.79,51.12,0.43
2024,9,29.15,32.92,26.59,74.16,1.08,3.37,2.74,34.93,0.42
2024,10,29.34,33.51,26.58,72.92,0.38,3.48,2.81,15.81,0.42
2024,11,29.41,33.7,26.25,71.81,0.09,3.73,3.01,19.32,0.41
2024,12,29.39,34.0,26.23,71.17,0.08,3.72,3.0,21.89,0.41
2024,13,29.3,33.39,26.56,71.23,0.03,3.24,2.64,18.22,0.41
2024,14,29.49,33.42,26.73,71.02,0.04,2.93,2.37,21.43,0.4
2024,15,29.78,33.98,26.89,67.42,0.19,3.09,2.51,32.16,0.4
2024,16,29.57,33.54,26.79,68.05,0.15,4.23,3.4,30.48,0.4
2024,17,29.54,34.89,24.65,65.41,0.1,6.96,5.56,19.22,0.4
2024,18,30.76,35.77,26.48,67.61,0.34,5.88,4.69,43.16,0.39
2024,19,30.13,33.56,27.55,71.24,1.78,4.94,3.98,80.85,0.39
2024,20,30.18,34.11,26.83,68.2,0.26,5.6,4.47,65.98,0.39
2024,21,30.04,33.91,26.94,66.12,1.46,4.88,3.81,59.48,0.39
2024,22,29.75,33.55,26.85,70.99,1.54,4.94,3.93,64.4,0.39
2024,23,29.04,34.59,25.23,65.27,0.11,9.46,7.4,45.98,0.39
2024,24,27.83,33.24,23.35,62.43,0.05,7.86,6.21,46.56,0.39
2024,25,26.9,33.4,21.56,59.69,0.02,8.68,6.79,25.65,0.38
2024,26,27.07,33.19,21.23,56.97,0.0,7.5,5.88,18.61,0.38
2024,27,28.1,33.98,22.76,60.57,0.04,4.63,3.66,15.53,0.38
2024,28,28.51,32.85,25.55,67.2,0.97,4.13,3.3,29.31,0.38
2024,29,29.4,34.03,25.11,64.15,0.88,3.38,2.67,24.28,0.38
2024,30,29.62,35.39,24.01,56.62,0.02,5.93,4.64,15.96,0.37
2024,31,30.3,36.05,24.5,53.4,0.05,5.81,4.47,39.48,0.37
2024,32,31.0,36.05,25.6,58.71,0.68,4.46,3.44,56.77,0.37
2024,33,31.4,36.62,26.93,58.36,0.09,3.77,2.91,62.44,0.37
2024,34,30.37,35.07,26.59,58.02,1.79,4.41,3.52,47.84,0.37
2024,35,28.97,33.7,25.55,67.38,14.45,3.69,2.96,93.76,0.38
2024,36,27.94,31.64,25.81,77.79,15.41,3.43,2.76,80.07,0.42
2024,37,28.07,31.53,25.58,78.09,3.08,5.2,4.14,69.34,0.42
2024,38,28.0,31.4,25.83,76.18,1.9,4.21,3.38,39.97,0.42
2024,39,28.17,31.87,25.71,72.18,1.16,3.2,2.6,16.47,0.41
2024,40,29.01,33.63,25.08,71.75,1.73,3.1,2.53,23.43,0.41
2024,41,29.73,35.33,26.42,71.07,1.98,4.95,3.95,31.71,0.41
2024,42,29.4,33.58,26.7,75.82,3.6,4.76,3.82,85.33,0.41
2024,43,30.01,33.94,26.82,72.18,1.37,3.01,2.48,67.52,0.41
2024,44,30.1,35.32,26.02,65.14,1.16,3.75,2.99,66.02,0.4
2024,45,29.56,34.13,26.05,68.44,1.23,3.61,2.9,60.72,0.4
2024,46,28.99,32.35,26.29,66.97,1.98,3.92,3.08,59.84,0.4
2024,47,29.24,33.83,25.34,67.74,3.49,3.87,3.11,27.14,0.4
2024,48,30.31,34.79,26.23,66.2,3.0,3.77,2.99,23.3,0.4
2024,49,29.49,34.62,25.72,69.89,3.88,5.76,4.51,51.72,0.4
2024,50,29.68,34.56,24.86,62.28,0.09,4.08,3.27,44.42,0.4
2024,51,28.38,32.21,24.7,60.59,0.28,4.21,3.38,31.46,0.4
2024,52,28.79,32.91,25.1,63.97,0.67,3.68,2.95,26.89,0.4
2024,53,29.58,34.01,26.03,63.96,0.04,3.24,2.59,31.72,0.39
2024,54,30.66,35.59,27.02,66.1,0.08,2.87,2.3,39.07,0.39
2024,55,30.56,35.64,27.54,64.64,1.21,4.33,3.45,58.14,0.39
2024,56,29.08,31.66,27.4,69.95,0.16,3.28,2.64,86.78,0.39
2024,57,30.09,34.84,26.37,63.36,0.03,3.68,2.92,35.33,0.39
2024,58,29.51,32.41,27.12,75.47,4.9,4.74,3.78,46.29,0.39
2024,59,29.53,33.23,26.9,76.93,9.6,3.46,2.81,72.39,0.4
2024,60,29.09,34.12,23.95,65.63,2.76,3.92,3.02,58.65,0.41
2024,61,29.19,34.47,24.16,64.76,0.74,4.65,3.62,14.95,0.4
2024,62,29.34,34.3,25.57,64.46,1.0,4.23,3.36,26.97,0.4
2024,63,29.25,34.69,24.68,58.77,1.44,3.69,2.97,28.49,0.4
2024,64,29.76,34.55,25.12,60.71,0.09,3.35,2.69,30.75,0.39
2024,65,29.79,34.28,27.02,70.29,3.25,4.42,3.45,97.83,0.39
2024,66,27.78,29.41,26.23,86.56,27.52,9.89,7.6,99.5,0.42
2024,67,27.99,29.82,26.2,84.8,8.98,8.77,6.74,99.21,0.45
2024,68,28.24,31.67,25.57,82.92,7.09,5.83,4.57,98.31,0.45
2024,69,27.6,29.85,25.98,85.35,6.97,4.57,3.58,99.67,0.46
2024,70,27.63,30.89,25.31,77.44,2.1,3.05,2.45,86.33,0.46
2024,71,28.3,32.33,25.33,75.69,0.4,3.01,2.39,77.41,0.46
2024,72,29.4,33.76,25.95,72.27,0.51,2.36,1.86,36.19,0.45
2024,73,29.79,34.39,26.21,71.58,0.47,3.29,2.62,34.73,0.44
2024,74,28.99,32.38,26.74,74.58,0.88,3.56,2.83,69.7,0.44
2024,75,27.61,30.11,25.75,77.75,0.94,3.09,2.46,40.48,0.44
2024,76,28.73,33.75,24.45,71.63,0.06,4.87,3.9,13.7,0.44
2024,77,28.51,32.54,25.13,74.6,0.26,5.17,4.17,24.44,0.43
2024,78,28.2,32.23,25.28,76.48,1.72,5.13,4.12,20.73,0.43
2024,79,28.61,32.93,25.54,75.17,1.12,4.88,3.93,15.14,0.43
2024,80,28.05,31.95,25.63,76.26,0.64,5.3,4.25,20.06,0.43
2024,81,27.5,32.0,24.31,73.37,0.97,6.85,5.4,17.53,0.42
2024,82,27.9,33.17,23.99,72.72,2.32,8.52,6.61,28.37,0.42
2024,83,28.75,34.75,23.99,67.26,2.82,6.12,4.69,25.35,0.42
2024,84,27.29,31.57,24.36,75.61,9.99,8.21,6.34,30.89,0.43
2024,85,26.93,31.73,23.3,70.44,0.14,7.84,6.07,28.01,0.44
2024,86,26.98,32.63,21.8,62.53,0.01,5.02,3.95,24.37,0.43
2024,87,27.27,33.02,22.24,63.06,0.03,3.86,3.06,24.87,0.43
2024,88,27.82,33.18,23.08,62.99,0.02,3.95,3.14,14.3,0.42
2024,89,27.7,32.77,23.87,68.9,0.14,4.13,3.31,32.02,0.42
2024,90,26.5,30.51,23.58,76.4,3.46,6.18,4.94,33.21,0.42
2024,91,26.17,31.08,22.84,75.57,6.27,7.87,6.17,16.65,0.42
2024,92,27.9,32.96,23.34,70.06,0.12,6.62,5.09,26.28,0.43
2024,93,28.6,34.2,23.51,66.59,0.05,5.33,4.11,43.16,0.42
2024,94,28.69,33.77,24.21,65.46,0.07,4.47,3.48,32.64,0.42
2024,95,28.19,33.43,23.89,65.5,0.02,4.1,3.24,19.33,0.41
2024,96,28.1,33.08,24.57,68.33,0.01,3.73,2.95,22.24,0.41
2024,97,26.76,30.9,24.04,73.6,1.55,3.92,3.15,33.72,0.41
2024,98,26.74,31.92,23.43,73.92,1.89,6.43,5.1,21.15,0.41
2024,99,26.41,32.26,22.69,72.37,0.2,8.12,6.36,58.45,0.41
2024,100,25.93,30.56,23.14,76.54,1.67,3.57,2.83,19.0,0.41
2024,101,26.75,30.64,23.86,78.42,7.77,5.9,4.6,44.21,0.41
2024,102,25.56,28.01,23.26,76.73,39.01,5.39,4.28,94.76,0.49
2024,103,23.96,27.12,21.31,68.79,0.5,6.26,4.97,63.76,0.48
2024,104,23.62,27.9,19.99,66.83,0.0,6.12,4.84,46.83,0.47
2024,105,23.77,28.23,20.74,69.12,0.0,7.39,5.82,60.08,0.46
2024,106,24.93,29.93,21.14,70.27,0.02,8.05,6.27,32.16,0.46
2024,107,26.12,31.15,21.83,69.81,0.09,5.41,4.17,22.14,0.45
2024,108,27.16,32.73,22.85,65.35,0.0,4.84,3.67,29.4,0.45
2024,109,26.23,31.17,22.74,66.57,0.01,3.99,3.15,89.44,0.44
2024,110,25.53,28.83,23.27,73.4,0.19,2.99,2.36,82.11,0.44
2024,111,24.96,28.14,22.47,79.67,0.15,3.52,2.8,32.07,0.44
2024,112,24.97,29.77,21.3,73.81,0.01,4.67,3.71,20.64,0.44
2024,113,25.04,30.91,20.55,69.41,0.0,5.33,4.24,19.73,0.44
2024,114,25.35,31.58,20.58,72.62,0.0,4.57,3.62,24.34,0.43
2024,115,25.29,30.31,21.44,74.95,0.0,4.25,3.39,17.97,0.43
2024,116,25.79,31.42,21.43,74.12,0.0,4.55,3.63,28.15,0.43
2024,117,25.89,31.06,22.07,77.01,0.3,3.62,2.89,15.62,0.42
2024,118,25.12,29.01,22.04,76.96,1.27,6.53,5.14,22.26,0.42
2024,119,24.03,28.95,20.63,71.57,0.2,8.13,6.36,20.97,0.42
2024,120,25.3,31.76,19.73,67.4,0.02,5.32,4.17,15.46,0.42
2024,121,26.1,31.27,22.49,72.66,0.19,4.68,3.67,29.78,0.42
2024,122,25.14,29.06,21.96,75.29,0.13,3.93,3.12,25.6,0.42
2024,123,24.0,29.38,20.09,72.47,0.06,5.18,4.1,17.46,0.42
2024,124,23.95,29.65,19.98,73.89,0.05,7.24,5.66,14.31,0.41
2024,125,24.77,31.43,19.52,63.94,0.0,7.91,6.1,11.54,0.41
2024,126,24.22,30.85,18.98,63.11,0.0,4.01,3.14,13.64,0.41
2024,127,24.59,31.11,19.94,59.95,0.0,3.71,2.86,17.55,0.41
2024,128,25.01,30.78,20.24,62.19,0.0,4.05,3.17,16.15,0.41
2024,129,26.04,32.3,21.09,64.55,0.0,4.44,3.43,27.86,0.4
2024,130,25.79,31.47,21.23,66.69,0.0,4.41,3.47,16.0,0.4
2024,131,26.08,31.59,22.08,63.37,0.0,3.44,2.67,15.74,0.4
2024,132,25.72,31.51,21.41,63.25,0.0,4.21,3.3,17.63,0.4
2024,133,24.93,30.81,20.68,65.36,0.09,4.85,3.84,24.82,0.4
2024,134,24.61,30.41,19.86,71.72,0.51,5.34,4.25,21.7,0.4
2024,135,24.98,30.6,21.05,71.47,0.3,7.77,6.08,16.43,0.4
2024,136,25.68,31.6,21.01,66.08,0.11,7.46,5.79,14.53,0.4
2024,137,25.49,31.31,20.6,67.79,0.04,3.99,3.19,14.53,0.39
2024,138,25.7,30.95,21.86,69.41,0.14,3.65,2.88,22.15,0.39
2024,139,24.79,29.63,21.84,76.01,0.41,5.24,4.17,23.81,0.39
2024,140,23.46,28.57,19.84,71.14,0.3,8.0,6.29,21.39,0.39
2024,141,23.81,30.14,19.1,62.98,0.0,8.59,6.69,11.86,0.39
2024,142,23.42,30.59,18.18,57.12,0.0,7.98,6.19,15.03,0.39
2024,143,22.76,29.62,17.26,59.3,0.0,7.18,5.59,18.09,0.39
2024,144,23.08,29.74,17.2,60.73,0.0,5.05,3.97,18.04,0.39
2024,145,23.6,29.44,18.71,59.0,0.0,4.89,3.87,18.67,0.39
2024,146,23.2,28.24,19.52,68.69,0.0,3.47,2.74,19.39,0.39
2024,147,22.9,27.96,18.99,72.01,0.01,4.22,3.37,20.39,0.39
2024,148,22.42,27.58,18.57,73.31,0.01,5.68,4.51,26.44,0.39
2024,149,22.84,29.15,17.46,66.51,0.01,5.82,4.61,20.44,0.39
2024,150,23.91,30.0,18.56,62.29,0.0,5.15,4.05,17.69,0.39
2024,151,23.5,29.16,18.65,64.71,0.0,3.89,3.08,17.47,0.39
2024,152,24.26,30.67,19.47,61.53,0.02,2.51,1.91,18.0,0.39
2024,153,24.64,31.35,19.33,59.77,0.02,3.47,2.69,18.43,0.38
2024,154,24.93,31.14,20.05,53.38,0.0,5.0,3.93,22.04,0.38
2024,155,24.96,30.82,20.25,54.56,0.04,3.2,2.49,39.79,0.38
2024,156,25.15,31.57,20.9,62.62,0.05,3.94,3.04,18.55,0.38
2024,157,24.85,30.55,21.08,66.51,0.01,3.63,2.82,16.4,0.38
2024,158,24.97,30.8,20.79,67.65,0.0,2.38,1.81,15.74,0.38
2024,159,25.24,31.22,21.4,64.21,0.01,2.43,1.85,19.64,0.38
2024,160,23.45,26.94,19.45,76.22,1.53,7.16,5.58,52.87,0.38
2024,161,20.53,24.93,17.59,63.32,0.04,8.86,6.99,33.08,0.38
2024,162,20.39,25.95,16.22,66.17,0.05,8.55,6.75,21.14,0.38
2024,163,20.6,25.55,16.96,70.52,0.26,8.73,6.88,21.28,0.38
2024,164,21.76,27.15,18.61,74.36,0.8,6.94,5.52,29.07,0.38
2024,165,22.67,27.42,18.58,75.4,1.68,3.85,3.07,24.36,0.39
2024,166,22.93,27.3,19.27,77.59,0.79,5.28,4.16,21.5,0.39
2024,167,22.29,27.17,18.9,68.46,0.06,6.86,5.44,19.85,0.39
2024,168,21.44,27.11,16.95,67.03,0.0,6.61,5.24,17.19,0.39
2024,169,21.99,28.95,16.65,66.43,0.0,6.83,5.39,19.54,0.38
2024,170,22.98,29.54,17.98,70.43,0.0,5.15,4.06,25.45,0.38
2024,171,22.85,26.05,20.94,75.69,0.0,3.18,2.48,26.92,0.38
2024,172,22.57,26.65,19.47,73.16,0.11,3.16,2.51,35.85,0.38
2024,173,23.88,29.29,19.3,66.78,0.06,5.05,3.95,18.71,0.38
2024,174,23.97,29.47,18.65,61.32,0.0,4.5,3.59,29.56,0.38
2024,175,23.75,28.69,19.21,58.65,0.0,6.25,4.95,48.62,0.38
2024,176,22.85,28.14,18.69,63.74,0.01,7.74,6.1,19.55,0.38
2024,177,22.95,29.34,17.13,64.21,0.05,6.62,5.16,14.85,0.38
2024,178,23.0,29.19,18.12,59.41,0.04,6.14,4.84,17.48,0.38
2024,179,22.01,28.2,16.39,62.41,0.01,6.07,4.84,18.29,0.38
2024,180,22.2,28.33,17.3,56.28,0.0,5.63,4.46,19.67,0.38
2024,181,21.34,27.77,15.72,51.97,0.0,4.07,3.21,21.2,0.38
2024,182,21.88,27.31,17.83,59.47,0.01,3.48,2.64,20.04,0.38
2024,183,21.66,26.59,17.37,69.7,0.02,4.39,3.5,22.13,0.38
2024,184,22.27,28.65,16.89,61.92,0.08,5.61,4.42,19.18,0.38
2024,185,22.03,27.76,16.91,65.47,0.06,4.95,3.94,25.27,0.38
2024,186,22.11,25.52,19.7,76.1,1.03,4.14,3.24,52.63,0.38
2024,187,21.67,26.01,17.88,75.15,0.01,3.41,2.64,23.3,0.38
2024,188,22.03,25.74,19.91,69.19,0.02,2.99,2.36,26.44,0.38
2024,189,21.32,24.58,18.45,68.77,0.02,3.9,3.07,29.47,0.38
2024,190,20.64,26.39,15.8,67.01,0.0,3.4,2.64,19.17,0.38
2024,191,21.32,25.88,17.65,72.58,0.01,2.89,2.25,27.26,0.38
2024,192,22.33,28.36,17.29,63.67,0.0,4.82,3.81,19.15,0.38
2024,193,22.65,29.85,17.26,56.46,0.0,3.45,2.68,19.84,0.38
2024,194,22.19,28.85,17.03,59.3,0.0,3.24,2.5,19.4,0.38
2024,195,22.01,28.87,16.77,62.35,0.0,3.03,2.39,18.32,0.38
2024,196,22.01,27.86,17.72,67.37,0.0,3.35,2.63,20.43,0.38
2024,197,21.09,26.08,17.52,77.0,0.07,2.6,2.03,20.98,0.37
2024,198,21.24,26.25,17.93,70.8,0.3,3.16,2.53,22.33,0.38
2024,199,21.38,26.55,16.59,73.94,0.18,4.79,3.82,16.44,0.38
2024,200,22.63,28.7,17.92,68.52,0.09,5.44,4.32,17.13,0.38
2024,201,22.13,28.28,17.5,70.66,0.05,3.91,3.1,17.72,0.37
2024,202,22.12,26.82,18.88,67.5,0.17,2.67,2.14,18.71,0.37
2024,203,21.68,27.78,16.41,61.96,0.02,4.27,3.39,18.31,0.37
2024,204,21.9,28.14,17.1,66.54,0.04,5.68,4.54,18.54,0.37
2024,205,22.3,28.15,17.49,67.26,0.05,6.05,4.81,18.76,0.37
2024,206,22.32,28.27,17.56,66.03,0.0,4.17,3.32,18.76,0.37
2024,207,22.18,26.21,19.63,71.74,0.0,3.95,3.13,33.55,0.37
2024,208,22.33,25.86,19.23,68.32,0.0,4.18,3.31,42.73,0.37
2024,209,21.12,26.21,16.88,63.98,0.0,3.59,2.84,19.9,0.37
2024,210,20.93,26.72,16.57,67.98,0.0,2.87,2.26,19.33,0.37
2024,211,21.18,26.51,16.44,69.8,0.0,3.56,2.79,23.66,0.37
2024,212,22.53,27.52,18.84,67.82,0.0,5.07,4.06,21.49,0.37
2024,213,21.08,26.14,16.72,65.83,0.0,5.92,4.74,-999.0,0.37
2024,214,20.51,26.02,15.75,64.0,0.0,6.39,5.11,-999.0,0.37
2024,215,21.47,27.57,16.3,63.22,0.0,6.04,4.82,-999.0,0.37
2024,216,20.43,26.09,15.51,66.98,0.0,4.4,3.52,-999.0,0.37
2024,217,21.47,28.02,16.09,69.37,0.0,4.49,3.58,-999.0,0.37
2024,218,21.79,27.12,17.75,69.58,0.0,2.94,2.31,-999.0,0.37
2024,219,22.66,27.57,18.87,74.18,0.03,4.09,3.28,-999.0,0.37
2024,220,24.0,30.01,19.36,67.28,0.0,5.33,4.21,-999.0,0.37
2024,221,22.98,28.58,18.72,72.09,0.0,4.08,3.26,-999.0,0.37
2024,222,22.99,28.17,20.04,74.04,0.0,2.31,1.81,-999.0,0.37
2024,223,23.09,29.73,17.95,69.78,0.0,3.39,2.67,-999.0,0.37
2024,224,23.42,29.63,18.65,65.78,0.0,3.09,2.42,-999.0,0.37
2024,225,23.46,29.42,18.83,67.95,0.0,2.82,2.23,-999.0,0.37
2024,226,23.63,30.42,18.37,60.61,0.0,3.86,3.05,-999.0,0.37
2024,227,23.83,29.63,19.32,64.87,0.0,4.26,3.31,-999.0,0.37
2024,228,23.9,29.06,20.05,64.65,0.19,6.2,4.88,-999.0,0.37
2024,229,22.28,27.98,17.3,59.81,0.0,7.46,5.97,-999.0,0.37
2024,230,23.24,29.8,17.14,57.45,0.0,6.65,5.27,-999.0,0.37
2024,231,23.8,30.33,17.6,55.09,0.0,4.44,3.54,-999.0,0.37
2024,232,24.01,29.98,18.9,56.55,0.0,5.08,4.05,-999.0,0.37
2024,233,24.23,30.63,18.32,51.52,0.0,6.22,4.87,-999.0,0.37
2024,234,23.56,30.21,17.35,52.6,0.0,4.74,3.78,-999.0,0.37
2024,235,23.0,28.96,18.51,61.03,0.05,5.4,4.34,-999.0,0.37
2024,236,21.0,25.29,16.96,68.09,0.74,7.34,5.83,-999.0,0.37
2024,237,20.5,27.66,14.63,53.85,0.0,8.51,6.79,-999.0,0.37
2024,238,21.95,28.79,15.75,54.81,0.0,4.87,3.91,-999.0,0.37
2024,239,22.81,29.21,17.55,57.57,0.0,4.4,3.51,-999.0,0.37
2024,240,23.94,31.62,17.94,59.07,0.0,3.55,2.78,-999.0,0.37
2024,241,24.95,32.08,19.72,64.04,0.0,4.38,3.46,-999.0,0.36
2024,242,24.86,30.46,20.72,65.69,0.08,4.26,3.41,-999.0,0.36
2024,243,24.51,30.43,20.97,70.42,0.35,7.23,5.75,-999.0,0.36
2024,244,21.81,26.7,18.17,73.7,5.02,11.58,9.12,-999.0,0.37
2024,245,21.44,26.36,18.19,71.25,0.24,10.37,8.21,-999.0,0.38
2024,246,22.79,28.8,18.14,68.66,0.05,7.8,6.24,-999.0,0.37
2024,247,22.57,27.35,18.98,70.0,0.15,8.61,6.87,-999.0,0.37
2024,248,24.4,30.42,18.97,63.67,0.0,6.92,5.45,-999.0,0.37
2024,249,24.98,30.9,20.06,62.56,0.0,4.57,3.65,-999.0,0.37
2024,250,25.11,30.45,21.07,67.91,0.0,3.86,3.06,-999.0,0.37
2024,251,25.69,31.79,20.23,66.72,0.01,5.03,4.05,-999.0,0.37
2024,252,26.33,32.21,22.15,66.57,0.01,3.13,2.5,-999.0,0.37
2024,253,26.27,31.52,22.42,61.29,0.02,3.56,2.83,-999.0,0.37
2024,254,25.9,32.16,21.07,68.86,0.03,7.12,5.66,-999.0,0.37
2024,255,24.2,29.86,20.15,67.46,0.06,8.4,6.72,-999.0,0.37
2024,256,24.2,30.55,18.8,61.35,0.02,7.49,6.0,-999.0,0.37
2024,257,25.49,32.13,19.47,57.86,0.0,7.24,5.7,-999.0,0.37
2024,258,25.55,31.85,20.87,55.85,0.0,3.86,3.09,-999.0,0.36
2024,259,25.56,31.4,21.73,67.19,0.01,3.51,2.77,-999.0,0.36
2024,260,25.96,33.02,21.02,65.89,0.0,3.48,2.76,-999.0,0.36
2024,261,27.5,34.7,21.07,54.57,0.0,5.23,4.11,-999.0,0.36
2024,262,26.75,33.69,22.58,64.2,0.01,4.55,3.64,-999.0,0.36
2024,263,25.82,31.14,22.11,74.96,0.04,4.1,3.31,-999.0,0.36
2024,264,26.72,32.88,21.97,69.79,0.04,4.25,3.43,-999.0,0.36
2024,265,27.58,34.11,23.33,63.41,0.05,6.74,5.38,-999.0,0.36
2024,266,23.74,27.14,20.04,72.03,0.31,10.27,8.16,-999.0,0.36
2024,267,22.27,27.08,19.35,62.81,0.05,10.4,8.26,-999.0,0.36
2024,268,25.11,31.59,19.13,58.69,0.02,6.61,5.25,-999.0,0.36
2024,269,26.29,31.61,23.25,67.77,0.13,6.31,5.04,-999.0,0.36
2024,270,25.35,30.58,22.24,70.88,0.01,3.76,3.04,-999.0,0.36
2024,271,25.23,30.87,22.15,69.74,0.02,3.72,3.05,-999.0,0.36
2024,272,25.25,30.44,22.2,69.77,0.11,3.45,2.84,-999.0,0.36
2024,273,25.46,32.38,20.91,69.39,0.01,3.98,3.23,-999.0,0.36
2024,274,26.75,32.95,21.99,68.98,0.01,3.92,3.14,-999.0,0.36
2024,275,26.89,32.2,23.05,71.42,0.35,5.86,4.66,-999.0,0.36
2024,276,24.66,29.74,20.77,60.42,0.24,9.95,7.93,-999.0,0.36
2024,277,22.47,27.46,19.31,54.18,0.02,11.36,8.99,-999.0,0.36
2024,278,22.46,28.39,18.22,48.08,0.0,11.0,8.7,-999.0,0.36
2024,279,22.98,29.8,17.16,50.3,0.0,9.47,7.53,-999.0,0.36
2024,280,23.75,30.84,17.49,54.3,0.0,5.76,4.66,-999.0,0.36
2024,281,23.78,28.47,19.58,65.94,0.0,4.07,3.34,-999.0,0.36
2024,282,24.69,29.58,20.28,62.48,0.01,6.11,4.93,-999.0,0.36
2024,283,26.24,32.41,20.35,58.71,0.0,7.45,5.92,-999.0,0.36
2024,284,26.74,31.9,22.71,55.96,0.01,4.83,3.87,-999.0,0.36
2024,285,27.28,32.44,23.53,60.45,0.02,3.45,2.75,-999.0,0.36
2024,286,27.34,33.28,23.28,57.63,0.0,4.46,3.55,-999.0,0.36
2024,287,27.47,33.95,22.39,51.69,0.0,4.03,3.22,-999.0,0.36
2024,288,26.49,32.81,21.58,57.74,0.05,5.85,4.71,-999.0,0.36
2024,289,25.08,29.35,22.18,68.69,0.18,4.6,3.75,-999.0,0.36
2024,290,22.97,26.52,19.69,64.43,1.74,8.5,6.85,-999.0,0.36
2024,291,23.45,30.09,17.39,52.18,0.0,8.46,6.81,-999.0,0.36
2024,292,25.54,32.49,20.19,58.58,0.02,5.77,4.65,-999.0,0.36
2024,293,25.3,29.46,22.11,67.77,0.04,4.23,3.45,-999.0,0.36
2024,294,26.43,32.01,21.96,68.23,0.06,3.46,2.84,-999.0,0.36
2024,295,28.8,35.21,23.49,64.87,0.14,3.79,3.03,-999.0,0.36
2024,296,29.98,37.35,25.15,52.14,0.07,5.46,4.29,-999.0,0.36
2024,297,28.67,35.38,23.82,53.92,0.01,5.48,4.35,-999.0,0.36
2024,298,28.21,33.83,25.2,59.66,0.68,4.15,3.31,-999.0,0.36
2024,299,27.08,30.85,24.5,66.38,0.43,2.5,2.04,-999.0,0.36
2024,300,27.13,32.12,22.92,61.12,0.01,4.35,3.52,-999.0,0.36
2024,301,27.96,34.04,22.89,54.27,0.0,3.89,3.12,-999.0,0.36
2024,302,28.8,34.19,24.8,58.19,0.0,3.07,2.44,-999.0,0.36
2024,303,29.61,35.8,25.5,60.06,0.82,3.66,2.88,-999.0,0.36
2024,304,29.34,35.3,26.13,60.25,3.86,5.26,4.18,-999.0,0.36
2024,305,27.34,31.59,24.21,68.86,0.16,5.44,4.39,-999.0,0.37
2024,306,26.72,31.47,23.13,66.51,0.02,6.68,5.42,-999.0,0.36
2024,307,27.61,33.17,22.87,64.6,0.0,6.61,5.35,-999.0,0.36
2024,308,28.78,34.05,24.05,64.86,0.0,5.5,4.45,-999.0,0.36
2024,309,28.48,33.9,25.0,66.42,0.0,5.11,4.12,-999.0,0.36
2024,310,27.7,33.27,23.97,69.49,0.01,4.43,3.62,-999.0,0.36
2024,311,27.83,33.95,23.76,67.51,0.04,4.07,3.29,-999.0,0.36
2024,312,27.13,32.33,23.62,69.95,0.01,5.03,4.09,-999.0,0.36
2024,313,27.0,31.46,23.85,68.31,0.0,6.71,5.43,-999.0,0.36
2024,314,26.67,31.05,23.25,69.79,0.0,6.54,5.32,-999.0,0.36
2024,315,26.53,31.19,23.42,71.28,0.0,4.11,3.38,-999.0,0.36
2024,316,27.41,33.29,22.76,66.75,0.0,4.25,3.43,-999.0,0.36
2024,317,27.95,33.91,22.95,63.92,0.0,5.75,4.65,-999.0,0.36
2024,318,28.64,35.59,23.54,61.36,0.0,6.54,5.24,-999.0,0.36
2024,319,28.58,34.61,23.88,63.96,0.01,8.0,6.37,-999.0,0.36
2024,320,29.06,34.65,24.75,63.93,0.0,7.94,6.32,-999.0,0.36
2024,321,28.97,34.92,25.35,67.1,0.01,4.8,3.86,-999.0,0.36
2024,322,27.94,32.54,25.19,72.22,0.0,4.1,3.36,-999.0,0.36
2024,323,28.31,32.8,25.55,65.52,0.0,3.93,3.21,-999.0,0.36
2024,324,27.61,30.62,24.57,66.79,0.0,3.47,2.83,-999.0,0.36
2024,325,29.71,35.81,25.05,58.57,0.0,4.02,3.19,-999.0,0.36
2024,326,29.96,36.09,25.51,54.5,0.0,5.36,4.26,-999.0,0.36
2024,327,29.38,35.27,25.71,63.9,0.06,4.67,3.75,-999.0,0.36
2024,328,27.96,32.54,24.25,70.76,0.07,5.43,4.4,-999.0,0.36
2024,329,27.93,32.54,23.76,64.97,0.11,5.25,4.26,-999.0,0.36
2024,330,29.81,34.6,25.88,63.03,0.04,4.98,4.0,-999.0,0.36
2024,331,29.45,34.29,25.31,67.2,2.93,4.34,3.46,-999.0,0.36
2024,332,29.17,35.04,23.95,64.92,2.53,4.24,3.38,-999.0,0.36
2024,333,29.29,33.79,26.47,69.85,5.91,6.0,4.76,-999.0,0.36
2024,334,25.37,26.87,23.1,76.81,16.97,6.81,5.47,-999.0,0.4
2024,335,25.54,30.07,21.72,59.0,0.07,7.59,6.07,-999.0,0.4
2024,336,26.16,31.61,21.04,57.66,0.17,8.12,6.47,-999.0,0.39
2024,337,27.47,33.43,22.42,63.08,0.07,6.34,5.06,-999.0,0.39
2024,338,28.07,32.58,25.12,69.42,0.56,3.89,3.16,-999.0,0.38
2024,339,28.0,32.91,24.65,72.4,3.1,3.81,3.09,-999.0,0.38
2024,340,28.79,35.2,24.27,67.41,1.26,4.14,3.33,-999.0,0.38
2024,341,28.3,31.81,25.83,69.9,1.06,3.07,2.51,-999.0,0.38
2024,342,28.52,33.51,24.61,69.22,0.01,4.51,3.62,-999.0,0.38
2024,343,29.65,34.59,24.93,63.97,0.02,6.83,5.44,-999.0,0.38
2024,344,30.15,35.65,24.98,58.17,0.0,7.34,5.79,-999.0,0.37
2024,345,30.94,36.46,26.5,53.99,0.0,5.97,4.69,-999.0,0.37
2024,346,30.42,36.26,26.59,59.47,0.03,4.73,3.75,-999.0,0.37
2024,347,29.13,33.57,26.24,67.86,0.0,3.89,3.18,-999.0,0.37
2024,348,29.4,34.2,26.32,67.42,0.0,4.46,3.64,-999.0,0.37
2024,349,30.54,35.63,25.85,59.79,0.0,5.0,4.01,-999.0,0.37
2024,350,31.95,37.21,26.93,54.37,0.0,5.7,4.47,-999.0,0.36
2024,351,31.06,36.17,28.05,67.35,0.0,5.87,4.66,-999.0,0.36
2024,352,30.14,34.13,27.88,73.63,0.0,4.39,3.57,-999.0,0.36
2024,353,30.33,35.09,27.56,68.63,0.0,4.25,3.44,-999.0,0.36
2024,354,31.07,36.94,26.03,59.97,0.0,5.6,4.44,-999.0,0.36
2024,355,31.61,37.16,26.61,56.5,0.0,6.29,4.98,-999.0,0.36
2024,356,32.44,38.38,28.09,54.12,0.0,5.57,4.39,-999.0,0.36
2024,357,30.94,35.1,27.69,64.51,0.12,4.92,3.94,-999.0,0.36
2024,358,30.11,35.09,26.81,67.49,0.0,3.63,2.95,-999.0,0.36
2024,359,29.83,34.53,25.67,65.57,0.11,4.8,3.85,-999.0,0.36
2024,360,30.27,34.27,27.18,60.44,1.85,6.83,5.43,-999.0,0.36
2024,361,31.07,36.3,26.18,58.85,0.05,8.04,6.33,-999.0,0.36
2024,362,31.52,36.04,28.68,58.23,1.43,4.84,3.77,-999.0,0.36
2024,363,29.44,33.75,27.26,71.17,1.06,4.55,3.67,-999.0,0.37
2024,364,29.03,33.15,26.7,71.73,1.6,2.92,2.4,-999.0,0.37
2024,365,29.56,33.83,26.64,69.29,2.26,3.59,2.9,-999.0,0.37
2024,366,30.72,35.72,27.16,64.84,0.82,3.8,3.07,-999.0,0.37
