YEAR,DOY,T2M_MIN,T2M_MAX,GWETROOT
2014,1,25.48,31.0,0.41
2014,2,24.75,30.26,0.44
2014,3,24.15,31.96,0.46
2014,4,24.78,31.51,0.49
2014,5,24.11,30.61,0.57
2014,6,25.06,30.27,0.64
2014,7,25.1,27.29,0.64
2014,8,24.0,26.96,0.66
2014,9,24.19,28.44,0.7
2014,10,25.39,28.86,0.69
2014,11,24.89,29.05,0.67
2014,12,24.31,30.5,0.66
2014,13,25.22,30.49,0.66
2014,14,24.26,27.32,0.67
2014,15,23.36,29.34,0.67
2014,16,23.82,28.59,0.67
2014,17,24.3,28.88,0.67
2014,18,24.23,30.78,0.67
2014,19,25.31,30.93,0.67
2014,20,25.11,29.95,0.66
2014,21,25.53,30.68,0.69
2014,22,25.83,29.23,0.7
2014,23,24.7,29.62,0.73
2014,24,25.31,28.81,0.74
2014,25,24.82,29.04,0.74
2014,26,25.06,29.62,0.75
2014,27,25.06,30.92,0.76
2014,28,25.33,31.71,0.77
2014,29,25.22,30.04,0.79
2014,30,25.5,29.24,0.81
2014,31,24.72,30.53,0.82
2014,32,25.12,29.58,0.81
2014,33,25.0,29.58,0.8
2014,34,23.83,29.75,0.79
2014,35,23.49,29.32,0.78
2014,36,23.25,30.1,0.77
2014,37,22.44,30.26,0.76
2014,38,23.5,29.98,0.75
2014,39,22.59,29.54,0.74
2014,40,23.28,29.91,0.73
2014,41,25.17,30.79,0.73
2014,42,24.82,30.13,0.73
2014,43,24.11,29.33,0.73
2014,44,22.91,31.0,0.72
2014,45,22.12,30.78,0.71
2014,46,22.43,30.67,0.7
2014,47,21.37,30.51,0.68
2014,48,22.32,30.01,0.67
2014,49,22.47,30.06,0.66
2014,50,24.23,30.32,0.66
2014,51,25.37,30.39,0.66
2014,52,24.49,30.43,0.65
2014,53,25.41,30.04,0.64
2014,54,24.02,30.83,0.64
2014,55,24.44,30.86,0.63
2014,56,24.0,31.02,0.62
2014,57,24.89,28.13,0.62
2014,58,24.13,28.88,0.63
2014,59,24.48,28.82,0.63
2014,60,23.82,29.59,0.63
2014,61,25.11,30.94,0.62
2014,62,24.46,31.4,0.62
2014,63,24.66,31.72,0.61
2014,64,23.42,31.24,0.6
2014,65,24.08,31.48,0.59
2014,66,25.63,31.63,0.58
2014,67,26.12,31.69,0.58
2014,68,24.58,30.69,0.57
2014,69,24.04,31.46,0.56
2014,70,23.27,32.49,0.55
2014,71,24.03,32.2,0.55
2014,72,24.15,32.1,0.54
2014,73,24.5,32.14,0.54
2014,74,24.15,32.16,0.54
2014,75,24.78,30.86,0.54
2014,76,23.64,30.84,0.54
2014,77,22.93,31.64,0.53
2014,78,22.03,31.82,0.52
2014,79,24.16,30.92,0.51
2014,80,23.31,32.27,0.51
2014,81,22.82,33.12,0.5
2014,82,21.57,32.97,0.5
2014,83,21.45,32.59,0.49
2014,84,20.96,31.92,0.48
2014,85,20.06,32.05,0.48
2014,86,21.27,31.87,0.48
2014,87,21.21,32.45,0.47
2014,88,20.48,32.33,0.47
2014,89,21.28,32.5,0.46
2014,90,22.52,32.59,0.46
2014,91,21.91,32.35,0.46
2014,92,24.2,31.11,0.45
2014,93,23.5,33.66,0.45
2014,94,24.01,32.95,0.45
2014,95,23.53,30.98,0.44
2014,96,23.85,28.34,0.44
2014,97,22.27,28.89,0.45
2014,98,20.39,29.62,0.44
2014,99,19.51,30.13,0.44
2014,100,19.62,29.38,0.44
2014,101,18.47,30.64,0.43
2014,102,19.77,30.52,0.43
2014,103,19.44,31.23,0.43
2014,104,20.49,31.57,0.43
2014,105,20.58,31.34,0.43
2014,106,22.03,28.79,0.42
2014,107,21.7,29.36,0.42
2014,108,22.54,30.41,0.42
2014,109,21.88,30.61,0.42
2014,110,22.43,31.42,0.42
2014,111,22.27,30.49,0.42
2014,112,22.33,31.24,0.42
2014,113,22.51,30.57,0.41
2014,114,22.25,31.56,0.41
2014,115,22.67,30.23,0.41
2014,116,22.58,30.46,0.41
2014,117,21.84,28.62,0.41
2014,118,22.0,26.71,0.41
2014,119,21.94,26.62,0.41
2014,120,21.76,28.15,0.41
2014,121,19.65,31.38,0.41
2014,122,21.11,31.82,0.41
2014,123,21.28,32.15,0.4
2014,124,22.16,32.54,0.4
2014,125,21.22,32.03,0.4
2014,126,22.21,30.31,0.41
2014,127,21.26,29.84,0.41
2014,128,22.38,29.75,0.41
2014,129,21.81,30.34,0.41
2014,130,21.95,30.0,0.41
2014,131,21.73,29.81,0.41
2014,132,22.21,27.11,0.41
2014,133,21.0,25.64,0.41
2014,134,18.15,25.59,0.41
2014,135,15.46,24.42,0.41
2014,136,19.37,26.61,0.41
2014,137,17.26,27.45,0.41
2014,138,19.13,26.0,0.41
2014,139,17.79,26.87,0.4
2014,140,16.54,29.29,0.4
2014,141,18.98,27.23,0.4
2014,142,19.39,26.19,0.4
2014,143,18.77,26.82,0.4
2014,144,16.56,28.62,0.4
2014,145,16.54,28.38,0.4
2014,146,18.81,26.14,0.4
2014,147,20.34,26.15,0.4
2014,148,17.71,27.91,0.4
2014,149,16.73,28.47,0.4
2014,150,18.5,29.41,0.4
2014,151,18.65,28.47,0.39
2014,152,18.64,29.93,0.39
2014,153,18.56,27.62,0.39
2014,154,17.79,28.24,0.39
2014,155,18.1,30.59,0.39
2014,156,19.55,29.47,0.39
2014,157,19.23,29.66,0.39
2014,158,19.01,25.34,0.39
2014,159,17.76,27.84,0.39
2014,160,16.99,29.51,0.39
2014,161,17.7,27.9,0.39
2014,162,16.42,26.88,0.39
2014,163,16.3,27.12,0.39
2014,164,16.0,27.67,0.39
2014,165,17.09,27.85,0.39
2014,166,17.62,27.78,0.39
2014,167,19.98,27.63,0.39
2014,168,17.81,28.69,0.39
2014,169,18.65,29.68,0.39
2014,170,20.28,27.49,0.39
2014,171,18.42,25.23,0.39
2014,172,16.32,25.16,0.39
2014,173,16.26,25.88,0.39
2014,174,16.58,27.67,0.39
2014,175,17.14,27.09,0.39
2014,176,16.72,28.04,0.39
2014,177,15.89,26.56,0.39
2014,178,16.63,25.55,0.39
2014,179,16.03,26.94,0.39
2014,180,17.51,27.28,0.39
2014,181,16.66,26.7,0.39
2014,182,17.15,28.33,0.38
2014,183,18.83,30.65,0.38
2014,184,18.31,29.81,0.38
2014,185,18.92,29.32,0.38
2014,186,17.92,29.35,0.38
2014,187,19.46,28.83,0.38
2014,188,18.6,28.15,0.38
2014,189,18.74,25.58,0.38
2014,190,15.91,22.65,0.39
2014,191,14.52,23.27,0.39
2014,192,14.76,24.98,0.38
2014,193,14.61,27.3,0.38
2014,194,15.52,25.76,0.38
2014,195,16.0,24.35,0.38
2014,196,17.41,26.12,0.38
2014,197,16.08,27.66,0.38
2014,198,17.72,28.61,0.38
2014,199,18.12,28.58,0.38
2014,200,19.06,28.43,0.38
2014,201,17.96,28.21,0.38
2014,202,18.48,26.9,0.38
2014,203,17.55,27.01,0.38
2014,204,16.69,28.03,0.38
2014,205,18.6,28.67,0.38
2014,206,19.01,26.5,0.38
2014,207,20.22,28.65,0.38
2014,208,20.48,28.45,0.38
2014,209,18.81,27.76,0.38
2014,210,17.69,26.34,0.38
2014,211,15.1,27.98,0.38
2014,212,14.81,26.96,0.38
2014,213,18.09,25.14,0.38
2014,214,16.91,26.02,0.39
2014,215,16.49,27.0,0.38
2014,216,18.83,28.73,0.38
2014,217,18.37,27.35,0.38
2014,218,17.5,27.94,0.38
2014,219,17.99,28.38,0.38
2014,220,17.51,29.16,0.38
2014,221,18.65,29.5,0.38
2014,222,19.0,28.3,0.38
2014,223,18.35,28.94,0.38
2014,224,18.1,29.48,0.38
2014,225,20.2,29.5,0.38
2014,226,19.52,28.87,0.38
2014,227,19.66,29.58,0.38
2014,228,18.56,29.08,0.38
2014,229,18.44,28.6,0.38
2014,230,18.26,30.19,0.38
2014,231,19.1,29.27,0.38
2014,232,20.1,30.21,0.38
2014,233,19.15,30.7,0.37
2014,234,20.32,28.72,0.37
2014,235,19.09,25.17,0.38
2014,236,17.96,24.95,0.38
2014,237,18.05,24.34,0.38
2014,238,18.32,24.49,0.38
2014,239,16.51,26.74,0.38
2014,240,16.09,29.38,0.38
2014,241,17.51,29.46,0.38
2014,242,19.2,25.24,0.38
2014,243,17.53,24.76,0.38
2014,244,18.99,24.9,0.38
2014,245,16.95,26.99,0.38
2014,246,17.23,29.33,0.38
2014,247,16.04,29.84,0.38
2014,248,17.73,29.48,0.37
2014,249,18.23,29.58,0.37
2014,250,19.39,29.18,0.37
2014,251,18.51,30.2,0.37
2014,252,17.37,31.35,0.37
2014,253,17.09,31.4,0.37
2014,254,20.76,30.86,0.37
2014,255,18.79,32.09,0.37
2014,256,18.69,32.03,0.37
2014,257,18.51,32.13,0.37
2014,258,17.99,31.87,0.37
2014,259,19.77,30.36,0.37
2014,260,19.49,32.44,0.37
2014,261,20.32,31.82,0.37
2014,262,22.29,30.52,0.37
2014,263,21.91,30.33,0.37
2014,264,20.1,28.63,0.37
2014,265,18.64,28.55,0.37
2014,266,19.32,30.99,0.37
2014,267,19.78,31.61,0.37
2014,268,21.56,31.04,0.38
2014,269,21.57,28.63,0.38
2014,270,20.75,30.1,0.39
2014,271,20.96,30.89,0.39
2014,272,20.59,31.99,0.39
2014,273,23.09,34.81,0.38
2014,274,23.12,32.84,0.38
2014,275,21.32,26.45,0.38
2014,276,20.39,25.53,0.38
2014,277,19.16,25.97,0.38
2014,278,16.79,27.05,0.38
2014,279,18.7,25.53,0.39
2014,280,17.65,29.89,0.39
2014,281,20.11,28.43,0.38
2014,282,18.5,29.84,0.38
2014,283,19.17,32.01,0.38
2014,284,19.52,33.61,0.38
2014,285,21.68,34.55,0.38
2014,286,22.27,31.71,0.38
2014,287,22.02,28.26,0.38
2014,288,20.91,26.97,0.38
2014,289,19.98,27.75,0.38
2014,290,20.29,30.33,0.38
2014,291,21.58,26.7,0.39
2014,292,20.63,26.95,0.4
2014,293,20.49,26.23,0.39
2014,294,20.49,27.21,0.39
2014,295,20.28,27.12,0.39
2014,296,19.68,28.38,0.39
2014,297,20.44,27.86,0.39
2014,298,20.43,27.71,0.39
2014,299,20.28,28.87,0.39
2014,300,19.24,29.64,0.38
2014,301,18.46,31.57,0.38
2014,302,21.11,32.68,0.38
2014,303,22.27,31.47,0.38
2014,304,22.62,31.77,0.38
2014,305,22.37,32.15,0.38
2014,306,20.14,32.79,0.38
2014,307,19.58,32.05,0.38
2014,308,21.16,36.39,0.38
2014,309,24.47,33.24,0.37
2014,310,22.83,29.35,0.37
2014,311,21.94,29.35,0.37
2014,312,21.22,31.8,0.38
2014,313,21.94,28.43,0.38
2014,314,20.5,31.29,0.38
2014,315,20.79,33.53,0.38
2014,316,21.03,34.81,0.38
2014,317,24.6,34.03,0.38
2014,318,24.23,33.42,0.38
2014,319,24.45,35.05,0.37
2014,320,24.37,33.02,0.37
2014,321,22.06,30.43,0.38
2014,322,20.97,29.51,0.38
2014,323,20.48,29.09,0.38
2014,324,20.49,27.95,0.39
2014,325,20.28,28.67,0.39
2014,326,20.37,32.7,0.39
2014,327,21.51,33.72,0.38
2014,328,23.86,32.38,0.38
2014,329,22.49,31.76,0.38
2014,330,22.2,28.43,0.38
2014,331,21.02,28.64,0.38
2014,332,20.95,32.01,0.38
2014,333,21.84,33.27,0.38
2014,334,20.53,31.51,0.38
2014,335,20.1,30.09,0.38
2014,336,20.29,28.67,0.39
2014,337,20.62,26.1,0.43
2014,338,20.06,27.09,0.42
2014,339,20.06,28.42,0.42
2014,340,20.67,31.35,0.41
2014,341,22.05,33.18,0.41
2014,342,23.14,29.61,0.42
2014,343,22.37,29.2,0.42
2014,344,21.71,29.37,0.42
2014,345,21.9,30.87,0.42
2014,346,22.18,32.72,0.41
2014,347,23.69,32.06,0.41
2014,348,23.41,31.24,0.41
2014,349,23.73,30.39,0.41
2014,350,23.02,31.07,0.41
2014,351,23.63,30.92,0.41
2014,352,24.23,28.38,0.41
2014,353,23.9,31.35,0.41
2014,354,24.67,31.59,0.41
2014,355,24.66,32.58,0.41
2014,356,24.77,32.58,0.42
2014,357,23.14,35.09,0.42
2014,358,25.4,34.6,0.41
2014,359,25.0,34.21,0.42
2014,360,24.96,33.39,0.43
2014,361,25.07,34.91,0.43
2014,362,24.22,34.62,0.42
2014,363,24.9,32.64,0.41
2014,364,24.6,32.33,0.41
2014,365,23.34,32.43,0.41
2015,1,24.68,33.33,0.41
2015,2,24.73,29.91,0.45
2015,3,25.84,32.66,0.48
2015,4,25.45,32.8,0.47
2015,5,24.85,33.44,0.47
2015,6,24.14,32.92,0.48
2015,7,24.74,33.13,0.49
2015,8,23.74,33.59,0.48
2015,9,25.53,34.14,0.47
2015,10,25.58,34.73,0.46
2015,11,25.91,36.69,0.46
2015,12,25.99,34.79,0.46
2015,13,25.55,30.86,0.47
2015,14,24.9,31.32,0.51
2015,15,24.02,30.93,0.5
2015,16,24.85,30.34,0.53
2015,17,23.24,30.57,0.53
2015,18,24.04,31.92,0.52
2015,19,23.53,31.85,0.51
2015,20,22.47,30.58,0.5
2015,21,22.32,31.24,0.49
2015,22,21.78,31.13,0.49
2015,23,22.13,30.34,0.48
2015,24,22.53,30.57,0.5
2015,25,23.16,31.04,0.53
2015,26,24.62,32.01,0.52
2015,27,23.82,33.15,0.51
2015,28,24.45,32.6,0.5
2015,29,24.08,31.8,0.49
2015,30,24.19,31.24,0.49
2015,31,24.48,30.97,0.49
2015,32,24.43,30.52,0.51
2015,33,24.66,30.58,0.52
2015,34,24.31,31.94,0.52
2015,35,23.06,28.61,0.55
2015,36,24.74,28.58,0.55
2015,37,24.12,28.25,0.56
2015,38,24.67,27.49,0.62
2015,39,25.6,29.01,0.64
2015,40,24.89,28.31,0.63
2015,41,25.0,28.91,0.63
2015,42,24.74,31.4,0.62
2015,43,25.3,29.49,0.62
2015,44,24.31,30.67,0.61
2015,45,24.5,30.58,0.61
2015,46,24.64,30.35,0.63
2015,47,24.78,29.49,0.63
2015,48,24.63,28.07,0.64
2015,49,25.4,28.14,0.65
2015,50,24.62,28.91,0.64
2015,51,23.14,29.36,0.63
2015,52,22.5,31.0,0.63
2015,53,25.5,30.82,0.62
2015,54,24.26,30.94,0.62
2015,55,24.05,30.95,0.61
2015,56,23.95,30.82,0.6
2015,57,24.92,30.18,0.59
2015,58,25.46,30.36,0.59
2015,59,24.55,32.03,0.58
2015,60,24.57,31.32,0.57
2015,61,24.21,27.58,0.57
2015,62,20.48,28.19,0.57
2015,63,19.43,28.91,0.56
2015,64,20.85,30.54,0.55
2015,65,23.56,31.01,0.55
2015,66,24.32,31.15,0.55
2015,67,24.92,30.76,0.56
2015,68,24.55,30.18,0.59
2015,69,23.0,28.91,0.59
2015,70,23.03,29.67,0.58
2015,71,22.17,29.43,0.57
2015,72,20.91,30.11,0.56
2015,73,22.4,30.38,0.55
2015,74,22.98,29.33,0.56
2015,75,22.13,28.27,0.58
2015,76,23.73,28.44,0.59
2015,77,23.52,28.78,0.59
2015,78,22.33,29.35,0.58
2015,79,22.75,29.81,0.57
2015,80,22.85,30.36,0.56
2015,81,23.03,30.91,0.55
2015,82,23.02,31.24,0.54
2015,83,23.05,31.37,0.54
2015,84,23.47,30.48,0.53
2015,85,23.09,30.65,0.52
2015,86,22.94,30.06,0.52
2015,87,21.58,29.97,0.52
2015,88,22.21,30.26,0.51
2015,89,22.98,29.21,0.51
2015,90,21.73,29.0,0.51
2015,91,21.61,28.73,0.5
2015,92,21.27,28.94,0.5
2015,93,19.21,29.49,0.49
2015,94,20.08,30.65,0.49
2015,95,21.69,29.49,0.48
2015,96,21.93,29.79,0.48
2015,97,21.73,29.16,0.48
2015,98,22.31,29.96,0.48
2015,99,22.02,29.93,0.47
2015,100,21.96,30.75,0.47
2015,101,22.17,30.69,0.47
2015,102,22.69,30.13,0.46
2015,103,23.05,30.09,0.46
2015,104,22.99,30.26,0.46
2015,105,24.02,28.99,0.46
2015,106,23.7,29.36,0.46
2015,107,22.85,30.22,0.46
2015,108,23.58,30.59,0.46
2015,109,23.58,30.71,0.46
2015,110,23.12,29.35,0.45
2015,111,22.19,28.5,0.45
2015,112,20.43,29.54,0.45
2015,113,21.93,30.71,0.45
2015,114,22.54,30.42,0.45
2015,115,22.81,31.67,0.45
2015,116,22.5,30.36,0.45
2015,117,22.25,28.3,0.45
2015,118,21.95,27.19,0.44
2015,119,21.15,27.05,0.44
2015,120,19.84,27.57,0.44
2015,121,18.65,28.29,0.44
2015,122,20.92,28.07,0.43
2015,123,19.28,29.05,0.43
2015,124,20.61,30.63,0.43
2015,125,21.66,30.92,0.43
2015,126,21.52,31.03,0.43
2015,127,21.6,28.4,0.43
2015,128,20.38,29.22,0.43
2015,129,19.93,30.38,0.43
2015,130,20.87,29.52,0.42
2015,131,21.51,29.5,0.42
2015,132,21.87,28.57,0.42
2015,133,21.28,26.28,0.42
2015,134,20.24,26.51,0.42
2015,135,17.91,27.6,0.42
2015,136,18.18,29.93,0.42
2015,137,18.81,30.08,0.42
2015,138,18.41,29.04,0.42
2015,139,17.26,29.29,0.41
2015,140,18.57,30.0,0.41
2015,141,20.05,30.37,0.41
2015,142,19.87,29.6,0.41
2015,143,19.11,28.88,0.41
2015,144,17.79,27.37,0.41
2015,145,16.28,28.16,0.41
2015,146,17.87,27.82,0.4
2015,147,18.47,28.77,0.4
2015,148,18.22,29.18,0.4
2015,149,19.34,28.11,0.4
2015,150,18.45,30.02,0.4
2015,151,18.78,30.73,0.4
2015,152,18.63,30.53,0.4
2015,153,19.71,30.98,0.4
2015,154,20.35,31.17,0.4
2015,155,21.42,30.03,0.4
2015,156,21.55,27.87,0.4
2015,157,19.33,25.54,0.4
2015,158,17.21,26.37,0.4
2015,159,17.48,26.36,0.4
2015,160,20.0,26.07,0.4
2015,161,19.02,25.77,0.4
2015,162,17.56,27.06,0.4
2015,163,18.01,26.83,0.4
2015,164,18.61,24.54,0.41
2015,165,16.85,25.36,0.41
2015,166,14.67,25.6,0.41
2015,167,13.94,26.87,0.41
2015,168,15.72,26.88,0.4
2015,169,19.39,26.26,0.4
2015,170,16.9,25.84,0.4
2015,171,17.3,26.86,0.4
2015,172,16.39,28.63,0.4
2015,173,16.78,27.84,0.4
2015,174,17.92,27.48,0.4
2015,175,19.0,28.73,0.4
2015,176,19.25,29.05,0.39
2015,177,18.85,28.59,0.39
2015,178,18.63,28.29,0.39
2015,179,18.04,28.56,0.39
2015,180,17.79,25.9,0.39
2015,181,17.46,25.05,0.39
2015,182,16.69,25.33,0.39
2015,183,16.41,26.08,0.39
2015,184,16.93,27.65,0.39
2015,185,17.18,27.68,0.39
2015,186,17.96,26.65,0.39
2015,187,18.41,24.82,0.39
2015,188,17.54,23.88,0.39
2015,189,16.2,23.49,0.39
2015,190,13.95,23.98,0.39
2015,191,13.98,25.96,0.39
2015,192,15.98,27.11,0.39
2015,193,15.35,26.49,0.39
2015,194,16.32,26.6,0.39
2015,195,16.26,26.12,0.39
2015,196,16.6,27.64,0.39
2015,197,17.1,28.14,0.39
2015,198,16.64,28.59,0.38
2015,199,18.37,29.89,0.38
2015,200,18.54,29.4,0.38
2015,201,17.75,28.69,0.38
2015,202,18.28,28.92,0.38
2015,203,18.02,27.63,0.38
2015,204,17.22,28.5,0.38
2015,205,17.56,28.06,0.38
2015,206,17.77,28.92,0.38
2015,207,17.58,28.05,0.38
2015,208,18.6,23.93,0.38
2015,209,16.62,26.48,0.38
2015,210,16.57,27.93,0.38
2015,211,18.38,26.71,0.38
2015,212,17.44,26.57,0.38
2015,213,18.02,23.44,0.38
2015,214,15.96,23.82,0.38
2015,215,14.11,26.68,0.38
2015,216,14.3,27.45,0.38
2015,217,15.61,26.26,0.38
2015,218,16.28,23.89,0.38
2015,219,15.4,24.81,0.38
2015,220,15.15,26.11,0.38
2015,221,15.29,26.41,0.38
2015,222,17.37,25.03,0.38
2015,223,16.55,27.39,0.38
2015,224,18.86,26.02,0.38
2015,225,17.02,28.92,0.38
2015,226,18.06,29.63,0.38
2015,227,19.12,30.49,0.37
2015,228,18.97,30.23,0.37
2015,229,18.65,28.33,0.37
2015,230,18.76,28.13,0.37
2015,231,17.54,29.96,0.37
2015,232,19.03,29.88,0.37
2015,233,18.58,30.28,0.37
2015,234,18.82,29.28,0.37
2015,235,20.13,26.54,0.37
2015,236,19.85,27.08,0.38
2015,237,18.86,30.04,0.38
2015,238,19.84,30.57,0.37
2015,239,19.61,30.68,0.37
2015,240,19.42,29.8,0.37
2015,241,19.95,29.31,0.37
2015,242,19.92,29.97,0.37
2015,243,20.32,30.8,0.37
2015,244,20.48,31.15,0.37
2015,245,20.34,31.5,0.37
2015,246,20.33,30.54,0.37
2015,247,20.5,27.98,0.37
2015,248,19.04,30.38,0.37
2015,249,20.4,31.22,0.37
2015,250,21.2,30.34,0.37
2015,251,21.65,30.81,0.37
2015,252,21.11,30.48,0.38
2015,253,20.58,31.54,0.38
2015,254,20.91,31.27,0.38
2015,255,17.69,24.4,0.4
2015,256,16.99,23.09,0.4
2015,257,16.7,26.45,0.39
2015,258,15.94,29.31,0.39
2015,259,18.92,26.97,0.39
2015,260,18.57,27.81,0.38
2015,261,17.86,29.45,0.38
2015,262,18.46,29.36,0.38
2015,263,18.25,28.26,0.38
2015,264,17.83,30.72,0.38
2015,265,20.19,31.32,0.38
2015,266,21.0,29.98,0.38
2015,267,21.59,30.86,0.38
2015,268,19.65,31.1,0.38
2015,269,20.8,32.4,0.38
2015,270,21.06,32.53,0.37
2015,271,22.23,32.36,0.37
2015,272,23.76,33.05,0.37
2015,273,21.61,32.6,0.37
2015,274,22.02,32.72,0.37
2015,275,22.44,29.92,0.37
2015,276,21.87,30.23,0.37
2015,277,21.4,33.92,0.37
2015,278,21.96,34.67,0.37
2015,279,21.82,30.92,0.37
2015,280,20.02,33.47,0.37
2015,281,21.47,34.89,0.37
2015,282,21.4,31.0,0.37
2015,283,21.33,32.88,0.37
2015,284,21.81,32.06,0.37
2015,285,21.53,34.57,0.37
2015,286,22.88,35.35,0.37
2015,287,23.45,34.51,0.37
2015,288,22.56,33.1,0.37
2015,289,23.57,32.56,0.37
2015,290,22.9,32.36,0.37
2015,291,22.84,30.92,0.37
2015,292,22.82,29.72,0.38
2015,293,22.59,32.63,0.38
2015,294,22.55,33.48,0.38
2015,295,23.53,32.4,0.37
2015,296,21.94,31.03,0.37
2015,297,21.69,30.71,0.37
2015,298,22.18,33.12,0.37
2015,299,23.52,31.63,0.37
2015,300,23.29,30.86,0.37
2015,301,22.71,31.93,0.37
2015,302,22.19,33.74,0.39
2015,303,23.28,31.65,0.39
2015,304,23.83,28.21,0.44
2015,305,23.39,27.24,0.46
2015,306,22.31,31.42,0.45
2015,307,20.78,30.05,0.46
2015,308,19.1,25.85,0.48
2015,309,17.71,26.22,0.47
2015,310,15.65,28.55,0.46
2015,311,16.69,30.86,0.45
2015,312,20.22,30.91,0.45
2015,313,21.08,31.49,0.44
2015,314,20.09,31.75,0.44
2015,315,19.1,32.04,0.43
2015,316,21.28,32.69,0.43
2015,317,21.5,35.26,0.42
2015,318,23.45,33.23,0.42
2015,319,22.58,32.28,0.42
2015,320,22.98,29.66,0.44
2015,321,22.32,32.76,0.46
2015,322,23.79,31.87,0.45
2015,323,23.16,31.26,0.45
2015,324,22.6,31.31,0.45
2015,325,24.01,32.86,0.44
2015,326,23.53,33.32,0.44
2015,327,21.37,28.83,0.44
2015,328,19.62,29.67,0.44
2015,329,20.5,31.49,0.43
2015,330,22.09,30.24,0.43
2015,331,22.61,30.84,0.42
2015,332,22.44,30.57,0.42
2015,333,22.25,29.92,0.43
2015,334,21.18,32.13,0.44
2015,335,20.54,33.19,0.44
2015,336,23.4,34.47,0.43
2015,337,23.95,31.57,0.43
2015,338,23.19,31.57,0.43
2015,339,22.67,31.31,0.43
2015,340,22.5,29.86,0.43
2015,341,22.0,30.55,0.43
2015,342,22.18,33.21,0.42
2015,343,24.1,34.25,0.42
2015,344,24.19,32.42,0.41
2015,345,22.73,34.06,0.41
2015,346,23.91,34.56,0.41
2015,347,24.95,34.59,0.41
2015,348,25.24,35.14,0.43
2015,349,25.77,32.5,0.44
2015,350,25.43,31.46,0.45
2015,351,25.28,30.31,0.45
2015,352,23.81,34.86,0.45
2015,353,25.39,33.61,0.46
2015,354,25.08,29.42,0.54
2015,355,24.57,28.21,0.56
2015,356,24.5,27.85,0.62
2015,357,24.65,28.87,0.6
2015,358,24.3,31.08,0.59
2015,359,25.35,30.33,0.58
2015,360,25.2,28.89,0.63
2015,361,25.26,29.71,0.62
2015,362,24.98,30.93,0.6
2015,363,24.9,31.11,0.59
2015,364,24.0,32.05,0.59
2015,365,23.5,32.15,0.57
2016,1,23.58,31.54,0.56
2016,2,23.79,31.68,0.56
2016,3,23.29,31.02,0.55
2016,4,22.57,32.42,0.54
2016,5,23.58,32.86,0.53
2016,6,23.67,33.47,0.52
2016,7,24.62,30.53,0.52
2016,8,24.8,32.01,0.53
2016,9,24.02,31.85,0.52
2016,10,23.85,30.97,0.51
2016,11,24.26,30.16,0.51
2016,12,24.36,31.17,0.51
2016,13,24.1,32.75,0.51
2016,14,25.27,31.72,0.51
2016,15,25.34,31.33,0.52
2016,16,24.21,29.61,0.53
2016,17,22.53,31.41,0.52
2016,18,20.83,31.24,0.51
2016,19,20.82,32.13,0.5
2016,20,21.96,32.68,0.49
2016,21,22.61,32.63,0.48
2016,22,23.28,32.61,0.48
2016,23,23.44,33.4,0.47
2016,24,24.05,33.66,0.47
2016,25,25.48,32.48,0.47
2016,26,25.48,32.61,0.51
2016,27,24.4,33.96,0.5
2016,28,25.28,33.37,0.5
2016,29,25.91,34.11,0.49
2016,30,25.28,35.37,0.48
2016,31,24.16,34.1,0.47
2016,32,23.43,33.83,0.46
2016,33,24.69,33.19,0.46
2016,34,24.97,34.55,0.46
2016,35,25.06,33.82,0.46
2016,36,25.59,33.24,0.46
2016,37,25.02,30.03,0.47
2016,38,24.42,30.66,0.48
2016,39,24.25,29.83,0.48
2016,40,24.17,28.96,0.47
2016,41,24.33,29.53,0.47
2016,42,24.09,29.77,0.47
2016,43,23.45,29.71,0.46
2016,44,21.74,30.64,0.46
2016,45,23.2,33.19,0.45
2016,46,25.56,33.58,0.45
2016,47,26.13,33.81,0.45
2016,48,26.29,33.82,0.45
2016,49,24.43,34.54,0.44
2016,50,25.38,34.54,0.43
2016,51,25.71,32.14,0.43
2016,52,24.93,32.19,0.43
2016,53,25.4,31.33,0.43
2016,54,24.59,34.13,0.44
2016,55,22.6,34.27,0.44
2016,56,24.46,33.61,0.43
2016,57,23.85,32.6,0.44
2016,58,24.8,30.84,0.46
2016,59,25.4,30.72,0.47
2016,60,24.38,32.49,0.46
2016,61,25.22,33.44,0.46
2016,62,25.8,29.2,0.49
2016,63,25.21,28.13,0.5
2016,64,24.63,31.56,0.49
2016,65,25.61,32.85,0.48
2016,66,25.93,32.94,0.48
2016,67,26.61,32.37,0.47
2016,68,25.95,32.98,0.47
2016,69,26.47,33.22,0.47
2016,70,25.6,33.54,0.47
2016,71,25.59,33.23,0.46
2016,72,25.3,32.47,0.46
2016,73,26.16,33.06,0.45
2016,74,26.45,32.08,0.46
2016,75,25.42,31.58,0.48
2016,76,25.73,31.5,0.49
2016,77,23.79,32.73,0.48
2016,78,25.97,30.73,0.48
2016,79,25.6,32.75,0.47
2016,80,25.36,33.46,0.46
2016,81,25.85,32.25,0.47
2016,82,24.71,30.98,0.48
2016,83,23.11,30.84,0.48
2016,84,22.42,32.33,0.47
2016,85,24.48,32.56,0.46
2016,86,23.61,32.48,0.46
2016,87,24.44,31.42,0.47
2016,88,25.73,30.7,0.5
2016,89,25.81,30.31,0.53
2016,90,23.92,32.27,0.53
2016,91,23.9,32.88,0.52
2016,92,23.95,33.25,0.51
2016,93,23.72,32.81,0.5
2016,94,24.37,32.69,0.49
2016,95,23.99,32.71,0.48
2016,96,23.25,32.59,0.48
2016,97,23.51,30.62,0.47
2016,98,20.97,27.9,0.47
2016,99,19.38,28.75,0.47
2016,100,19.8,29.98,0.46
2016,101,21.59,31.39,0.46
2016,102,22.79,31.98,0.46
2016,103,24.1,29.63,0.46
2016,104,23.2,28.57,0.46
2016,105,22.97,31.21,0.46
2016,106,22.71,33.41,0.45
2016,107,21.85,32.45,0.45
2016,108,23.19,33.13,0.45
2016,109,24.1,32.08,0.44
2016,110,22.87,30.61,0.44
2016,111,22.54,29.44,0.44
2016,112,21.44,31.64,0.44
2016,113,20.92,32.47,0.43
2016,114,21.29,31.75,0.43
2016,115,22.28,29.49,0.43
2016,116,21.94,31.55,0.43
2016,117,21.25,31.81,0.42
2016,118,22.13,31.38,0.42
2016,119,21.52,30.44,0.42
2016,120,20.84,29.82,0.42
2016,121,22.08,30.18,0.42
2016,122,22.65,28.32,0.41
2016,123,21.78,27.21,0.42
2016,124,20.27,28.57,0.41
2016,125,20.15,26.27,0.41
2016,126,19.76,26.53,0.41
2016,127,17.91,27.34,0.41
2016,128,17.32,27.83,0.41
2016,129,18.68,28.41,0.41
2016,130,16.9,27.78,0.41
2016,131,16.58,28.87,0.41
2016,132,18.1,29.58,0.4
2016,133,19.89,30.33,0.4
2016,134,20.14,30.21,0.4
2016,135,20.13,30.52,0.4
2016,136,20.66,30.66,0.4
2016,137,20.74,28.62,0.4
2016,138,20.45,27.33,0.4
2016,139,18.56,26.27,0.4
2016,140,16.33,26.63,0.4
2016,141,14.78,27.5,0.4
2016,142,15.94,26.91,0.4
2016,143,16.39,27.38,0.4
2016,144,15.93,28.36,0.39
2016,145,17.46,28.62,0.39
2016,146,17.43,28.21,0.39
2016,147,18.02,28.34,0.39
2016,148,18.3,29.11,0.39
2016,149,19.04,28.94,0.39
2016,150,19.79,29.39,0.39
2016,151,20.9,28.68,0.39
2016,152,21.03,28.35,0.39
2016,153,21.08,28.85,0.39
2016,154,21.02,29.21,0.4
2016,155,20.85,28.59,0.4
2016,156,19.61,28.77,0.4
2016,157,20.31,27.22,0.4
2016,158,18.25,25.87,0.4
2016,159,15.52,25.4,0.4
2016,160,15.07,26.28,0.39
2016,161,15.26,27.94,0.39
2016,162,16.52,28.05,0.39
2016,163,17.76,27.32,0.39
2016,164,17.1,24.0,0.4
2016,165,15.02,22.89,0.4
2016,166,15.51,26.27,0.4
2016,167,18.46,25.88,0.4
2016,168,17.88,26.78,0.4
2016,169,18.14,27.55,0.4
2016,170,18.57,28.62,0.39
2016,171,18.98,27.44,0.39
2016,172,18.49,28.98,0.39
2016,173,18.0,28.35,0.39
2016,174,17.59,27.34,0.39
2016,175,18.88,26.51,0.39
2016,176,17.88,28.26,0.39
2016,177,16.48,29.04,0.39
2016,178,18.7,28.51,0.39
2016,179,18.12,27.51,0.39
2016,180,17.73,27.76,0.39
2016,181,16.53,26.75,0.39
2016,182,16.35,27.26,0.39
2016,183,15.57,27.38,0.39
2016,184,16.96,25.96,0.39
2016,185,18.12,25.88,0.39
2016,186,17.41,25.82,0.39
2016,187,17.82,27.18,0.39
2016,188,17.23,28.52,0.39
2016,189,18.09,26.69,0.38
2016,190,17.5,26.02,0.38
2016,191,17.04,24.38,0.39
2016,192,15.0,24.89,0.38
2016,193,15.52,25.87,0.38
2016,194,15.42,27.45,0.38
2016,195,17.16,27.82,0.38
2016,196,18.11,27.77,0.38
2016,197,18.85,28.06,0.38
2016,198,19.77,28.86,0.38
2016,199,19.57,29.04,0.38
2016,200,18.91,27.47,0.38
2016,201,17.59,27.3,0.38
2016,202,17.27,27.62,0.38
2016,203,17.39,29.33,0.38
2016,204,18.95,30.24,0.38
2016,205,21.19,27.77,0.38
2016,206,20.92,30.06,0.38
2016,207,22.34,31.28,0.38
2016,208,19.34,30.98,0.38
2016,209,19.05,29.93,0.38
2016,210,18.75,29.36,0.38
2016,211,19.33,28.76,0.38
2016,212,18.75,26.3,0.38
2016,213,19.06,24.76,0.38
2016,214,18.08,26.07,0.38
2016,215,17.19,27.74,0.38
2016,216,18.62,27.08,0.38
2016,217,19.43,26.48,0.38
2016,218,18.28,25.38,0.38
2016,219,16.25,27.12,0.38
2016,220,17.17,29.19,0.38
2016,221,17.36,28.66,0.38
2016,222,18.54,25.43,0.38
2016,223,18.48,24.27,0.38
2016,224,16.43,26.02,0.37
2016,225,16.64,28.21,0.37
2016,226,18.32,29.46,0.37
2016,227,19.75,30.31,0.37
2016,228,21.24,31.32,0.37
2016,229,19.89,30.29,0.37
2016,230,19.19,29.79,0.37
2016,231,19.61,29.67,0.37
2016,232,19.89,30.36,0.37
2016,233,20.78,27.57,0.37
2016,234,19.52,27.99,0.37
2016,235,19.15,30.47,0.37
2016,236,19.96,26.77,0.37
2016,237,18.12,26.32,0.37
2016,238,15.98,28.01,0.37
2016,239,16.28,28.58,0.37
2016,240,16.48,28.87,0.37
2016,241,16.41,29.85,0.37
2016,242,16.4,28.55,0.37
2016,243,16.79,29.73,0.37
2016,244,17.12,30.34,0.37
2016,245,16.94,29.93,0.37
2016,246,18.37,29.01,0.37
2016,247,18.58,27.41,0.37
2016,248,18.47,29.49,0.37
2016,249,19.17,28.89,0.37
2016,250,19.13,30.15,0.37
2016,251,19.43,30.69,0.37
2016,252,19.53,30.45,0.37
2016,253,19.78,31.77,0.37
2016,254,20.03,32.42,0.36
2016,255,18.93,32.81,0.36
2016,256,20.17,31.76,0.36
2016,257,20.52,31.96,0.36
2016,258,20.44,30.86,0.36
2016,259,19.25,30.64,0.36
2016,260,19.77,31.21,0.36
2016,261,20.38,31.93,0.36
2016,262,20.66,31.74,0.36
2016,263,19.73,30.89,0.36
2016,264,21.23,29.12,0.36
2016,265,19.37,29.46,0.36
2016,266,20.07,31.47,0.36
2016,267,21.2,30.93,0.36
2016,268,20.57,30.93,0.36
2016,269,19.72,30.7,0.36
2016,270,21.14,31.74,0.36
2016,271,21.95,33.28,0.36
2016,272,22.67,32.12,0.36
2016,273,23.46,33.6,0.36
2016,274,22.4,32.68,0.36
2016,275,22.67,32.93,0.36
2016,276,23.03,31.63,0.36
2016,277,21.34,25.84,0.37
2016,278,20.35,25.35,0.37
2016,279,20.21,24.11,0.37
2016,280,20.22,25.15,0.37
2016,281,18.73,28.44,0.37
2016,282,18.59,33.09,0.37
2016,283,21.95,32.47,0.37
2016,284,21.95,31.57,0.36
2016,285,22.27,32.48,0.36
2016,286,22.75,34.4,0.36
2016,287,21.36,31.8,0.36
2016,288,21.85,30.47,0.36
2016,289,20.09,31.6,0.36
2016,290,20.47,31.14,0.36
2016,291,21.57,30.39,0.36
2016,292,21.95,31.91,0.36
2016,293,20.5,33.0,0.36
2016,294,23.28,31.5,0.36
2016,295,22.02,30.51,0.36
2016,296,23.45,30.88,0.37
2016,297,22.41,32.67,0.37
2016,298,22.97,33.57,0.37
2016,299,24.7,33.75,0.37
2016,300,24.47,32.68,0.37
2016,301,22.72,32.18,0.37
2016,302,21.83,31.17,0.36
2016,303,19.51,29.91,0.36
2016,304,21.09,30.2,0.36
2016,305,21.32,30.72,0.36
2016,306,21.65,32.22,0.36
2016,307,21.53,32.17,0.36
2016,308,21.98,34.08,0.36
2016,309,24.37,34.44,0.36
2016,310,24.66,34.51,0.36
2016,311,24.28,34.13,0.36
2016,312,23.82,33.57,0.36
2016,313,23.57,34.3,0.36
2016,314,22.88,34.91,0.36
2016,315,23.22,32.66,0.36
2016,316,23.1,33.82,0.36
2016,317,24.1,35.41,0.36
2016,318,23.93,32.72,0.36
2016,319,24.28,33.52,0.36
2016,320,22.93,31.97,0.36
2016,321,22.23,32.88,0.36
2016,322,24.63,31.72,0.36
2016,323,24.4,29.83,0.38
2016,324,21.96,29.68,0.39
2016,325,20.61,30.1,0.38
2016,326,20.56,31.49,0.38
2016,327,22.04,33.35,0.38
2016,328,22.59,33.32,0.37
2016,329,25.34,34.52,0.37
2016,330,24.14,30.99,0.38
2016,331,23.59,32.1,0.38
2016,332,22.76,29.48,0.38
2016,333,22.59,30.91,0.38
2016,334,23.24,32.5,0.38
2016,335,23.73,30.83,0.38
2016,336,23.25,30.48,0.38
2016,337,22.23,29.34,0.37
2016,338,20.38,30.07,0.38
2016,339,20.58,33.76,0.37
2016,340,22.06,32.43,0.37
2016,341,23.3,32.81,0.37
2016,342,24.14,32.1,0.37
2016,343,24.43,31.79,0.37
2016,344,23.95,33.08,0.37
2016,345,24.15,35.38,0.37
2016,346,26.41,35.71,0.37
2016,347,25.01,34.22,0.37
2016,348,24.94,35.29,0.37
2016,349,24.62,32.39,0.37
2016,350,24.47,34.89,0.37
2016,351,25.3,31.36,0.38
2016,352,24.11,27.0,0.4
2016,353,23.75,30.03,0.4
2016,354,23.89,31.61,0.39
2016,355,25.09,32.4,0.39
2016,356,25.16,30.07,0.39
2016,357,25.39,31.29,0.39
2016,358,25.22,34.28,0.39
2016,359,26.02,36.57,0.38
2016,360,25.67,34.4,0.38
2016,361,26.19,36.17,0.38
2016,362,26.74,37.29,0.38
2016,363,26.82,35.13,0.37
2016,364,26.35,34.29,0.37
2016,365,25.95,33.42,0.37
2016,366,25.35,33.71,0.37
2017,1,24.95,33.55,0.37
2017,2,24.97,33.58,0.37
2017,3,25.61,32.84,0.37
2017,4,25.22,32.31,0.38
2017,5,24.68,32.43,0.38
2017,6,25.44,33.17,0.38
2017,7,25.43,31.87,0.38
2017,8,24.79,31.76,0.38
2017,9,24.83,32.16,0.38
2017,10,25.25,28.73,0.39
2017,11,24.98,32.08,0.4
2017,12,25.95,32.93,0.4
2017,13,26.1,32.23,0.4
2017,14,26.57,34.22,0.39
2017,15,26.61,32.68,0.39
2017,16,26.45,32.62,0.39
2017,17,25.97,33.03,0.39
2017,18,26.19,33.5,0.4
2017,19,26.29,34.11,0.4
2017,20,26.15,33.1,0.41
2017,21,26.34,32.38,0.41
2017,22,25.16,35.79,0.4
2017,23,25.84,35.78,0.4
2017,24,26.07,34.7,0.39
2017,25,26.3,34.26,0.39
2017,26,25.75,32.86,0.39
2017,27,24.25,32.25,0.39
2017,28,24.57,33.43,0.39
2017,29,24.19,33.6,0.39
2017,30,25.21,34.42,0.38
2017,31,25.81,35.13,0.38
2017,32,25.58,35.31,0.38
2017,33,25.61,36.65,0.38
2017,34,27.13,36.4,0.37
2017,35,26.46,35.83,0.38
2017,36,26.72,33.4,0.4
2017,37,26.59,34.59,0.4
2017,38,26.47,36.05,0.39
2017,39,26.21,35.29,0.39
2017,40,27.27,33.63,0.39
2017,41,26.63,33.93,0.39
2017,42,25.9,32.63,0.39
2017,43,26.05,29.41,0.41
2017,44,25.07,32.73,0.41
2017,45,25.33,33.05,0.41
2017,46,25.93,34.71,0.41
2017,47,25.84,35.62,0.41
2017,48,25.44,32.47,0.4
2017,49,23.46,34.51,0.4
2017,50,23.34,32.77,0.4
2017,51,24.75,29.13,0.41
2017,52,23.76,31.12,0.42
2017,53,24.74,32.27,0.42
2017,54,24.6,30.69,0.44
2017,55,24.98,33.14,0.46
2017,56,25.38,32.39,0.46
2017,57,25.32,31.48,0.46
2017,58,25.16,30.18,0.46
2017,59,24.27,33.01,0.45
2017,60,25.26,29.76,0.46
2017,61,24.79,31.91,0.46
2017,62,25.46,33.08,0.46
2017,63,25.94,33.91,0.46
2017,64,25.78,34.62,0.45
2017,65,26.15,32.52,0.45
2017,66,25.58,35.1,0.44
2017,67,25.7,35.7,0.44
2017,68,24.35,30.36,0.44
2017,69,24.16,28.84,0.47
2017,70,23.02,29.31,0.46
2017,71,21.41,29.9,0.46
2017,72,21.39,30.86,0.45
2017,73,21.46,30.7,0.45
2017,74,23.27,31.59,0.44
2017,75,23.19,31.64,0.44
2017,76,24.06,33.89,0.43
2017,77,24.23,35.09,0.43
2017,78,24.24,31.85,0.43
2017,79,24.79,33.74,0.43
2017,80,24.02,34.54,0.42
2017,81,24.51,33.49,0.42
2017,82,23.61,33.46,0.42
2017,83,24.3,32.74,0.42
2017,84,24.47,31.29,0.42
2017,85,23.41,28.86,0.43
2017,86,22.11,30.91,0.43
2017,87,22.88,32.23,0.43
2017,88,23.69,31.62,0.43
2017,89,23.5,31.83,0.43
2017,90,22.9,33.22,0.43
2017,91,24.08,33.11,0.43
2017,92,24.46,31.86,0.42
2017,93,24.96,31.68,0.42
2017,94,25.09,32.72,0.42
2017,95,25.57,34.0,0.42
2017,96,25.12,33.51,0.42
2017,97,22.92,32.94,0.41
2017,98,24.22,33.76,0.41
2017,99,24.95,34.12,0.41
2017,100,24.13,33.85,0.41
2017,101,23.79,33.58,0.4
2017,102,25.35,33.59,0.4
2017,103,25.49,33.85,0.4
2017,104,26.29,33.91,0.4
2017,105,25.57,33.35,0.4
2017,106,24.68,29.79,0.4
2017,107,23.93,29.27,0.4
2017,108,22.85,28.63,0.4
2017,109,21.73,29.29,0.4
2017,110,21.79,28.75,0.39
2017,111,22.76,28.25,0.39
2017,112,22.82,27.96,0.39
2017,113,20.66,29.57,0.39
2017,114,20.84,26.9,0.39
2017,115,20.16,28.15,0.39
2017,116,19.29,28.81,0.39
2017,117,19.8,31.21,0.39
2017,118,21.91,32.64,0.39
2017,119,20.95,32.22,0.39
2017,120,19.08,31.2,0.39
2017,121,19.14,30.75,0.39
2017,122,19.73,31.43,0.38
2017,123,21.03,31.84,0.38
2017,124,21.6,31.67,0.38
2017,125,22.6,32.28,0.38
2017,126,22.22,31.14,0.39
2017,127,21.93,31.16,0.39
2017,128,22.17,30.91,0.38
2017,129,22.24,32.02,0.38
2017,130,21.56,32.27,0.38
2017,131,22.02,31.39,0.38
2017,132,22.04,29.28,0.38
2017,133,22.27,28.98,0.38
2017,134,20.41,29.01,0.38
2017,135,21.97,30.4,0.38
2017,136,23.19,31.77,0.38
2017,137,22.62,29.58,0.39
2017,138,22.13,27.12,0.4
2017,139,21.16,26.73,0.4
2017,140,19.44,28.84,0.39
2017,141,19.52,30.59,0.39
2017,142,19.73,31.28,0.39
2017,143,20.87,30.3,0.39
2017,144,19.87,30.08,0.39
2017,145,19.48,29.17,0.39
2017,146,19.31,31.36,0.38
2017,147,20.44,29.91,0.38
2017,148,21.12,26.91,0.38
2017,149,19.33,26.68,0.38
2017,150,19.3,27.66,0.38
2017,151,19.21,29.0,0.38
2017,152,20.8,27.1,0.38
2017,153,19.89,27.65,0.38
2017,154,19.67,29.14,0.38
2017,155,20.17,30.33,0.38
2017,156,21.69,29.31,0.38
2017,157,20.66,29.59,0.38
2017,158,19.53,31.11,0.38
2017,159,19.22,29.61,0.38
2017,160,20.73,29.65,0.38
2017,161,22.54,33.36,0.38
2017,162,23.21,32.2,0.38
2017,163,21.95,31.31,0.38
2017,164,21.11,30.71,0.38
2017,165,21.26,31.18,0.38
2017,166,21.07,29.93,0.38
2017,167,20.55,27.46,0.38
2017,168,19.64,27.11,0.38
2017,169,17.3,27.31,0.38
2017,170,18.2,28.17,0.38
2017,171,19.66,28.68,0.38
2017,172,20.94,29.61,0.38
2017,173,19.09,30.31,0.38
2017,174,20.02,27.74,0.38
2017,175,19.75,28.85,0.38
2017,176,18.28,27.88,0.38
2017,177,17.66,27.29,0.37
2017,178,17.17,28.18,0.37
2017,179,17.35,29.08,0.37
2017,180,17.83,26.54,0.37
2017,181,17.87,26.77,0.37
2017,182,17.06,27.42,0.37
2017,183,18.13,27.69,0.37
2017,184,18.94,28.58,0.37
2017,185,18.92,28.96,0.37
2017,186,20.09,30.14,0.37
2017,187,19.34,29.75,0.37
2017,188,17.91,29.18,0.37
2017,189,15.53,28.77,0.37
2017,190,16.71,28.67,0.37
2017,191,17.72,26.12,0.37
2017,192,17.97,25.94,0.37
2017,193,17.48,25.7,0.37
2017,194,16.08,25.8,0.37
2017,195,17.28,25.36,0.37
2017,196,17.23,27.82,0.37
2017,197,17.63,27.25,0.37
2017,198,18.2,25.71,0.37
2017,199,17.71,27.32,0.37
2017,200,17.81,27.61,0.37
2017,201,17.56,28.18,0.37
2017,202,18.23,26.41,0.37
2017,203,16.38,28.22,0.37
2017,204,17.38,28.0,0.37
2017,205,18.03,25.92,0.37
2017,206,18.23,26.02,0.37
2017,207,17.29,28.79,0.37
2017,208,18.59,29.28,0.37
2017,209,20.14,29.8,0.37
2017,210,19.64,32.0,0.37
2017,211,19.96,28.96,0.37
2017,212,18.28,26.65,0.37
2017,213,15.93,25.98,0.37
2017,214,14.68,27.04,0.37
2017,215,16.61,28.33,0.37
2017,216,17.52,28.42,0.37
2017,217,17.9,27.84,0.37
2017,218,17.2,26.4,0.37
2017,219,18.53,26.49,0.37
2017,220,16.86,27.64,0.37
2017,221,17.43,28.76,0.37
2017,222,17.86,29.37,0.37
2017,223,19.81,29.51,0.37
2017,224,18.81,29.44,0.37
2017,225,18.84,29.76,0.37
2017,226,19.43,28.97,0.37
2017,227,19.36,28.68,0.37
2017,228,19.38,29.38,0.37
2017,229,20.13,30.32,0.37
2017,230,21.95,28.49,0.37
2017,231,21.16,27.48,0.37
2017,232,19.42,25.45,0.36
2017,233,18.19,26.33,0.36
2017,234,16.19,29.65,0.36
2017,235,19.13,25.98,0.36
2017,236,18.99,27.58,0.36
2017,237,17.59,28.0,0.36
2017,238,19.25,28.57,0.36
2017,239,17.54,26.88,0.36
2017,240,17.63,27.66,0.36
2017,241,17.47,28.54,0.36
2017,242,17.16,29.24,0.36
2017,243,16.66,28.63,0.36
2017,244,17.57,29.86,0.36
2017,245,18.75,28.59,0.36
2017,246,19.31,25.44,0.36
2017,247,18.49,28.18,0.36
2017,248,15.82,30.95,0.36
2017,249,16.99,29.25,0.36
2017,250,17.49,29.06,0.36
2017,251,18.4,30.47,0.36
2017,252,19.45,30.72,0.36
2017,253,18.84,29.86,0.36
2017,254,18.05,29.82,0.36
2017,255,18.01,32.37,0.36
2017,256,19.38,31.73,0.36
2017,257,19.51,30.16,0.36
2017,258,19.32,28.45,0.36
2017,259,17.98,30.24,0.36
2017,260,17.63,31.35,0.36
2017,261,18.39,32.31,0.36
2017,262,20.28,31.33,0.36
2017,263,20.08,28.79,0.36
2017,264,20.16,29.19,0.36
2017,265,20.72,32.78,0.36
2017,266,22.04,30.85,0.36
2017,267,20.51,29.45,0.36
2017,268,20.17,30.83,0.36
2017,269,21.12,28.98,0.36
2017,270,21.13,30.48,0.36
2017,271,20.65,30.62,0.36
2017,272,18.61,30.9,0.36
2017,273,20.78,31.09,0.36
2017,274,22.08,32.5,0.36
2017,275,22.24,30.19,0.36
2017,276,21.53,31.73,0.36
2017,277,24.48,35.57,0.36
2017,278,23.72,35.09,0.36
2017,279,22.41,33.33,0.36
2017,280,22.46,33.15,0.36
2017,281,23.3,32.67,0.36
2017,282,22.36,32.32,0.36
2017,283,22.74,33.37,0.36
2017,284,23.49,30.85,0.36
2017,285,22.19,27.86,0.36
2017,286,21.18,27.78,0.36
2017,287,19.42,27.12,0.36
2017,288,18.53,29.45,0.36
2017,289,19.03,31.72,0.36
2017,290,21.5,33.49,0.36
2017,291,21.96,29.36,0.36
2017,292,19.85,31.69,0.36
2017,293,20.77,33.02,0.36
2017,294,22.49,34.34,0.36
2017,295,23.21,34.96,0.36
2017,296,24.52,35.51,0.36
2017,297,23.75,32.79,0.36
2017,298,23.07,32.71,0.36
2017,299,22.74,33.88,0.36
2017,300,23.55,34.37,0.36
2017,301,20.51,29.31,0.36
2017,302,19.54,27.72,0.36
2017,303,18.98,32.79,0.36
2017,304,20.99,33.28,0.36
2017,305,21.09,33.35,0.36
2017,306,22.45,33.78,0.36
2017,307,22.77,31.7,0.35
2017,308,22.2,34.0,0.35
2017,309,21.6,34.03,0.35
2017,310,21.41,31.5,0.35
2017,311,19.63,29.91,0.35
2017,312,20.84,29.12,0.35
2017,313,22.06,26.16,0.37
2017,314,20.7,27.76,0.36
2017,315,19.62,29.28,0.36
2017,316,20.58,30.12,0.36
2017,317,22.28,32.25,0.36
2017,318,22.0,29.39,0.36
2017,319,22.2,32.69,0.36
2017,320,25.28,31.71,0.36
2017,321,23.38,29.82,0.36
2017,322,22.05,29.61,0.36
2017,323,21.13,31.87,0.36
2017,324,23.05,33.37,0.36
2017,325,25.04,33.51,0.36
2017,326,24.84,33.87,0.36
2017,327,24.87,33.39,0.36
2017,328,24.38,33.32,0.36
2017,329,24.9,32.19,0.36
2017,330,23.67,30.55,0.37
2017,331,23.02,28.35,0.37
2017,332,21.73,30.23,0.37
2017,333,22.57,32.25,0.37
2017,334,23.42,32.4,0.37
2017,335,23.42,32.69,0.37
2017,336,23.72,31.01,0.37
2017,337,24.28,34.47,0.37
2017,338,24.97,33.54,0.37
2017,339,25.19,33.23,0.36
2017,340,25.4,32.36,0.36
2017,341,24.29,33.2,0.36
2017,342,24.24,35.15,0.36
2017,343,25.45,32.49,0.37
2017,344,23.19,28.32,0.39
2017,345,22.19,28.57,0.39
2017,346,21.06,30.25,0.38
2017,347,23.23,31.74,0.38
2017,348,23.96,31.79,0.39
2017,349,21.39,28.95,0.41
2017,350,19.66,33.27,0.41
2017,351,24.16,34.62,0.4
2017,352,25.62,32.7,0.4
2017,353,24.74,30.69,0.4
2017,354,24.0,30.85,0.4
2017,355,22.33,32.15,0.39
2017,356,22.27,32.1,0.39
2017,357,23.64,30.76,0.39
2017,358,23.18,30.87,0.39
2017,359,23.24,32.33,0.38
2017,360,23.44,31.63,0.38
2017,361,22.79,32.4,0.38
2017,362,23.42,33.15,0.38
2017,363,24.63,31.46,0.4
2017,364,23.46,33.4,0.39
2017,365,23.68,34.52,0.39
2018,1,24.92,33.21,0.38
2018,2,24.88,33.32,0.38
2018,3,25.28,33.89,0.38
2018,4,25.44,35.6,0.38
2018,5,24.97,36.12,0.37
2018,6,26.48,33.67,0.37
2018,7,25.83,33.4,0.38
2018,8,24.95,29.77,0.38
2018,9,24.52,29.63,0.38
2018,10,22.09,31.16,0.38
2018,11,20.35,33.03,0.38
2018,12,21.57,34.42,0.37
2018,13,23.56,34.19,0.37
2018,14,25.36,35.97,0.37
2018,15,25.46,36.76,0.37
2018,16,25.86,35.22,0.37
2018,17,23.24,36.08,0.37
2018,18,23.83,35.17,0.37
2018,19,23.72,34.81,0.36
2018,20,23.03,31.88,0.36
2018,21,22.65,32.32,0.36
2018,22,22.09,34.32,0.36
2018,23,23.4,34.0,0.36
2018,24,25.13,33.58,0.36
2018,25,24.72,33.66,0.36
2018,26,23.92,36.01,0.36
2018,27,26.11,35.14,0.36
2018,28,24.94,30.91,0.37
2018,29,23.8,31.31,0.37
2018,30,23.04,32.09,0.37
2018,31,24.28,31.42,0.37
2018,32,23.97,32.59,0.37
2018,33,25.08,32.94,0.37
2018,34,24.72,33.86,0.36
2018,35,24.87,32.31,0.36
2018,36,23.61,34.07,0.36
2018,37,23.44,32.93,0.36
2018,38,24.27,31.49,0.36
2018,39,24.02,33.57,0.36
2018,40,24.76,34.68,0.36
2018,41,23.77,26.91,0.38
2018,42,23.49,29.23,0.42
2018,43,23.4,28.43,0.44
2018,44,23.18,30.58,0.44
2018,45,21.98,30.75,0.43
2018,46,22.67,31.61,0.42
2018,47,23.62,31.76,0.42
2018,48,22.54,33.1,0.41
2018,49,24.23,31.29,0.41
2018,50,24.88,35.12,0.41
2018,51,25.11,35.19,0.4
2018,52,24.68,34.18,0.4
2018,53,25.31,33.28,0.4
2018,54,24.84,34.47,0.39
2018,55,26.17,32.97,0.39
2018,56,25.3,33.95,0.39
2018,57,25.13,34.32,0.39
2018,58,24.8,34.5,0.39
2018,59,24.04,34.21,0.39
2018,60,25.49,32.8,0.39
2018,61,25.76,33.47,0.41
2018,62,24.79,35.43,0.41
2018,63,24.31,34.91,0.4
2018,64,24.48,33.27,0.4
2018,65,23.98,34.2,0.4
2018,66,23.12,32.76,0.4
2018,67,21.57,33.14,0.4
2018,68,23.01,32.31,0.39
2018,69,22.57,32.32,0.39
2018,70,24.55,34.77,0.39
2018,71,24.49,33.65,0.39
2018,72,24.92,33.73,0.39
2018,73,25.71,34.12,0.38
2018,74,25.58,34.87,0.38
2018,75,25.45,35.97,0.38
2018,76,26.21,35.3,0.38
2018,77,26.49,35.17,0.38
2018,78,24.65,33.61,0.38
2018,79,24.72,33.53,0.38
2018,80,24.72,33.45,0.38
2018,81,25.66,34.39,0.38
2018,82,25.59,35.14,0.37
2018,83,26.21,33.93,0.37
2018,84,26.15,34.42,0.37
2018,85,26.05,34.86,0.37
2018,86,24.26,34.44,0.37
2018,87,24.54,34.93,0.37
2018,88,24.64,35.47,0.37
2018,89,25.84,34.94,0.37
2018,90,24.21,34.68,0.37
2018,91,24.55,34.44,0.37
2018,92,25.94,31.58,0.38
2018,93,25.03,33.4,0.39
2018,94,25.02,31.96,0.4
2018,95,24.85,33.36,0.4
2018,96,25.67,34.91,0.39
2018,97,26.11,33.49,0.4
2018,98,25.83,31.47,0.4
2018,99,23.64,34.05,0.4
2018,100,22.06,31.74,0.4
2018,101,23.57,29.38,0.39
2018,102,22.39,30.17,0.39
2018,103,21.14,32.84,0.39
2018,104,22.98,33.0,0.39
2018,105,23.47,32.25,0.39
2018,106,23.82,31.38,0.39
2018,107,22.85,33.63,0.39
2018,108,24.12,32.35,0.39
2018,109,24.19,31.68,0.39
2018,110,23.79,30.26,0.4
2018,111,23.58,29.57,0.4
2018,112,22.23,28.82,0.4
2018,113,20.67,29.07,0.39
2018,114,21.36,31.32,0.39
2018,115,20.15,32.25,0.39
2018,116,20.02,32.7,0.39
2018,117,19.27,32.38,0.39
2018,118,20.15,30.95,0.38
2018,119,20.11,31.42,0.38
2018,120,20.04,33.05,0.38
2018,121,20.48,33.41,0.38
2018,122,21.92,32.3,0.38
2018,123,23.04,31.59,0.38
2018,124,23.5,30.38,0.38
2018,125,22.04,27.79,0.38
2018,126,20.39,28.3,0.38
2018,127,21.02,28.68,0.38
2018,128,20.75,31.18,0.38
2018,129,21.65,30.09,0.38
2018,130,21.66,28.62,0.38
2018,131,19.41,30.26,0.38
2018,132,19.17,30.62,0.38
2018,133,20.91,29.21,0.38
2018,134,20.8,27.38,0.38
2018,135,19.91,27.86,0.38
2018,136,19.4,30.28,0.38
2018,137,19.44,30.9,0.38
2018,138,21.22,29.58,0.38
2018,139,21.1,30.78,0.38
2018,140,20.42,31.11,0.38
2018,141,19.24,30.96,0.38
2018,142,19.62,30.28,0.38
2018,143,19.93,32.0,0.38
2018,144,20.86,32.22,0.38
2018,145,20.69,31.9,0.37
2018,146,20.6,31.33,0.37
2018,147,19.74,28.87,0.37
2018,148,19.36,27.08,0.37
2018,149,17.71,27.89,0.37
2018,150,16.13,28.26,0.37
2018,151,17.25,28.09,0.37
2018,152,18.68,27.39,0.37
2018,153,20.52,28.17,0.38
2018,154,20.12,30.0,0.38
2018,155,20.05,28.78,0.38
2018,156,19.87,23.44,0.4
2018,157,18.97,22.08,0.41
2018,158,20.9,24.73,0.43
2018,159,19.73,25.32,0.43
2018,160,17.94,27.09,0.42
2018,161,17.42,28.38,0.42
2018,162,17.97,27.97,0.42
2018,163,19.28,28.28,0.41
2018,164,17.52,28.73,0.41
2018,165,19.25,29.19,0.41
2018,166,19.71,29.17,0.41
2018,167,19.66,28.25,0.4
2018,168,20.29,25.89,0.4
2018,169,17.91,28.45,0.4
2018,170,18.95,26.45,0.4
2018,171,18.07,25.23,0.4
2018,172,16.59,27.24,0.4
2018,173,17.66,26.96,0.4
2018,174,17.39,27.14,0.4
2018,175,18.28,27.95,0.4
2018,176,17.95,28.3,0.39
2018,177,19.41,29.16,0.39
2018,178,18.93,29.52,0.39
2018,179,19.01,27.36,0.39
2018,180,19.1,25.3,0.39
2018,181,18.12,26.28,0.39
2018,182,17.04,27.99,0.39
2018,183,17.85,29.41,0.39
2018,184,18.37,28.25,0.39
2018,185,19.25,28.5,0.39
2018,186,17.26,29.48,0.39
2018,187,19.69,29.73,0.39
2018,188,19.31,29.4,0.39
2018,189,17.85,28.52,0.39
2018,190,17.54,28.57,0.38
2018,191,17.08,28.59,0.38
2018,192,18.45,27.19,0.38
2018,193,17.42,28.45,0.38
2018,194,17.28,29.04,0.38
2018,195,18.31,28.4,0.38
2018,196,18.92,25.99,0.38
2018,197,16.61,22.7,0.39
2018,198,15.33,23.44,0.39
2018,199,15.0,24.97,0.39
2018,200,14.88,26.5,0.39
2018,201,15.58,28.02,0.39
2018,202,16.41,27.66,0.39
2018,203,17.39,28.01,0.38
2018,204,16.69,26.1,0.38
2018,205,15.21,27.89,0.38
2018,206,15.77,28.67,0.38
2018,207,16.28,27.48,0.38
2018,208,15.05,28.55,0.38
2018,209,16.46,27.29,0.38
2018,210,16.74,28.88,0.38
2018,211,17.37,26.21,0.38
2018,212,16.64,24.84,0.38
2018,213,16.43,26.35,0.38
2018,214,15.5,25.19,0.38
2018,215,18.42,25.73,0.38
2018,216,16.11,25.97,0.38
2018,217,15.8,28.47,0.38
2018,218,17.73,29.02,0.38
2018,219,18.93,27.85,0.38
2018,220,18.55,28.43,0.38
2018,221,18.83,29.64,0.38
2018,222,18.68,31.89,0.38
2018,223,19.19,28.96,0.38
2018,224,18.97,31.14,0.38
2018,225,19.68,32.31,0.37
2018,226,17.92,32.02,0.37
2018,227,18.48,31.73,0.37
2018,228,18.18,29.69,0.37
2018,229,18.02,29.53,0.37
2018,230,18.59,28.85,0.37
2018,231,18.8,30.52,0.37
2018,232,19.23,29.73,0.37
2018,233,19.29,30.75,0.37
2018,234,19.12,30.24,0.37
2018,235,18.68,30.12,0.37
2018,236,18.59,29.58,0.37
2018,237,19.3,30.08,0.37
2018,238,19.75,28.83,0.37
2018,239,20.11,29.42,0.37
2018,240,20.32,28.15,0.37
2018,241,19.1,27.96,0.37
2018,242,17.23,30.29,0.37
2018,243,19.3,31.06,0.37
2018,244,19.94,31.15,0.37
2018,245,19.72,30.97,0.37
2018,246,19.85,31.54,0.37
2018,247,21.0,31.88,0.37
2018,248,20.51,32.32,0.37
2018,249,21.51,32.68,0.37
2018,250,21.62,32.2,0.37
2018,251,21.49,33.07,0.37
2018,252,23.09,30.52,0.37
2018,253,19.32,25.14,0.4
2018,254,19.49,24.57,0.43
2018,255,18.16,27.03,0.42
2018,256,17.89,29.64,0.42
2018,257,19.09,28.66,0.41
2018,258,18.68,29.67,0.41
2018,259,19.56,29.01,0.4
2018,260,18.54,31.89,0.4
2018,261,19.49,32.58,0.4
2018,262,19.78,33.47,0.4
2018,263,18.56,32.5,0.39
2018,264,19.39,32.97,0.39
2018,265,19.21,31.19,0.39
2018,266,19.26,30.96,0.39
2018,267,20.84,29.17,0.38
2018,268,19.55,31.12,0.38
2018,269,21.24,31.57,0.38
2018,270,21.26,32.22,0.38
2018,271,20.17,32.87,0.38
2018,272,22.04,30.24,0.38
2018,273,19.96,30.02,0.38
2018,274,18.41,30.58,0.37
2018,275,18.56,29.74,0.37
2018,276,18.97,28.49,0.37
2018,277,18.78,30.17,0.37
2018,278,20.21,27.67,0.37
2018,279,20.95,26.64,0.37
2018,280,21.14,27.45,0.37
2018,281,20.87,31.55,0.37
2018,282,23.48,33.19,0.37
2018,283,21.44,32.02,0.4
2018,284,23.15,32.38,0.4
2018,285,22.68,30.19,0.4
2018,286,22.39,29.09,0.4
2018,287,20.95,30.24,0.4
2018,288,21.6,30.24,0.39
2018,289,21.73,28.33,0.39
2018,290,21.96,29.24,0.39
2018,291,20.54,28.47,0.39
2018,292,20.5,27.45,0.38
2018,293,17.97,27.3,0.38
2018,294,19.4,24.83,0.38
2018,295,17.53,23.66,0.38
2018,296,16.61,27.69,0.38
2018,297,17.01,31.32,0.38
2018,298,19.13,31.23,0.38
2018,299,19.79,32.75,0.37
2018,300,20.32,31.75,0.37
2018,301,19.31,28.5,0.37
2018,302,19.61,26.93,0.37
2018,303,18.28,30.43,0.37
2018,304,19.24,30.78,0.37
2018,305,21.25,31.99,0.37
2018,306,21.88,30.24,0.37
2018,307,20.67,27.56,0.37
2018,308,19.24,29.73,0.37
2018,309,19.68,33.05,0.37
2018,310,22.17,33.24,0.37
2018,311,22.18,29.26,0.37
2018,312,21.17,28.98,0.37
2018,313,19.83,28.08,0.37
2018,314,19.15,28.86,0.37
2018,315,21.88,32.3,0.37
2018,316,21.92,32.58,0.37
2018,317,21.28,34.42,0.37
2018,318,23.78,34.88,0.37
2018,319,24.17,34.27,0.37
2018,320,23.4,33.44,0.37
2018,321,22.07,33.25,0.37
2018,322,21.65,31.47,0.37
2018,323,22.26,30.77,0.37
2018,324,21.85,31.54,0.37
2018,325,23.17,32.56,0.37
2018,326,23.66,32.67,0.37
2018,327,24.18,31.45,0.38
2018,328,22.89,31.79,0.37
2018,329,23.86,31.65,0.37
2018,330,23.88,31.32,0.37
2018,331,23.26,32.37,0.37
2018,332,24.64,33.01,0.37
2018,333,22.77,30.17,0.37
2018,334,21.24,31.0,0.37
2018,335,19.42,33.65,0.37
2018,336,22.07,33.08,0.37
2018,337,22.82,30.8,0.37
2018,338,22.14,31.6,0.37
2018,339,24.11,32.25,0.37
2018,340,24.29,35.14,0.37
2018,341,27.09,36.02,0.37
2018,342,25.22,33.92,0.37
2018,343,26.09,33.71,0.37
2018,344,24.91,34.72,0.37
2018,345,25.46,32.02,0.37
2018,346,25.59,32.69,0.37
2018,347,25.62,32.12,0.37
2018,348,24.89,34.17,0.38
2018,349,25.64,36.37,0.37
2018,350,25.3,33.82,0.38
2018,351,26.2,33.38,0.38
2018,352,25.73,32.59,0.38
2018,353,25.79,33.83,0.38
2018,354,26.06,33.09,0.39
2018,355,25.14,32.05,0.39
2018,356,23.5,31.95,0.38
2018,357,21.55,31.21,0.38
2018,358,22.28,31.78,0.38
2018,359,22.23,30.74,0.38
2018,360,22.87,31.4,0.38
2018,361,23.3,33.01,0.37
2018,362,24.36,31.91,0.37
2018,363,24.42,33.16,0.37
2018,364,24.73,35.43,0.37
2018,365,26.16,34.51,0.37
2019,1,25.94,33.64,0.38
2019,2,25.71,33.2,0.38
2019,3,25.07,30.64,0.38
2019,4,24.87,31.88,0.38
2019,5,24.68,32.7,0.38
2019,6,24.87,33.0,0.38
2019,7,25.53,32.57,0.38
2019,8,25.46,33.5,0.38
2019,9,26.33,32.87,0.38
2019,10,25.81,30.91,0.38
2019,11,25.59,31.22,0.39
2019,12,25.49,31.06,0.4
2019,13,25.8,30.2,0.41
2019,14,25.45,34.21,0.41
2019,15,26.48,33.65,0.4
2019,16,24.84,32.92,0.42
2019,17,25.82,33.39,0.43
2019,18,25.54,32.65,0.49
2019,19,25.82,31.15,0.48
2019,20,25.63,30.61,0.48
2019,21,24.89,30.85,0.5
2019,22,25.63,32.87,0.5
2019,23,25.98,29.07,0.53
2019,24,26.92,28.97,0.57
2019,25,25.81,28.06,0.57
2019,26,23.83,29.51,0.56
2019,27,22.77,29.72,0.54
2019,28,22.14,30.08,0.53
2019,29,21.28,30.77,0.52
2019,30,22.96,32.11,0.51
2019,31,23.93,32.38,0.5
2019,32,24.44,32.01,0.5
2019,33,24.63,31.91,0.5
2019,34,24.39,32.98,0.49
2019,35,23.6,31.81,0.48
2019,36,24.45,31.53,0.48
2019,37,24.69,30.37,0.47
2019,38,23.75,30.3,0.47
2019,39,22.33,32.5,0.46
2019,40,21.71,32.77,0.46
2019,41,23.77,32.11,0.45
2019,42,24.82,31.22,0.45
2019,43,23.56,32.53,0.45
2019,44,24.11,33.49,0.44
2019,45,24.44,33.58,0.44
2019,46,24.74,32.51,0.44
2019,47,24.75,34.02,0.43
2019,48,25.2,33.45,0.43
2019,49,25.61,30.27,0.46
2019,50,25.31,28.42,0.49
2019,51,24.44,29.46,0.52
2019,52,23.47,29.25,0.51
2019,53,22.44,30.78,0.49
2019,54,23.33,32.31,0.49
2019,55,23.81,30.96,0.48
2019,56,24.75,31.55,0.47
2019,57,25.58,31.45,0.47
2019,58,25.81,33.49,0.46
2019,59,25.94,34.11,0.46
2019,60,26.51,32.83,0.46
2019,61,24.87,33.72,0.46
2019,62,26.56,30.2,0.46
2019,63,25.71,32.99,0.46
2019,64,25.21,33.36,0.46
2019,65,25.16,34.65,0.45
2019,66,23.44,34.03,0.45
2019,67,24.3,32.65,0.44
2019,68,23.5,33.09,0.44
2019,69,24.17,34.66,0.44
2019,70,25.3,33.85,0.43
2019,71,24.57,33.77,0.43
2019,72,24.88,34.11,0.43
2019,73,25.57,34.24,0.42
2019,74,24.15,34.09,0.42
2019,75,22.29,33.52,0.42
2019,76,22.76,29.84,0.42
2019,77,24.47,29.25,0.41
2019,78,23.28,32.18,0.41
2019,79,24.42,32.52,0.41
2019,80,25.3,30.55,0.42
2019,81,23.86,31.36,0.43
2019,82,24.02,32.76,0.45
2019,83,24.82,34.11,0.45
2019,84,25.18,32.35,0.44
2019,85,24.74,30.26,0.45
2019,86,24.08,31.39,0.45
2019,87,23.94,33.12,0.44
2019,88,24.01,32.43,0.44
2019,89,23.59,30.26,0.44
2019,90,21.92,29.41,0.43
2019,91,20.06,30.33,0.43
2019,92,21.21,30.82,0.43
2019,93,21.82,31.5,0.42
2019,94,22.85,32.15,0.42
2019,95,24.22,32.39,0.42
2019,96,24.42,34.16,0.41
2019,97,24.66,33.74,0.42
2019,98,24.56,33.34,0.41
2019,99,23.41,31.47,0.41
2019,100,23.79,31.7,0.41
2019,101,23.42,30.75,0.41
2019,102,22.95,31.05,0.41
2019,103,23.35,29.68,0.4
2019,104,22.03,31.37,0.4
2019,105,21.97,32.06,0.4
2019,106,23.27,31.32,0.4
2019,107,22.71,30.84,0.41
2019,108,22.53,30.4,0.41
2019,109,22.12,30.47,0.41
2019,110,22.0,31.86,0.41
2019,111,21.66,31.73,0.4
2019,112,22.14,31.88,0.4
2019,113,22.66,33.02,0.4
2019,114,22.93,34.1,0.4
2019,115,24.58,33.78,0.4
2019,116,24.77,31.02,0.4
2019,117,22.98,28.94,0.4
2019,118,21.97,29.43,0.4
2019,119,20.33,31.35,0.4
2019,120,19.27,32.09,0.4
2019,121,20.41,31.69,0.4
2019,122,21.32,32.01,0.39
2019,123,21.51,31.82,0.39
2019,124,21.56,31.55,0.39
2019,125,21.59,31.3,0.39
2019,126,21.4,31.64,0.39
2019,127,20.27,31.16,0.39
2019,128,20.78,32.38,0.39
2019,129,22.11,32.75,0.39
2019,130,22.3,29.54,0.39
2019,131,20.07,26.55,0.39
2019,132,18.73,25.95,0.39
2019,133,17.62,27.63,0.39
2019,134,17.86,29.73,0.39
2019,135,19.55,30.29,0.39
2019,136,19.98,31.19,0.39
2019,137,22.51,30.67,0.39
2019,138,22.06,31.07,0.39
2019,139,22.57,30.49,0.39
2019,140,22.51,28.5,0.39
2019,141,20.65,27.9,0.39
2019,142,19.93,28.69,0.39
2019,143,20.61,29.17,0.39
2019,144,19.24,29.15,0.39
2019,145,18.4,29.64,0.39
2019,146,17.39,29.85,0.39
2019,147,17.92,29.7,0.39
2019,148,18.83,30.12,0.39
2019,149,20.03,30.78,0.39
2019,150,20.75,26.17,0.39
2019,151,19.58,25.18,0.39
2019,152,19.3,26.95,0.39
2019,153,20.41,29.87,0.39
2019,154,20.18,28.86,0.39
2019,155,20.42,27.83,0.41
2019,156,19.94,28.59,0.41
2019,157,20.0,29.64,0.41
2019,158,19.0,28.76,0.4
2019,159,20.06,28.57,0.4
2019,160,19.82,26.71,0.4
2019,161,18.44,29.17,0.4
2019,162,18.08,26.81,0.4
2019,163,17.43,27.92,0.4
2019,164,17.67,26.9,0.39
2019,165,16.98,26.06,0.39
2019,166,17.07,27.11,0.39
2019,167,16.09,27.92,0.39
2019,168,16.99,28.39,0.39
2019,169,16.71,26.3,0.39
2019,170,18.48,23.29,0.39
2019,171,17.68,27.57,0.4
2019,172,17.56,28.84,0.4
2019,173,17.57,28.81,0.39
2019,174,19.31,28.84,0.39
2019,175,19.74,27.0,0.39
2019,176,19.02,24.85,0.39
2019,177,17.68,27.32,0.39
2019,178,18.33,28.83,0.39
2019,179,19.37,30.36,0.39
2019,180,22.14,30.32,0.39
2019,181,21.78,30.23,0.39
2019,182,20.9,31.12,0.39
2019,183,19.21,29.22,0.39
2019,184,18.67,26.18,0.39
2019,185,16.66,26.91,0.39
2019,186,17.04,27.24,0.39
2019,187,17.49,26.84,0.39
2019,188,18.82,25.4,0.39
2019,189,17.21,25.57,0.39
2019,190,16.84,26.31,0.39
2019,191,17.64,24.81,0.39
2019,192,17.61,25.65,0.39
2019,193,17.09,27.49,0.39
2019,194,15.28,27.98,0.39
2019,195,15.3,27.91,0.38
2019,196,15.83,28.15,0.38
2019,197,17.68,28.99,0.38
2019,198,18.19,28.85,0.38
2019,199,18.04,28.09,0.38
2019,200,17.52,27.21,0.38
2019,201,16.54,26.86,0.38
2019,202,16.88,22.38,0.39
2019,203,15.72,22.67,0.39
2019,204,13.63,26.87,0.39
2019,205,15.05,27.01,0.38
2019,206,15.6,27.73,0.38
2019,207,15.73,27.16,0.38
2019,208,15.81,28.19,0.38
2019,209,16.01,27.8,0.38
2019,210,16.91,28.7,0.38
2019,211,17.63,30.57,0.38
2019,212,19.76,31.03,0.38
2019,213,20.32,31.21,0.38
2019,214,19.75,32.04,0.38
2019,215,20.35,30.54,0.38
2019,216,20.22,29.05,0.38
2019,217,19.24,29.31,0.38
2019,218,18.65,33.47,0.38
2019,219,18.79,33.25,0.38
2019,220,18.11,29.31,0.38
2019,221,18.29,29.36,0.37
2019,222,19.32,29.35,0.37
2019,223,18.08,29.59,0.37
2019,224,19.22,28.68,0.37
2019,225,18.5,28.87,0.37
2019,226,18.64,30.88,0.37
2019,227,19.81,28.36,0.37
2019,228,17.88,29.37,0.37
2019,229,18.4,27.71,0.37
2019,230,17.63,27.64,0.37
2019,231,17.17,29.45,0.37
2019,232,19.47,28.2,0.37
2019,233,18.05,26.82,0.37
2019,234,15.4,28.87,0.37
2019,235,15.7,30.03,0.37
2019,236,16.88,30.27,0.37
2019,237,17.42,29.8,0.37
2019,238,18.59,28.33,0.37
2019,239,17.78,30.07,0.37
2019,240,18.15,29.46,0.37
2019,241,17.35,28.61,0.37
2019,242,18.95,31.11,0.37
2019,243,19.23,31.8,0.37
2019,244,20.6,29.87,0.37
2019,245,19.46,29.53,0.37
2019,246,18.2,29.0,0.37
2019,247,18.2,29.72,0.37
2019,248,19.42,30.07,0.37
2019,249,18.97,27.96,0.37
2019,250,17.0,23.74,0.37
2019,251,16.73,25.6,0.37
2019,252,20.23,27.78,0.37
2019,253,20.49,26.94,0.37
2019,254,19.63,28.58,0.37
2019,255,17.62,29.1,0.37
2019,256,19.1,31.32,0.37
2019,257,19.42,31.23,0.37
2019,258,18.84,29.92,0.37
2019,259,19.27,29.38,0.37
2019,260,18.69,30.14,0.37
2019,261,19.25,31.74,0.37
2019,262,18.8,31.42,0.37
2019,263,19.16,30.46,0.37
2019,264,19.32,33.25,0.37
2019,265,21.48,32.82,0.37
2019,266,20.97,32.15,0.37
2019,267,21.47,29.45,0.37
2019,268,19.72,26.11,0.37
2019,269,18.43,26.53,0.37
2019,270,19.96,31.33,0.37
2019,271,20.37,26.26,0.4
2019,272,19.89,27.12,0.39
2019,273,18.56,29.24,0.39
2019,274,19.24,29.89,0.39
2019,275,20.54,29.64,0.38
2019,276,20.77,30.27,0.38
2019,277,20.85,29.36,0.38
2019,278,21.23,28.86,0.38
2019,279,20.49,33.84,0.38
2019,280,23.15,34.08,0.37
2019,281,22.83,33.49,0.37
2019,282,23.48,33.08,0.37
2019,283,24.5,33.22,0.37
2019,284,22.58,31.39,0.37
2019,285,22.34,30.95,0.37
2019,286,22.09,33.91,0.37
2019,287,22.7,31.05,0.37
2019,288,22.53,32.47,0.37
2019,289,23.19,33.47,0.37
2019,290,22.78,34.62,0.37
2019,291,21.8,33.62,0.37
2019,292,22.32,33.14,0.37
2019,293,22.4,33.41,0.36
2019,294,22.7,34.53,0.36
2019,295,22.8,31.73,0.36
2019,296,23.29,35.54,0.36
2019,297,25.52,34.59,0.36
2019,298,24.76,35.69,0.36
2019,299,25.15,36.75,0.36
2019,300,25.37,38.67,0.36
2019,301,25.39,35.68,0.36
2019,302,25.83,33.82,0.36
2019,303,25.28,32.91,0.37
2019,304,23.51,33.87,0.37
2019,305,21.41,32.37,0.37
2019,306,19.27,32.29,0.37
2019,307,22.4,32.05,0.37
2019,308,22.0,31.99,0.37
2019,309,22.15,34.09,0.37
2019,310,22.6,34.72,0.37
2019,311,24.44,35.06,0.37
2019,312,24.25,34.66,0.37
2019,313,23.36,33.44,0.37
2019,314,23.23,33.3,0.37
2019,315,22.4,33.18,0.36
2019,316,23.4,34.73,0.36
2019,317,24.23,34.36,0.36
2019,318,24.29,32.7,0.36
2019,319,24.87,34.65,0.36
2019,320,24.45,30.29,0.4
2019,321,24.0,28.58,0.42
2019,322,22.96,30.25,0.41
2019,323,22.76,32.78,0.41
2019,324,24.05,32.0,0.4
2019,325,24.01,33.44,0.4
2019,326,24.1,28.26,0.4
2019,327,22.57,33.12,0.4
2019,328,22.65,35.15,0.39
2019,329,24.43,35.22,0.39
2019,330,23.41,35.28,0.39
2019,331,22.56,34.87,0.38
2019,332,22.71,33.22,0.38
2019,333,21.75,36.44,0.38
2019,334,25.25,37.37,0.38
2019,335,26.19,34.82,0.38
2019,336,25.56,35.94,0.38
2019,337,25.22,35.99,0.38
2019,338,24.04,33.31,0.37
2019,339,23.77,32.51,0.37
2019,340,22.11,33.52,0.37
2019,341,22.77,29.1,0.37
2019,342,23.17,31.85,0.38
2019,343,23.77,34.69,0.37
2019,344,24.39,35.61,0.38
2019,345,25.09,32.86,0.39
2019,346,25.27,30.53,0.41
2019,347,24.85,27.87,0.52
2019,348,24.63,30.37,0.54
2019,349,24.83,29.77,0.52
2019,350,24.32,29.49,0.51
2019,351,21.48,30.4,0.5
2019,352,21.04,32.87,0.49
2019,353,24.2,33.61,0.48
2019,354,24.92,34.59,0.47
2019,355,24.08,35.08,0.46
2019,356,25.92,35.34,0.46
2019,357,26.28,31.17,0.48
2019,358,24.65,34.66,0.48
2019,359,26.32,35.82,0.47
2019,360,25.87,35.9,0.47
2019,361,26.89,35.75,0.46
2019,362,26.62,34.04,0.45
2019,363,25.9,35.88,0.45
2019,364,27.12,34.02,0.45
2019,365,26.74,32.53,0.45
2020,1,25.95,32.23,0.46
2020,2,24.6,34.56,0.46
2020,3,24.9,33.63,0.45
2020,4,25.13,34.17,0.45
2020,5,25.56,34.08,0.44
2020,6,26.02,34.37,0.44
2020,7,26.59,34.41,0.44
2020,8,26.07,34.38,0.45
2020,9,26.82,34.58,0.44
2020,10,27.35,34.29,0.44
2020,11,26.77,35.07,0.43
2020,12,26.2,35.23,0.43
2020,13,26.54,34.31,0.43
2020,14,26.37,33.28,0.44
2020,15,26.53,30.06,0.45
2020,16,25.97,31.03,0.48
2020,17,25.75,33.46,0.48
2020,18,26.04,32.78,0.47
2020,19,25.67,32.17,0.48
2020,20,23.0,31.47,0.51
2020,21,21.18,31.42,0.5
2020,22,21.4,32.16,0.49
2020,23,22.1,31.58,0.48
2020,24,22.79,32.29,0.47
2020,25,22.35,33.44,0.47
2020,26,22.95,33.17,0.46
2020,27,24.35,31.43,0.46
2020,28,24.74,31.53,0.45
2020,29,23.56,31.16,0.45
2020,30,22.78,33.67,0.44
2020,31,23.74,34.14,0.44
2020,32,25.17,33.56,0.44
2020,33,25.77,34.67,0.44
2020,34,24.39,35.27,0.43
2020,35,24.64,35.67,0.43
2020,36,25.74,34.13,0.42
2020,37,26.0,33.83,0.42
2020,38,26.12,33.83,0.42
2020,39,24.8,34.76,0.42
2020,40,24.53,34.78,0.41
2020,41,24.71,33.87,0.41
2020,42,24.61,34.58,0.41
2020,43,24.8,37.1,0.4
2020,44,25.09,36.61,0.4
2020,45,26.79,34.88,0.4
2020,46,25.7,33.88,0.4
2020,47,26.69,36.97,0.4
2020,48,27.12,35.68,0.4
2020,49,26.51,33.49,0.42
2020,50,26.94,32.08,0.46
2020,51,26.33,32.09,0.46
2020,52,26.01,31.93,0.5
2020,53,25.92,32.03,0.53
2020,54,26.35,30.68,0.51
2020,55,24.38,29.73,0.5
2020,56,22.78,30.85,0.49
2020,57,21.07,32.73,0.48
2020,58,22.56,33.31,0.47
2020,59,24.6,31.68,0.47
2020,60,23.24,31.59,0.46
2020,61,22.14,30.3,0.46
2020,62,21.14,31.7,0.45
2020,63,22.03,29.92,0.45
2020,64,22.81,32.44,0.45
2020,65,22.68,33.35,0.44
2020,66,22.5,34.05,0.44
2020,67,23.5,33.99,0.43
2020,68,23.38,35.78,0.43
2020,69,23.49,35.14,0.43
2020,70,24.55,35.28,0.42
2020,71,24.83,34.49,0.42
2020,72,25.02,34.36,0.42
2020,73,24.52,34.44,0.41
2020,74,24.35,34.67,0.41
2020,75,25.33,32.77,0.41
2020,76,24.18,32.96,0.41
2020,77,23.5,31.73,0.41
2020,78,21.87,31.96,0.4
2020,79,20.36,32.42,0.4
2020,80,22.12,29.67,0.4
2020,81,23.55,31.7,0.4
2020,82,24.3,33.61,0.4
2020,83,24.54,32.59,0.4
2020,84,24.48,33.55,0.4
2020,85,24.72,31.89,0.4
2020,86,23.89,31.15,0.4
2020,87,23.36,31.1,0.4
2020,88,23.58,31.05,0.4
2020,89,23.65,28.74,0.4
2020,90,22.48,29.36,0.41
2020,91,21.75,31.6,0.41
2020,92,22.03,32.25,0.41
2020,93,22.08,31.66,0.4
2020,94,20.63,31.21,0.4
2020,95,20.5,32.28,0.4
2020,96,22.21,31.82,0.41
2020,97,23.55,28.68,0.47
2020,98,22.71,29.19,0.46
2020,99,22.04,29.18,0.45
2020,100,21.91,29.9,0.45
2020,101,21.54,32.09,0.44
2020,102,23.03,32.82,0.43
2020,103,23.68,32.06,0.43
2020,104,23.2,31.04,0.43
2020,105,23.86,33.14,0.42
2020,106,24.36,34.04,0.42
2020,107,23.83,33.24,0.42
2020,108,24.12,32.76,0.42
2020,109,22.53,31.24,0.41
2020,110,22.27,33.13,0.41
2020,111,20.97,33.05,0.41
2020,112,22.08,29.07,0.41
2020,113,22.5,27.98,0.42
2020,114,22.25,30.11,0.41
2020,115,22.67,31.29,0.41
2020,116,22.42,30.73,0.41
2020,117,21.95,28.03,0.41
2020,118,19.66,29.34,0.41
2020,119,20.07,30.16,0.41
2020,120,22.6,30.06,0.4
2020,121,22.53,29.92,0.4
2020,122,21.65,29.18,0.4
2020,123,20.17,28.48,0.4
2020,124,20.29,28.65,0.4
2020,125,20.29,30.18,0.4
2020,126,20.37,30.65,0.39
2020,127,20.57,29.97,0.39
2020,128,19.13,27.29,0.39
2020,129,18.57,29.04,0.39
2020,130,19.16,30.0,0.39
2020,131,18.86,30.2,0.39
2020,132,19.27,30.6,0.39
2020,133,21.54,27.24,0.4
2020,134,21.25,27.04,0.4
2020,135,19.3,25.88,0.4
2020,136,17.97,24.69,0.4
2020,137,17.11,24.95,0.4
2020,138,18.22,25.99,0.4
2020,139,15.67,27.88,0.4
2020,140,16.11,28.26,0.39
2020,141,16.94,29.04,0.39
2020,142,18.26,29.21,0.39
2020,143,18.28,29.89,0.39
2020,144,19.31,29.39,0.39
2020,145,19.69,27.95,0.39
2020,146,19.88,28.25,0.39
2020,147,20.34,26.4,0.39
2020,148,19.1,28.84,0.39
2020,149,19.92,27.16,0.42
2020,150,18.02,26.35,0.42
2020,151,18.68,25.33,0.42
2020,152,16.53,26.79,0.41
2020,153,17.84,28.86,0.41
2020,154,17.62,28.65,0.41
2020,155,16.62,28.99,0.41
2020,156,18.01,28.37,0.4
2020,157,18.09,28.28,0.4
2020,158,18.45,29.24,0.4
2020,159,20.26,28.02,0.4
2020,160,19.16,28.47,0.4
2020,161,17.83,28.36,0.4
2020,162,18.28,28.98,0.4
2020,163,17.49,29.08,0.39
2020,164,17.96,28.08,0.39
2020,165,18.68,25.04,0.39
2020,166,16.62,25.48,0.39
2020,167,16.58,26.56,0.39
2020,168,17.23,26.55,0.39
2020,169,18.24,27.11,0.39
2020,170,15.93,27.17,0.39
2020,171,15.98,27.94,0.39
2020,172,16.77,27.38,0.39
2020,173,19.79,25.67,0.39
2020,174,19.48,27.22,0.39
2020,175,18.06,27.9,0.39
2020,176,17.96,26.27,0.39
2020,177,16.84,29.31,0.39
2020,178,19.99,29.96,0.39
2020,179,20.1,26.29,0.4
2020,180,17.88,26.93,0.4
2020,181,18.22,26.62,0.39
2020,182,17.86,24.14,0.4
2020,183,17.64,24.82,0.4
2020,184,15.16,26.93,0.4
2020,185,16.56,25.59,0.4
2020,186,15.88,26.49,0.39
2020,187,15.27,26.67,0.39
2020,188,15.81,26.66,0.39
2020,189,15.64,28.85,0.39
2020,190,15.77,28.08,0.39
2020,191,15.9,29.75,0.39
2020,192,17.84,29.64,0.39
2020,193,17.8,29.22,0.39
2020,194,18.37,26.66,0.39
2020,195,17.98,24.45,0.39
2020,196,16.94,26.88,0.39
2020,197,18.05,24.99,0.39
2020,198,17.53,24.72,0.39
2020,199,15.82,24.81,0.39
2020,200,16.24,26.22,0.39
2020,201,14.8,26.58,0.39
2020,202,14.74,27.24,0.39
2020,203,14.88,27.02,0.38
2020,204,15.84,26.68,0.38
2020,205,15.8,25.02,0.38
2020,206,15.13,26.32,0.38
2020,207,14.59,26.39,0.38
2020,208,14.07,26.86,0.38
2020,209,15.96,23.32,0.38
2020,210,15.66,26.59,0.38
2020,211,16.9,26.93,0.38
2020,212,18.29,24.38,0.38
2020,213,16.81,25.74,0.38
2020,214,17.1,27.61,0.38
2020,215,15.88,28.47,0.38
2020,216,15.0,29.35,0.38
2020,217,16.09,27.87,0.38
2020,218,17.75,25.04,0.38
2020,219,16.89,27.85,0.38
2020,220,18.49,25.48,0.38
2020,221,16.06,24.32,0.38
2020,222,13.8,27.66,0.38
2020,223,16.86,25.6,0.38
2020,224,18.02,26.24,0.38
2020,225,16.62,28.17,0.38
2020,226,16.45,26.91,0.38
2020,227,17.06,26.38,0.38
2020,228,16.32,28.83,0.37
2020,229,17.38,27.7,0.37
2020,230,19.16,28.68,0.37
2020,231,18.29,30.5,0.37
2020,232,19.3,27.98,0.37
2020,233,19.64,27.67,0.37
2020,234,18.16,26.91,0.37
2020,235,17.39,27.49,0.37
2020,236,17.79,29.21,0.37
2020,237,19.74,27.46,0.37
2020,238,20.08,29.23,0.37
2020,239,19.98,30.44,0.37
2020,240,19.74,29.6,0.37
2020,241,19.93,30.42,0.37
2020,242,20.33,31.26,0.37
2020,243,21.68,31.6,0.37
2020,244,20.86,29.89,0.37
2020,245,20.68,29.65,0.37
2020,246,17.13,27.02,0.37
2020,247,15.15,27.61,0.37
2020,248,16.37,27.16,0.37
2020,249,16.04,28.56,0.37
2020,250,15.98,29.04,0.37
2020,251,16.55,29.34,0.37
2020,252,18.56,30.33,0.37
2020,253,20.22,31.67,0.37
2020,254,22.79,30.78,0.37
2020,255,21.62,30.36,0.39
2020,256,20.79,30.64,0.38
2020,257,20.7,32.64,0.38
2020,258,22.67,32.74,0.38
2020,259,21.62,29.14,0.38
2020,260,19.35,30.9,0.37
2020,261,21.49,33.65,0.37
2020,262,20.37,33.72,0.37
2020,263,20.33,32.84,0.37
2020,264,20.2,32.34,0.37
2020,265,19.79,29.58,0.37
2020,266,20.36,29.92,0.37
2020,267,18.24,29.76,0.37
2020,268,17.58,31.41,0.37
2020,269,19.51,31.75,0.37
2020,270,21.4,31.29,0.37
2020,271,21.48,30.93,0.37
2020,272,21.62,32.13,0.37
2020,273,21.36,30.89,0.37
2020,274,22.05,30.77,0.37
2020,275,20.64,32.59,0.37
2020,276,20.42,33.11,0.36
2020,277,22.28,31.86,0.36
2020,278,20.37,28.93,0.37
2020,279,20.04,30.43,0.37
2020,280,19.13,30.83,0.37
2020,281,20.22,30.04,0.37
2020,282,18.63,29.23,0.37
2020,283,18.58,31.51,0.37
2020,284,20.17,30.75,0.37
2020,285,18.61,29.66,0.37
2020,286,19.7,29.62,0.37
2020,287,20.34,31.36,0.36
2020,288,20.09,30.19,0.36
2020,289,19.0,32.14,0.36
2020,290,21.27,31.76,0.36
2020,291,20.18,31.97,0.36
2020,292,20.48,33.66,0.36
2020,293,22.83,32.94,0.36
2020,294,21.44,33.44,0.36
2020,295,21.44,33.01,0.36
2020,296,21.58,34.77,0.36
2020,297,22.49,34.08,0.36
2020,298,22.73,32.72,0.37
2020,299,22.34,30.04,0.4
2020,300,21.61,31.27,0.41
2020,301,20.44,30.51,0.4
2020,302,21.25,33.66,0.4
2020,303,23.05,34.74,0.39
2020,304,23.62,34.33,0.39
2020,305,21.49,32.49,0.38
2020,306,22.0,30.61,0.38
2020,307,22.16,31.79,0.38
2020,308,22.61,31.47,0.38
2020,309,23.09,30.25,0.37
2020,310,21.89,30.45,0.37
2020,311,20.77,30.87,0.37
2020,312,22.37,34.72,0.37
2020,313,23.8,36.94,0.37
2020,314,25.69,36.75,0.37
2020,315,25.15,33.11,0.37
2020,316,24.5,31.91,0.37
2020,317,23.54,29.53,0.37
2020,318,21.57,29.62,0.37
2020,319,19.84,31.83,0.37
2020,320,20.75,34.22,0.37
2020,321,23.34,32.21,0.37
2020,322,22.35,30.17,0.37
2020,323,21.84,32.07,0.37
2020,324,21.57,31.3,0.37
2020,325,21.75,29.02,0.36
2020,326,22.73,32.65,0.36
2020,327,22.41,34.67,0.36
2020,328,23.83,33.2,0.36
2020,329,22.83,33.82,0.36
2020,330,24.15,35.88,0.36
2020,331,24.31,34.41,0.36
2020,332,23.12,31.99,0.36
2020,333,24.01,34.91,0.36
2020,334,25.0,35.19,0.36
2020,335,23.77,32.64,0.36
2020,336,23.55,33.46,0.36
2020,337,23.95,32.35,0.36
2020,338,25.22,32.6,0.36
2020,339,23.85,31.59,0.36
2020,340,22.43,33.63,0.36
2020,341,23.74,33.06,0.36
2020,342,24.67,34.3,0.36
2020,343,21.4,33.73,0.36
2020,344,21.98,34.12,0.36
2020,345,25.21,31.23,0.36
2020,346,25.22,34.14,0.36
2020,347,25.6,34.2,0.37
2020,348,25.37,34.81,0.37
2020,349,25.43,34.7,0.37
2020,350,26.12,33.84,0.36
2020,351,26.28,35.05,0.36
2020,352,25.84,34.64,0.36
2020,353,25.62,33.22,0.36
2020,354,24.46,32.99,0.36
2020,355,25.85,33.68,0.36
2020,356,26.18,33.78,0.36
2020,357,27.02,34.18,0.36
2020,358,26.67,35.36,0.36
2020,359,27.41,34.96,0.36
2020,360,25.63,35.91,0.36
2020,361,27.0,36.87,0.36
2020,362,27.61,38.93,0.36
2020,363,27.68,36.23,0.36
2020,364,27.03,38.08,0.36
2020,365,27.67,37.62,0.36
2020,366,26.35,37.34,0.36
2021,1,27.01,35.4,0.36
2021,2,25.81,36.61,0.36
2021,3,26.76,37.26,0.36
2021,4,26.83,34.58,0.36
2021,5,26.3,33.05,0.36
2021,6,26.55,33.93,0.36
2021,7,25.95,33.95,0.36
2021,8,25.51,34.12,0.36
2021,9,26.19,34.87,0.36
2021,10,28.3,35.11,0.37
2021,11,27.36,33.83,0.4
2021,12,26.78,34.37,0.4
2021,13,26.61,34.42,0.39
2021,14,26.17,35.19,0.38
2021,15,26.38,35.91,0.38
2021,16,27.16,34.82,0.37
2021,17,27.43,33.16,0.37
2021,18,27.39,33.23,0.37
2021,19,27.12,34.42,0.37
2021,20,27.14,37.24,0.37
2021,21,28.54,38.15,0.37
2021,22,28.17,33.6,0.38
2021,23,27.42,33.71,0.38
2021,24,27.05,34.27,0.37
2021,25,26.3,36.28,0.37
2021,26,26.15,36.5,0.37
2021,27,26.02,35.67,0.37
2021,28,26.69,33.28,0.37
2021,29,26.76,35.33,0.37
2021,30,26.43,35.15,0.39
2021,31,25.59,32.85,0.41
2021,32,26.27,34.64,0.41
2021,33,26.87,35.28,0.4
2021,34,26.96,35.62,0.4
2021,35,26.79,35.09,0.39
2021,36,26.93,33.56,0.39
2021,37,26.6,30.02,0.39
2021,38,25.88,33.1,0.39
2021,39,26.14,33.53,0.4
2021,40,25.16,29.23,0.47
2021,41,24.75,29.88,0.48
2021,42,24.16,30.81,0.48
2021,43,24.29,31.21,0.5
2021,44,24.68,30.96,0.49
2021,45,24.79,31.41,0.49
2021,46,24.77,31.44,0.48
2021,47,24.51,28.99,0.5
2021,48,24.81,29.73,0.5
2021,49,24.53,34.41,0.49
2021,50,25.17,34.76,0.48
2021,51,25.94,33.15,0.47
2021,52,25.52,33.95,0.47
2021,53,26.17,33.78,0.46
2021,54,25.72,35.38,0.46
2021,55,24.98,34.97,0.45
2021,56,25.56,31.3,0.45
2021,57,25.28,30.41,0.45
2021,58,25.17,31.96,0.45
2021,59,24.68,32.55,0.45
2021,60,25.89,32.2,0.45
2021,61,25.5,32.89,0.45
2021,62,25.09,32.78,0.45
2021,63,25.29,30.89,0.44
2021,64,25.07,31.68,0.44
2021,65,24.46,31.59,0.44
2021,66,23.0,31.26,0.44
2021,67,22.68,32.61,0.43
2021,68,23.17,31.77,0.43
2021,69,24.42,31.89,0.42
2021,70,24.86,32.36,0.42
2021,71,24.29,33.16,0.42
2021,72,24.64,34.75,0.42
2021,73,24.35,34.92,0.41
2021,74,23.74,34.74,0.41
2021,75,25.14,34.14,0.41
2021,76,26.34,34.41,0.41
2021,77,25.73,33.73,0.41
2021,78,26.2,32.44,0.41
2021,79,26.06,32.67,0.41
2021,80,25.31,32.73,0.4
2021,81,25.49,30.64,0.42
2021,82,24.03,29.63,0.47
2021,83,22.72,29.53,0.47
2021,84,21.39,30.04,0.46
2021,85,22.21,30.4,0.46
2021,86,23.43,29.04,0.45
2021,87,23.43,29.04,0.45
2021,88,22.52,28.81,0.46
2021,89,20.75,29.41,0.45
2021,90,20.27,29.99,0.45
2021,91,20.6,32.46,0.44
2021,92,22.68,32.93,0.44
2021,93,22.92,30.89,0.43
2021,94,23.48,28.56,0.44
2021,95,21.6,27.9,0.44
2021,96,19.96,29.47,0.44
2021,97,21.24,31.99,0.43
2021,98,21.78,31.32,0.43
2021,99,22.59,31.39,0.43
2021,100,22.77,32.05,0.42
2021,101,22.43,33.19,0.42
2021,102,21.87,32.96,0.42
2021,103,22.78,32.21,0.41
2021,104,23.11,32.18,0.41
2021,105,23.0,30.95,0.41
2021,106,22.13,28.58,0.41
2021,107,19.3,25.82,0.41
2021,108,17.13,28.8,0.41
2021,109,18.44,31.05,0.4
2021,110,21.83,31.22,0.4
2021,111,21.13,30.08,0.4
2021,112,21.34,31.2,0.4
2021,113,22.16,31.36,0.4
2021,114,22.7,32.14,0.4
2021,115,22.57,31.61,0.4
2021,116,22.46,31.31,0.39
2021,117,23.37,32.2,0.39
2021,118,23.25,31.77,0.39
2021,119,23.22,32.98,0.39
2021,120,24.18,32.57,0.39
2021,121,23.06,31.57,0.39
2021,122,21.67,27.54,0.39
2021,123,20.66,27.22,0.39
2021,124,20.03,26.25,0.39
2021,125,20.76,26.98,0.39
2021,126,20.05,27.98,0.39
2021,127,19.18,28.47,0.39
2021,128,18.11,30.06,0.39
2021,129,19.9,28.64,0.39
2021,130,20.9,26.15,0.39
2021,131,19.41,28.04,0.39
2021,132,18.93,29.73,0.39
2021,133,19.18,30.84,0.39
2021,134,19.81,31.77,0.39
2021,135,20.26,30.6,0.39
2021,136,20.03,30.65,0.38
2021,137,21.01,28.91,0.38
2021,138,18.48,28.82,0.38
2021,139,19.73,29.34,0.38
2021,140,18.81,30.39,0.38
2021,141,18.83,29.73,0.38
2021,142,18.3,27.49,0.38
2021,143,19.1,26.67,0.38
2021,144,18.43,26.83,0.38
2021,145,19.01,28.28,0.38
2021,146,19.72,28.33,0.38
2021,147,18.08,28.93,0.38
2021,148,17.99,28.47,0.38
2021,149,20.0,26.68,0.38
2021,150,18.84,26.35,0.38
2021,151,19.38,26.77,0.38
2021,152,18.25,29.48,0.38
2021,153,21.12,30.34,0.38
2021,154,19.78,27.74,0.38
2021,155,20.6,26.83,0.38
2021,156,18.85,24.68,0.39
2021,157,16.65,26.12,0.39
2021,158,16.31,27.48,0.39
2021,159,15.94,28.14,0.39
2021,160,16.65,28.39,0.39
2021,161,16.97,28.26,0.39
2021,162,17.64,28.24,0.39
2021,163,18.52,28.45,0.38
2021,164,19.87,28.71,0.38
2021,165,18.56,27.42,0.38
2021,166,18.04,27.58,0.38
2021,167,16.02,28.69,0.38
2021,168,17.86,28.28,0.38
2021,169,19.37,25.49,0.38
2021,170,18.44,26.76,0.38
2021,171,18.0,28.83,0.38
2021,172,17.64,28.36,0.38
2021,173,17.61,27.15,0.38
2021,174,17.59,27.48,0.38
2021,175,17.93,27.24,0.38
2021,176,17.25,26.23,0.38
2021,177,16.46,26.32,0.38
2021,178,16.91,27.28,0.38
2021,179,17.09,28.92,0.38
2021,180,17.95,28.81,0.38
2021,181,17.5,29.83,0.38
2021,182,17.67,27.81,0.38
2021,183,16.87,26.47,0.38
2021,184,16.82,28.33,0.38
2021,185,17.31,28.05,0.38
2021,186,17.7,26.38,0.38
2021,187,17.38,26.61,0.38
2021,188,16.36,28.1,0.38
2021,189,17.04,28.69,0.37
2021,190,19.02,29.4,0.37
2021,191,18.6,28.51,0.37
2021,192,18.34,29.07,0.37
2021,193,17.61,29.0,0.37
2021,194,18.21,28.67,0.37
2021,195,19.75,28.21,0.37
2021,196,18.63,26.57,0.37
2021,197,18.81,26.94,0.37
2021,198,17.78,28.59,0.37
2021,199,19.93,28.19,0.37
2021,200,20.65,27.24,0.37
2021,201,20.38,29.9,0.37
2021,202,20.53,29.63,0.37
2021,203,21.4,29.07,0.37
2021,204,18.56,25.24,0.37
2021,205,17.13,23.4,0.37
2021,206,15.06,25.17,0.37
2021,207,16.07,25.59,0.37
2021,208,16.25,26.21,0.37
2021,209,16.34,28.03,0.37
2021,210,17.74,29.73,0.37
2021,211,18.65,28.45,0.37
2021,212,18.15,28.82,0.37
2021,213,17.02,28.29,0.37
2021,214,18.17,26.59,0.37
2021,215,17.61,27.11,0.37
2021,216,17.02,29.33,0.37
2021,217,19.52,28.95,0.37
2021,218,18.44,28.33,0.37
2021,219,18.16,28.72,0.37
2021,220,17.77,27.33,0.37
2021,221,16.85,28.81,0.37
2021,222,17.09,25.94,0.37
2021,223,17.02,28.04,0.37
2021,224,18.92,26.17,0.37
2021,225,17.36,26.06,0.37
2021,226,16.83,24.9,0.37
2021,227,14.46,26.22,0.37
2021,228,15.01,28.15,0.37
2021,229,16.18,29.17,0.37
2021,230,18.46,28.67,0.37
2021,231,19.02,27.92,0.37
2021,232,19.46,27.74,0.37
2021,233,18.47,30.76,0.37
2021,234,18.8,32.4,0.37
2021,235,18.75,29.24,0.37
2021,236,18.69,28.51,0.37
2021,237,18.86,28.96,0.37
2021,238,19.34,30.66,0.36
2021,239,19.91,32.76,0.36
2021,240,19.43,31.15,0.36
2021,241,18.94,28.04,0.36
2021,242,20.04,28.35,0.36
2021,243,18.66,30.78,0.36
2021,244,19.72,28.34,0.36
2021,245,20.39,30.38,0.36
2021,246,21.4,30.61,0.36
2021,247,20.77,31.22,0.36
2021,248,20.0,31.51,0.36
2021,249,19.95,31.17,0.36
2021,250,20.23,29.9,0.36
2021,251,19.35,29.94,0.36
2021,252,18.57,29.65,0.36
2021,253,18.92,28.6,0.36
2021,254,17.07,30.68,0.36
2021,255,18.73,31.46,0.36
2021,256,21.4,31.43,0.36
2021,257,21.27,30.52,0.36
2021,258,20.56,32.83,0.36
2021,259,21.7,32.12,0.36
2021,260,20.73,29.92,0.36
2021,261,18.77,25.57,0.36
2021,262,16.95,26.58,0.36
2021,263,17.21,30.56,0.36
2021,264,20.33,28.36,0.36
2021,265,20.51,27.98,0.36
2021,266,18.92,30.21,0.36
2021,267,21.0,31.58,0.36
2021,268,22.05,32.41,0.36
2021,269,20.94,32.45,0.36
2021,270,20.49,31.05,0.36
2021,271,22.05,32.34,0.36
2021,272,22.15,31.11,0.36
2021,273,22.58,32.02,0.36
2021,274,22.0,32.23,0.36
2021,275,22.12,32.49,0.36
2021,276,23.67,32.89,0.36
2021,277,22.91,31.01,0.36
2021,278,20.99,31.68,0.36
2021,279,19.11,29.76,0.36
2021,280,17.7,27.55,0.36
2021,281,17.39,31.11,0.36
2021,282,20.82,31.3,0.36
2021,283,22.21,30.85,0.36
2021,284,19.28,28.11,0.36
2021,285,17.48,31.64,0.36
2021,286,20.37,32.79,0.36
2021,287,21.12,34.18,0.36
2021,288,21.64,36.3,0.36
2021,289,23.73,33.54,0.36
2021,290,22.94,31.84,0.36
2021,291,23.4,32.04,0.36
2021,292,22.44,29.4,0.36
2021,293,20.66,28.12,0.36
2021,294,19.87,27.32,0.36
2021,295,17.66,29.57,0.36
2021,296,20.47,29.28,0.36
2021,297,19.26,31.04,0.36
2021,298,20.98,34.27,0.35
2021,299,24.0,33.96,0.35
2021,300,21.77,29.65,0.35
2021,301,19.8,28.52,0.35
2021,302,18.76,29.14,0.35
2021,303,18.75,32.35,0.35
2021,304,22.05,29.95,0.35
2021,305,21.46,28.03,0.35
2021,306,22.4,30.21,0.36
2021,307,22.44,31.2,0.36
2021,308,23.33,30.36,0.36
2021,309,21.26,33.53,0.35
2021,310,20.47,34.91,0.35
2021,311,23.36,34.48,0.35
2021,312,23.81,32.76,0.35
2021,313,23.26,35.91,0.35
2021,314,24.08,34.37,0.35
2021,315,23.16,32.09,0.35
2021,316,22.47,34.82,0.35
2021,317,24.02,31.04,0.35
2021,318,23.83,32.18,0.35
2021,319,23.37,33.57,0.35
2021,320,22.54,33.73,0.35
2021,321,22.98,34.38,0.35
2021,322,24.72,34.21,0.35
2021,323,25.09,33.05,0.35
2021,324,25.64,32.98,0.35
2021,325,23.64,33.28,0.35
2021,326,22.38,35.14,0.35
2021,327,24.2,32.2,0.35
2021,328,23.31,27.89,0.38
2021,329,21.3,29.04,0.4
2021,330,19.37,28.71,0.39
2021,331,17.88,28.24,0.39
2021,332,17.1,31.79,0.38
2021,333,21.16,32.65,0.38
2021,334,21.72,31.63,0.38
2021,335,22.19,30.93,0.37
2021,336,23.99,35.67,0.37
2021,337,24.51,35.51,0.37
2021,338,24.32,35.4,0.37
2021,339,23.94,36.46,0.37
2021,340,24.8,36.15,0.37
2021,341,24.93,35.94,0.37
2021,342,24.51,36.22,0.37
2021,343,25.44,34.55,0.36
2021,344,23.98,32.62,0.36
2021,345,25.24,34.7,0.36
2021,346,25.99,36.01,0.36
2021,347,26.29,35.5,0.36
2021,348,25.47,34.43,0.36
2021,349,25.86,35.92,0.37
2021,350,26.52,34.53,0.37
2021,351,26.33,32.97,0.37
2021,352,23.4,31.59,0.37
2021,353,21.99,31.6,0.37
2021,354,21.5,33.27,0.37
2021,355,23.6,34.78,0.36
2021,356,24.55,30.48,0.36
2021,357,24.18,30.88,0.36
2021,358,25.37,27.94,0.37
2021,359,24.9,30.95,0.38
2021,360,23.09,33.31,0.38
2021,361,23.13,35.13,0.37
2021,362,25.87,33.42,0.37
2021,363,24.98,33.98,0.37
2021,364,24.67,34.3,0.37
2021,365,23.66,33.91,0.37
2022,1,24.04,33.5,0.37
2022,2,24.13,34.76,0.37
2022,3,23.38,35.6,0.36
2022,4,25.34,36.6,0.36
2022,5,26.43,34.44,0.36
2022,6,25.89,33.21,0.36
2022,7,26.3,36.1,0.36
2022,8,27.32,35.98,0.36
2022,9,27.31,34.69,0.36
2022,10,26.8,36.13,0.36
2022,11,26.58,32.76,0.36
2022,12,27.08,32.16,0.37
2022,13,26.41,30.88,0.37
2022,14,25.94,32.97,0.37
2022,15,25.26,34.29,0.37
2022,16,24.37,33.83,0.37
2022,17,23.88,34.45,0.38
2022,18,24.09,33.11,0.38
2022,19,23.54,33.22,0.37
2022,20,22.98,34.36,0.37
2022,21,23.08,34.48,0.37
2022,22,24.79,35.68,0.37
2022,23,26.16,37.92,0.37
2022,24,26.91,37.81,0.37
2022,25,26.05,36.52,0.36
2022,26,25.76,34.23,0.36
2022,27,25.7,33.9,0.36
2022,28,25.55,35.17,0.36
2022,29,25.09,33.46,0.36
2022,30,25.22,35.15,0.36
2022,31,25.59,36.64,0.36
2022,32,24.37,37.29,0.36
2022,33,25.32,36.91,0.36
2022,34,25.28,36.54,0.36
2022,35,26.54,35.8,0.36
2022,36,26.78,37.92,0.36
2022,37,26.34,33.37,0.37
2022,38,27.24,32.94,0.4
2022,39,25.99,30.66,0.42
2022,40,25.23,30.86,0.42
2022,41,23.98,32.96,0.41
2022,42,24.75,34.9,0.4
2022,43,25.74,35.36,0.4
2022,44,24.57,35.86,0.39
2022,45,26.3,35.37,0.39
2022,46,26.31,34.93,0.39
2022,47,27.51,36.77,0.38
2022,48,27.29,35.92,0.38
2022,49,26.46,34.51,0.38
2022,50,26.45,36.73,0.38
2022,51,26.13,35.68,0.38
2022,52,25.95,35.42,0.38
2022,53,26.59,37.09,0.38
2022,54,25.77,28.89,0.4
2022,55,25.71,29.79,0.43
2022,56,25.09,30.06,0.44
2022,57,24.09,31.17,0.43
2022,58,23.6,31.95,0.43
2022,59,24.18,31.57,0.42
2022,60,23.87,30.55,0.42
2022,61,23.54,30.31,0.42
2022,62,23.37,32.19,0.42
2022,63,25.48,33.87,0.42
2022,64,26.03,33.93,0.43
2022,65,24.99,34.06,0.42
2022,66,24.56,33.47,0.42
2022,67,24.27,34.34,0.41
2022,68,25.15,35.19,0.41
2022,69,26.03,35.1,0.41
2022,70,26.83,35.7,0.4
2022,71,26.95,35.9,0.4
2022,72,24.84,34.6,0.4
2022,73,25.89,34.02,0.4
2022,74,26.01,32.95,0.41
2022,75,25.87,33.73,0.41
2022,76,25.47,34.4,0.4
2022,77,23.72,32.24,0.4
2022,78,22.05,32.09,0.4
2022,79,20.99,32.68,0.4
2022,80,21.58,33.89,0.39
2022,81,23.33,33.63,0.39
2022,82,25.01,33.77,0.39
2022,83,24.66,33.17,0.39
2022,84,25.45,31.68,0.39
2022,85,24.55,32.56,0.39
2022,86,24.19,31.63,0.39
2022,87,23.38,31.43,0.4
2022,88,22.38,33.56,0.4
2022,89,23.52,34.84,0.39
2022,90,23.37,34.37,0.39
2022,91,22.24,33.74,0.39
2022,92,23.58,32.36,0.39
2022,93,23.3,32.08,0.38
2022,94,23.5,33.85,0.38
2022,95,25.12,31.9,0.38
2022,96,24.36,32.97,0.38
2022,97,24.21,33.18,0.38
2022,98,24.76,31.45,0.38
2022,99,25.22,34.11,0.38
2022,100,24.66,33.85,0.38
2022,101,23.98,34.79,0.38
2022,102,23.82,32.27,0.38
2022,103,24.43,33.66,0.38
2022,104,25.29,33.96,0.38
2022,105,26.18,31.97,0.38
2022,106,25.96,33.16,0.39
2022,107,24.74,33.3,0.38
2022,108,24.67,32.5,0.38
2022,109,24.68,33.3,0.38
2022,110,24.15,34.43,0.38
2022,111,24.16,34.15,0.38
2022,112,24.78,32.52,0.38
2022,113,25.59,29.1,0.38
2022,114,24.67,30.05,0.4
2022,115,23.9,29.3,0.4
2022,116,24.04,29.24,0.41
2022,117,21.11,27.71,0.43
2022,118,19.0,27.39,0.43
2022,119,17.56,29.24,0.42
2022,120,20.33,28.27,0.42
2022,121,21.06,26.74,0.42
2022,122,19.58,27.9,0.42
2022,123,18.78,28.71,0.41
2022,124,20.29,31.25,0.41
2022,125,20.61,31.37,0.41
2022,126,21.62,31.3,0.41
2022,127,22.33,28.91,0.4
2022,128,21.66,28.65,0.4
2022,129,21.38,26.9,0.4
2022,130,20.83,25.78,0.4
2022,131,19.83,27.35,0.4
2022,132,18.29,29.08,0.4
2022,133,19.24,30.18,0.4
2022,134,21.14,30.12,0.4
2022,135,20.38,30.36,0.4
2022,136,18.68,29.81,0.39
2022,137,19.39,29.89,0.39
2022,138,18.59,30.49,0.39
2022,139,20.29,30.13,0.39
2022,140,20.69,30.17,0.39
2022,141,20.02,31.19,0.39
2022,142,19.78,31.59,0.39
2022,143,19.22,31.6,0.39
2022,144,21.06,29.7,0.39
2022,145,22.01,27.85,0.39
2022,146,20.85,27.33,0.39
2022,147,19.88,27.74,0.39
2022,148,17.86,27.26,0.38
2022,149,17.15,29.41,0.38
2022,150,19.15,27.51,0.38
2022,151,17.9,27.89,0.38
2022,152,18.74,24.91,0.39
2022,153,18.91,26.44,0.39
2022,154,16.79,28.67,0.39
2022,155,17.38,30.07,0.39
2022,156,20.88,28.6,0.39
2022,157,20.35,27.4,0.39
2022,158,18.32,28.28,0.39
2022,159,18.79,26.88,0.39
2022,160,17.25,27.56,0.38
2022,161,18.49,27.75,0.38
2022,162,18.11,28.4,0.38
2022,163,18.52,29.7,0.38
2022,164,18.75,28.47,0.38
2022,165,17.59,28.55,0.38
2022,166,19.37,28.95,0.38
2022,167,19.06,25.34,0.38
2022,168,17.66,24.12,0.38
2022,169,15.97,25.09,0.38
2022,170,16.17,27.85,0.38
2022,171,16.89,28.4,0.38
2022,172,16.93,26.69,0.38
2022,173,16.33,25.78,0.38
2022,174,16.31,26.97,0.38
2022,175,16.99,28.2,0.38
2022,176,17.15,25.98,0.38
2022,177,17.21,25.86,0.38
2022,178,16.12,24.98,0.38
2022,179,14.19,24.71,0.38
2022,180,14.42,25.73,0.38
2022,181,16.67,24.45,0.38
2022,182,16.86,27.84,0.38
2022,183,15.69,28.04,0.38
2022,184,16.59,27.82,0.38
2022,185,16.84,27.5,0.38
2022,186,17.39,27.98,0.38
2022,187,17.86,27.09,0.38
2022,188,18.12,27.3,0.38
2022,189,17.09,28.28,0.38
2022,190,18.02,28.42,0.37
2022,191,16.23,27.79,0.37
2022,192,17.03,27.45,0.37
2022,193,17.1,27.92,0.37
2022,194,16.94,27.66,0.37
2022,195,17.66,25.54,0.37
2022,196,16.58,26.97,0.37
2022,197,17.6,28.39,0.37
2022,198,17.91,29.03,0.37
2022,199,16.42,28.83,0.37
2022,200,17.58,29.7,0.37
2022,201,17.75,28.45,0.37
2022,202,18.04,27.9,0.37
2022,203,18.29,28.56,0.37
2022,204,18.51,28.71,0.37
2022,205,18.88,27.22,0.37
2022,206,19.01,25.98,0.37
2022,207,18.66,25.05,0.37
2022,208,16.38,26.27,0.37
2022,209,17.18,27.88,0.37
2022,210,18.16,29.61,0.37
2022,211,20.53,29.42,0.37
2022,212,20.23,28.55,0.37
2022,213,19.84,28.29,0.37
2022,214,18.21,27.41,0.37
2022,215,17.04,28.65,0.37
2022,216,19.31,28.4,0.37
2022,217,19.06,26.21,0.37
2022,218,18.42,26.19,0.37
2022,219,17.46,27.38,0.37
2022,220,17.75,30.09,0.37
2022,221,18.28,29.06,0.37
2022,222,18.21,29.6,0.37
2022,223,19.17,29.82,0.37
2022,224,18.4,29.5,0.37
2022,225,19.0,28.71,0.37
2022,226,18.91,29.93,0.37
2022,227,20.38,29.65,0.37
2022,228,18.56,25.4,0.38
2022,229,16.18,26.81,0.38
2022,230,16.89,26.83,0.37
2022,231,18.1,29.07,0.37
2022,232,19.82,28.66,0.37
2022,233,17.84,25.27,0.39
2022,234,16.23,28.29,0.39
2022,235,19.57,29.31,0.38
2022,236,19.51,29.52,0.38
2022,237,18.81,29.34,0.38
2022,238,20.47,29.17,0.38
2022,239,19.43,29.89,0.38
2022,240,19.57,29.82,0.37
2022,241,18.65,29.41,0.37
2022,242,18.03,26.92,0.37
2022,243,18.2,23.59,0.37
2022,244,16.94,25.17,0.37
2022,245,15.82,28.99,0.37
2022,246,18.54,29.26,0.37
2022,247,17.77,30.05,0.37
2022,248,18.55,30.62,0.37
2022,249,19.0,30.4,0.37
2022,250,18.61,29.1,0.37
2022,251,19.02,31.12,0.37
2022,252,19.46,29.85,0.37
2022,253,19.48,29.57,0.37
2022,254,18.77,29.3,0.37
2022,255,18.56,30.77,0.37
2022,256,18.4,29.34,0.37
2022,257,18.73,29.78,0.37
2022,258,19.87,31.45,0.37
2022,259,20.08,30.65,0.37
2022,260,20.61,31.27,0.37
2022,261,21.24,31.09,0.37
2022,262,21.15,31.84,0.37
2022,263,21.88,32.47,0.37
2022,264,21.94,33.03,0.36
2022,265,22.05,32.89,0.36
2022,266,22.34,33.8,0.36
2022,267,21.11,31.15,0.36
2022,268,22.05,31.04,0.36
2022,269,21.61,31.73,0.36
2022,270,20.64,32.66,0.36
2022,271,20.99,33.82,0.36
2022,272,19.79,32.25,0.36
2022,273,20.61,29.94,0.36
2022,274,19.88,30.7,0.36
2022,275,20.95,30.88,0.36
2022,276,20.42,30.11,0.36
2022,277,20.63,30.78,0.36
2022,278,20.8,33.77,0.36
2022,279,22.46,34.72,0.36
2022,280,23.04,33.79,0.36
2022,281,22.31,33.84,0.36
2022,282,22.77,35.7,0.36
2022,283,23.03,31.13,0.36
2022,284,21.97,33.92,0.36
2022,285,23.03,33.26,0.36
2022,286,22.68,32.14,0.36
2022,287,23.68,33.86,0.36
2022,288,23.5,31.94,0.36
2022,289,23.45,30.29,0.36
2022,290,22.26,32.18,0.36
2022,291,23.55,33.73,0.36
2022,292,23.51,33.71,0.36
2022,293,23.67,32.62,0.36
2022,294,24.17,32.1,0.36
2022,295,23.62,31.94,0.36
2022,296,22.61,30.93,0.36
2022,297,23.63,29.83,0.36
2022,298,21.77,32.18,0.36
2022,299,23.97,33.05,0.36
2022,300,23.37,34.04,0.36
2022,301,24.04,32.97,0.36
2022,302,24.03,30.57,0.36
2022,303,22.17,35.06,0.36
2022,304,25.29,33.58,0.36
2022,305,24.09,31.69,0.36
2022,306,22.98,31.65,0.36
2022,307,21.74,32.01,0.36
2022,308,22.36,33.29,0.36
2022,309,24.17,30.85,0.36
2022,310,23.78,29.82,0.36
2022,311,23.79,32.56,0.36
2022,312,24.45,33.46,0.36
2022,313,24.56,32.8,0.36
2022,314,24.72,33.37,0.36
2022,315,24.86,33.76,0.36
2022,316,24.71,34.94,0.36
2022,317,25.66,36.27,0.36
2022,318,25.35,32.18,0.37
2022,319,24.77,31.6,0.37
2022,320,23.22,30.57,0.37
2022,321,22.2,29.77,0.36
2022,322,20.6,31.8,0.36
2022,323,21.8,32.54,0.36
2022,324,22.68,30.66,0.36
2022,325,21.22,28.98,0.38
2022,326,19.5,30.49,0.37
2022,327,20.98,32.14,0.37
2022,328,23.29,31.66,0.37
2022,329,23.33,33.15,0.4
2022,330,24.36,31.69,0.39
2022,331,24.15,32.27,0.39
2022,332,23.97,32.05,0.38
2022,333,23.3,30.54,0.38
2022,334,23.17,29.56,0.38
2022,335,23.8,30.17,0.38
2022,336,24.5,29.24,0.38
2022,337,24.03,30.75,0.38
2022,338,24.42,32.15,0.38
2022,339,25.09,33.5,0.39
2022,340,25.54,32.42,0.39
2022,341,25.82,33.38,0.38
2022,342,25.52,34.77,0.38
2022,343,24.98,35.83,0.38
2022,344,25.8,35.6,0.37
2022,345,26.94,34.16,0.37
2022,346,26.53,34.96,0.37
2022,347,25.82,33.18,0.39
2022,348,25.06,30.48,0.39
2022,349,24.45,28.72,0.4
2022,350,23.92,31.35,0.4
2022,351,24.44,31.75,0.4
2022,352,24.63,31.96,0.41
2022,353,25.75,30.13,0.42
2022,354,24.99,29.12,0.43
2022,355,22.22,27.08,0.47
2022,356,21.37,29.02,0.48
2022,357,20.35,29.73,0.47
2022,358,19.5,30.78,0.46
2022,359,21.32,30.16,0.45
2022,360,24.29,31.71,0.45
2022,361,25.11,31.01,0.45
2022,362,24.67,31.82,0.44
2022,363,25.43,31.4,0.44
2022,364,25.59,31.06,0.44
2022,365,24.74,34.04,0.43
2023,1,23.69,32.42,0.43
2023,2,25.01,31.27,0.43
2023,3,24.25,27.61,0.43
2023,4,24.19,30.35,0.43
2023,5,24.29,30.47,0.43
2023,6,24.67,31.65,0.44
2023,7,25.35,31.82,0.44
2023,8,25.16,32.84,0.44
2023,9,25.17,33.66,0.43
2023,10,25.09,29.68,0.46
2023,11,24.52,31.04,0.46
2023,12,25.49,31.64,0.45
2023,13,26.12,32.91,0.45
2023,14,25.87,35.34,0.44
2023,15,24.77,35.37,0.44
2023,16,24.94,35.52,0.43
2023,17,25.64,35.74,0.43
2023,18,24.27,35.54,0.42
2023,19,23.48,36.74,0.42
2023,20,23.61,36.06,0.41
2023,21,25.57,35.8,0.41
2023,22,26.32,35.74,0.41
2023,23,26.08,32.69,0.41
2023,24,25.62,32.03,0.41
2023,25,25.6,34.18,0.41
2023,26,24.7,32.28,0.43
2023,27,25.03,32.77,0.47
2023,28,26.83,31.36,0.47
2023,29,25.87,30.09,0.48
2023,30,24.41,30.55,0.47
2023,31,22.89,32.82,0.46
2023,32,22.46,33.74,0.46
2023,33,25.13,33.04,0.45
2023,34,24.99,33.42,0.44
2023,35,25.47,32.26,0.44
2023,36,25.41,30.34,0.44
2023,37,24.1,32.68,0.44
2023,38,25.41,31.22,0.44
2023,39,24.23,32.27,0.45
2023,40,24.87,32.32,0.45
2023,41,25.11,31.5,0.45
2023,42,24.43,34.16,0.45
2023,43,24.74,33.79,0.44
2023,44,25.26,33.58,0.43
2023,45,25.84,33.59,0.43
2023,46,25.01,33.24,0.43
2023,47,25.78,32.93,0.42
2023,48,25.54,33.01,0.42
2023,49,25.02,33.34,0.42
2023,50,25.47,34.35,0.41
2023,51,26.27,35.39,0.41
2023,52,27.02,35.37,0.41
2023,53,26.43,33.6,0.41
2023,54,26.56,34.87,0.41
2023,55,27.01,31.45,0.41
2023,56,26.3,33.15,0.41
2023,57,26.24,32.39,0.41
2023,58,26.53,33.12,0.41
2023,59,26.67,31.14,0.4
2023,60,25.51,32.46,0.4
2023,61,25.01,28.6,0.42
2023,62,24.38,27.58,0.47
2023,63,23.29,28.22,0.52
2023,64,24.79,28.4,0.61
2023,65,26.54,28.51,0.68
2023,66,25.51,30.02,0.67
2023,67,23.89,31.5,0.65
2023,68,24.35,31.84,0.64
2023,69,25.14,29.26,0.66
2023,70,23.77,30.81,0.65
2023,71,23.41,30.6,0.65
2023,72,23.09,30.95,0.64
2023,73,23.22,29.69,0.63
2023,74,23.19,25.6,0.62
2023,75,23.15,27.02,0.62
2023,76,22.77,27.32,0.61
2023,77,21.92,28.92,0.61
2023,78,22.37,29.41,0.6
2023,79,23.1,30.28,0.59
2023,80,23.66,31.19,0.58
2023,81,25.22,29.07,0.59
2023,82,25.06,31.04,0.59
2023,83,23.79,31.36,0.58
2023,84,22.66,30.48,0.57
2023,85,22.69,31.55,0.56
2023,86,23.38,28.74,0.55
2023,87,19.77,26.12,0.55
2023,88,18.04,29.16,0.54
2023,89,21.44,27.91,0.54
2023,90,22.51,29.14,0.53
2023,91,22.62,29.28,0.53
2023,92,22.63,30.32,0.53
2023,93,21.41,31.04,0.52
2023,94,22.88,29.65,0.52
2023,95,23.11,30.12,0.51
2023,96,23.86,29.55,0.51
2023,97,23.94,30.86,0.51
2023,98,23.97,30.34,0.5
2023,99,24.18,30.39,0.5
2023,100,23.27,30.76,0.49
2023,101,23.26,29.28,0.49
2023,102,22.11,27.94,0.49
2023,103,21.58,29.36,0.49
2023,104,20.99,29.92,0.48
2023,105,22.0,28.85,0.48
2023,106,20.56,28.92,0.47
2023,107,20.03,30.25,0.47
2023,108,21.65,32.01,0.47
2023,109,23.28,32.05,0.46
2023,110,23.46,31.21,0.46
2023,111,23.17,29.72,0.46
2023,112,21.8,29.09,0.46
2023,113,20.09,28.64,0.45
2023,114,21.54,27.87,0.45
2023,115,19.86,27.52,0.45
2023,116,18.92,28.77,0.45
2023,117,19.09,28.95,0.44
2023,118,19.46,31.26,0.44
2023,119,20.4,31.19,0.44
2023,120,21.05,28.94,0.44
2023,121,19.91,27.65,0.44
2023,122,18.13,27.71,0.43
2023,123,17.79,29.63,0.43
2023,124,19.06,29.46,0.43
2023,125,20.91,28.58,0.43
2023,126,21.21,28.35,0.43
2023,127,20.35,29.83,0.43
2023,128,21.3,30.91,0.42
2023,129,21.64,30.25,0.42
2023,130,22.12,30.86,0.42
2023,131,23.41,29.27,0.42
2023,132,22.68,29.42,0.42
2023,133,21.88,29.76,0.42
2023,134,21.06,30.7,0.42
2023,135,21.27,29.09,0.41
2023,136,21.23,26.37,0.41
2023,137,19.4,26.84,0.41
2023,138,17.35,28.34,0.41
2023,139,19.02,27.89,0.41
2023,140,20.34,27.65,0.41
2023,141,20.71,26.34,0.41
2023,142,18.8,26.73,0.41
2023,143,18.38,25.77,0.41
2023,144,15.8,25.16,0.41
2023,145,16.89,27.31,0.41
2023,146,17.52,29.7,0.4
2023,147,19.59,29.86,0.4
2023,148,19.87,29.78,0.4
2023,149,19.12,29.72,0.4
2023,150,18.92,30.6,0.4
2023,151,18.65,30.14,0.4
2023,152,19.27,30.53,0.4
2023,153,18.85,29.78,0.4
2023,154,19.37,30.07,0.4
2023,155,19.94,30.97,0.4
2023,156,20.43,30.61,0.39
2023,157,19.88,30.22,0.39
2023,158,19.97,30.97,0.39
2023,159,19.89,30.29,0.39
2023,160,19.95,28.94,0.39
2023,161,19.88,26.75,0.39
2023,162,18.51,27.04,0.39
2023,163,17.8,26.72,0.39
2023,164,18.82,25.49,0.39
2023,165,18.81,27.78,0.39
2023,166,18.81,28.15,0.39
2023,167,19.71,27.39,0.39
2023,168,19.37,27.82,0.39
2023,169,16.97,29.34,0.39
2023,170,18.57,28.03,0.39
2023,171,20.18,27.32,0.39
2023,172,18.78,27.91,0.39
2023,173,18.32,26.57,0.39
2023,174,18.19,24.83,0.39
2023,175,15.58,24.79,0.39
2023,176,14.34,24.78,0.39
2023,177,14.2,26.34,0.39
2023,178,16.09,26.88,0.39
2023,179,15.51,27.03,0.39
2023,180,16.3,27.48,0.39
2023,181,17.59,26.34,0.39
2023,182,18.25,26.32,0.39
2023,183,16.57,27.5,0.39
2023,184,16.48,28.1,0.39
2023,185,16.18,27.36,0.39
2023,186,17.67,25.56,0.38
2023,187,17.15,25.66,0.38
2023,188,16.13,27.72,0.38
2023,189,17.5,28.66,0.38
2023,190,18.36,28.67,0.38
2023,191,18.87,27.93,0.38
2023,192,18.34,26.1,0.38
2023,193,17.41,24.74,0.38
2023,194,15.65,26.5,0.38
2023,195,15.26,26.41,0.38
2023,196,15.25,27.9,0.38
2023,197,16.98,27.08,0.38
2023,198,17.1,26.38,0.38
2023,199,16.93,29.27,0.38
2023,200,19.23,28.55,0.38
2023,201,19.8,26.74,0.38
2023,202,18.77,25.8,0.38
2023,203,16.98,28.14,0.38
2023,204,18.68,26.52,0.38
2023,205,18.09,26.85,0.38
2023,206,17.08,24.42,0.38
2023,207,15.24,26.49,0.38
2023,208,13.97,27.74,0.38
2023,209,16.13,26.52,0.38
2023,210,15.74,26.83,0.38
2023,211,15.82,26.09,0.38
2023,212,16.55,26.95,0.38
2023,213,16.73,25.03,0.38
2023,214,17.0,26.12,0.38
2023,215,17.54,27.72,0.38
2023,216,16.94,28.95,0.38
2023,217,17.88,29.49,0.38
2023,218,18.55,28.6,0.37
2023,219,18.51,27.28,0.37
2023,220,18.43,27.39,0.37
2023,221,18.97,28.84,0.37
2023,222,18.39,26.07,0.37
2023,223,16.42,26.49,0.37
2023,224,14.87,26.09,0.37
2023,225,16.16,27.88,0.37
2023,226,19.64,28.64,0.37
2023,227,18.53,26.79,0.37
2023,228,17.74,25.67,0.37
2023,229,16.25,29.03,0.37
2023,230,18.44,28.88,0.37
2023,231,17.72,25.17,0.37
2023,232,16.13,28.49,0.37
2023,233,17.79,29.89,0.37
2023,234,18.68,29.25,0.37
2023,235,18.36,31.61,0.37
2023,236,19.3,30.6,0.37
2023,237,19.87,31.92,0.37
2023,238,21.31,31.72,0.37
2023,239,19.87,27.31,0.37
2023,240,18.94,27.24,0.37
2023,241,17.31,29.41,0.37
2023,242,16.29,30.37,0.37
2023,243,18.48,29.35,0.37
2023,244,18.94,29.75,0.37
2023,245,19.23,31.76,0.37
2023,246,20.3,32.15,0.37
2023,247,20.38,31.54,0.37
2023,248,19.83,30.72,0.37
2023,249,20.02,29.84,0.37
2023,250,18.24,27.96,0.37
2023,251,18.44,30.44,0.37
2023,252,21.11,32.14,0.37
2023,253,20.87,30.28,0.37
2023,254,21.61,32.59,0.37
2023,255,21.37,30.61,0.37
2023,256,20.83,30.0,0.36
2023,257,19.93,32.56,0.36
2023,258,22.3,31.6,0.36
2023,259,21.92,31.6,0.36
2023,260,22.27,30.91,0.36
2023,261,21.28,31.1,0.36
2023,262,21.38,31.93,0.36
2023,263,21.61,30.28,0.36
2023,264,20.06,30.8,0.36
2023,265,21.4,34.08,0.36
2023,266,21.54,34.04,0.36
2023,267,22.17,32.58,0.36
2023,268,20.9,32.55,0.36
2023,269,22.16,33.49,0.36
2023,270,22.95,33.25,0.36
2023,271,22.37,33.58,0.36
2023,272,23.38,32.48,0.36
2023,273,22.81,32.24,0.36
2023,274,23.63,32.79,0.36
2023,275,20.1,27.97,0.36
2023,276,18.75,32.07,0.36
2023,277,20.07,31.49,0.36
2023,278,20.92,33.81,0.36
2023,279,21.79,33.43,0.36
2023,280,21.38,34.25,0.36
2023,281,22.15,31.44,0.36
2023,282,22.01,33.01,0.36
2023,283,21.87,33.33,0.36
2023,284,22.39,34.44,0.36
2023,285,22.39,34.95,0.36
2023,286,23.94,31.92,0.36
2023,287,23.19,31.94,0.36
2023,288,23.24,28.93,0.36
2023,289,21.84,28.39,0.36
2023,290,21.83,30.95,0.36
2023,291,23.02,29.65,0.36
2023,292,23.41,28.73,0.36
2023,293,22.33,31.27,0.36
2023,294,21.57,33.13,0.36
2023,295,21.88,29.25,0.36
2023,296,22.03,29.9,0.36
2023,297,22.41,29.62,0.36
2023,298,24.15,32.67,0.36
2023,299,22.08,30.18,0.37
2023,300,20.25,32.09,0.37
2023,301,22.6,34.3,0.36
2023,302,22.42,30.53,0.36
2023,303,23.14,30.4,0.36
2023,304,22.11,32.69,0.36
2023,305,22.87,31.72,0.36
2023,306,21.44,27.75,0.37
2023,307,19.41,29.97,0.37
2023,308,19.83,32.92,0.37
2023,309,23.6,32.3,0.36
2023,310,24.58,31.67,0.36
2023,311,23.42,32.79,0.36
2023,312,23.77,32.94,0.36
2023,313,22.5,28.41,0.37
2023,314,21.32,28.55,0.37
2023,315,19.74,33.46,0.36
2023,316,22.41,33.62,0.36
2023,317,23.3,30.49,0.36
2023,318,21.89,29.67,0.36
2023,319,20.03,29.29,0.36
2023,320,19.51,33.12,0.36
2023,321,23.48,34.72,0.36
2023,322,24.62,33.01,0.36
2023,323,24.01,32.3,0.36
2023,324,23.75,32.97,0.36
2023,325,24.27,36.32,0.36
2023,326,24.56,37.12,0.37
2023,327,26.02,36.86,0.37
2023,328,26.4,37.37,0.36
2023,329,26.05,36.55,0.36
2023,330,25.81,34.07,0.36
2023,331,24.47,33.5,0.36
2023,332,24.55,35.34,0.36
2023,333,25.37,33.41,0.36
2023,334,24.58,30.13,0.36
2023,335,22.88,31.35,0.36
2023,336,21.57,33.51,0.36
2023,337,20.81,34.79,0.36
2023,338,23.56,34.99,0.36
2023,339,23.89,30.56,0.36
2023,340,23.44,33.75,0.36
2023,341,23.96,36.62,0.36
2023,342,26.55,35.39,0.36
2023,343,26.08,33.09,0.37
2023,344,25.5,35.0,0.37
2023,345,25.96,36.0,0.37
2023,346,26.71,36.45,0.36
2023,347,25.51,36.2,0.36
2023,348,26.71,36.85,0.36
2023,349,28.14,37.13,0.36
2023,350,27.08,34.61,0.36
2023,351,26.42,32.28,0.36
2023,352,25.45,35.14,0.36
2023,353,24.31,35.84,0.36
2023,354,24.67,36.68,0.36
2023,355,25.36,34.86,0.36
2023,356,24.93,36.1,0.36
2023,357,25.19,34.64,0.36
2023,358,22.8,34.87,0.36
2023,359,24.93,34.12,0.36
2023,360,23.76,31.72,0.36
2023,361,25.22,32.15,0.36
2023,362,24.63,30.46,0.36
2023,363,25.1,32.49,0.37
2023,364,25.89,33.02,0.37
2023,365,25.33,30.09,0.4
2024,1,25.6,31.83,0.42
2024,2,25.22,32.94,0.43
2024,3,23.93,33.24,0.42
2024,4,24.31,32.75,0.43
2024,5,23.93,32.23,0.44
2024,6,25.34,32.44,0.43
2024,7,26.33,31.99,0.43
2024,8,25.71,32.92,0.43
2024,9,26.59,32.92,0.42
2024,10,26.58,33.51,0.42
2024,11,26.25,33.7,0.41
2024,12,26.23,34.0,0.41
2024,13,26.56,33.39,0.41
2024,14,26.73,33.42,0.4
2024,15,26.89,33.98,0.4
2024,16,26.79,33.54,0.4
2024,17,24.65,34.89,0.4
2024,18,26.48,35.77,0.39
2024,19,27.55,33.56,0.39
2024,20,26.83,34.11,0.39
2024,21,26.94,33.91,0.39
2024,22,26.85,33.55,0.39
2024,23,25.23,34.59,0.39
2024,24,23.35,33.24,0.39
2024,25,21.56,33.4,0.38
2024,26,21.23,33.19,0.38
2024,27,22.76,33.98,0.38
2024,28,25.55,32.85,0.38
2024,29,25.11,34.03,0.38
2024,30,24.01,35.39,0.37
2024,31,24.5,36.05,0.37
2024,32,25.6,36.05,0.37
2024,33,26.93,36.62,0.37
2024,34,26.59,35.07,0.37
2024,35,25.55,33.7,0.38
2024,36,25.81,31.64,0.42
2024,37,25.58,31.53,0.42
2024,38,25.83,31.4,0.42
2024,39,25.71,31.87,0.41
2024,40,25.08,33.63,0.41
2024,41,26.42,35.33,0.41
2024,42,26.7,33.58,0.41
2024,43,26.82,33.94,0.41
2024,44,26.02,35.32,0.4
2024,45,26.05,34.13,0.4
2024,46,26.29,32.35,0.4
2024,47,25.34,33.83,0.4
2024,48,26.23,34.79,0.4
2024,49,25.72,34.62,0.4
2024,50,24.86,34.56,0.4
2024,51,24.7,32.21,0.4
2024,52,25.1,32.91,0.4
2024,53,26.03,34.01,0.39
2024,54,27.02,35.59,0.39
2024,55,27.54,35.64,0.39
2024,56,27.4,31.66,0.39
2024,57,26.37,34.84,0.39
2024,58,27.12,32.41,0.39
2024,59,26.9,33.23,0.4
2024,60,23.95,34.12,0.41
2024,61,24.16,34.47,0.4
2024,62,25.57,34.3,0.4
2024,63,24.68,34.69,0.4
2024,64,25.12,34.55,0.39
2024,65,27.02,34.28,0.39
2024,66,26.23,29.41,0.42
2024,67,26.2,29.82,0.45
2024,68,25.57,31.67,0.45
2024,69,25.98,29.85,0.46
2024,70,25.31,30.89,0.46
2024,71,25.33,32.33,0.46
2024,72,25.95,33.76,0.45
2024,73,26.21,34.39,0.44
2024,74,26.74,32.38,0.44
2024,75,25.75,30.11,0.44
2024,76,24.45,33.75,0.44
2024,77,25.13,32.54,0.43
2024,78,25.28,32.23,0.43
2024,79,25.54,32.93,0.43
2024,80,25.63,31.95,0.43
2024,81,24.31,32.0,0.42
2024,82,23.99,33.17,0.42
2024,83,23.99,34.75,0.42
2024,84,24.36,31.57,0.43
2024,85,23.3,31.73,0.44
2024,86,21.8,32.63,0.43
2024,87,22.24,33.02,0.43
2024,88,23.08,33.18,0.42
2024,89,23.87,32.77,0.42
2024,90,23.58,30.51,0.42
2024,91,22.84,31.08,0.42
2024,92,23.34,32.96,0.43
2024,93,23.51,34.2,0.42
2024,94,24.21,33.77,0.42
2024,95,23.89,33.43,0.41
2024,96,24.57,33.08,0.41
2024,97,24.04,30.9,0.41
2024,98,23.43,31.92,0.41
2024,99,22.69,32.26,0.41
2024,100,23.14,30.56,0.41
2024,101,23.86,30.64,0.41
2024,102,23.26,28.01,0.49
2024,103,21.31,27.12,0.48
2024,104,19.99,27.9,0.47
2024,105,20.74,28.23,0.46
2024,106,21.14,29.93,0.46
2024,107,21.83,31.15,0.45
2024,108,22.85,32.73,0.45
2024,109,22.74,31.17,0.44
2024,110,23.27,28.83,0.44
2024,111,22.47,28.14,0.44
2024,112,21.3,29.77,0.44
2024,113,20.55,30.91,0.44
2024,114,20.58,31.58,0.43
2024,115,21.44,30.31,0.43
2024,116,21.43,31.42,0.43
2024,117,22.07,31.06,0.42
2024,118,22.04,29.01,0.42
2024,119,20.63,28.95,0.42
2024,120,19.73,31.76,0.42
2024,121,22.49,31.27,0.42
2024,122,21.96,29.06,0.42
2024,123,20.09,29.38,0.42
2024,124,19.98,29.65,0.41
2024,125,19.52,31.43,0.41
2024,126,18.98,30.85,0.41
2024,127,19.94,31.11,0.41
2024,128,20.24,30.78,0.41
2024,129,21.09,32.3,0.4
2024,130,21.23,31.47,0.4
2024,131,22.08,31.59,0.4
2024,132,21.41,31.51,0.4
2024,133,20.68,30.81,0.4
2024,134,19.86,30.41,0.4
2024,135,21.05,30.6,0.4
2024,136,21.01,31.6,0.4
2024,137,20.6,31.31,0.39
2024,138,21.86,30.95,0.39
2024,139,21.84,29.63,0.39
2024,140,19.84,28.57,0.39
2024,141,19.1,30.14,0.39
2024,142,18.18,30.59,0.39
2024,143,17.26,29.62,0.39
2024,144,17.2,29.74,0.39
2024,145,18.71,29.44,0.39
2024,146,19.52,28.24,0.39
2024,147,18.99,27.96,0.39
2024,148,18.57,27.58,0.39
2024,149,17.46,29.15,0.39
2024,150,18.56,30.0,0.39
2024,151,18.65,29.16,0.39
2024,152,19.47,30.67,0.39
2024,153,19.33,31.35,0.38
2024,154,20.05,31.14,0.38
2024,155,20.25,30.82,0.38
2024,156,20.9,31.57,0.38
2024,157,21.08,30.55,0.38
2024,158,20.79,30.8,0.38
2024,159,21.4,31.22,0.38
2024,160,19.45,26.94,0.38
2024,161,17.59,24.93,0.38
2024,162,16.22,25.95,0.38
2024,163,16.96,25.55,0.38
2024,164,18.61,27.15,0.38
2024,165,18.58,27.42,0.39
2024,166,19.27,27.3,0.39
2024,167,18.9,27.17,0.39
2024,168,16.95,27.11,0.39
2024,169,16.65,28.95,0.38
2024,170,17.98,29.54,0.38
2024,171,20.94,26.05,0.38
2024,172,19.47,26.65,0.38
2024,173,19.3,29.29,0.38
2024,174,18.65,29.47,0.38
2024,175,19.21,28.69,0.38
2024,176,18.69,28.14,0.38
2024,177,17.13,29.34,0.38
2024,178,18.12,29.19,0.38
2024,179,16.39,28.2,0.38
2024,180,17.3,28.33,0.38
2024,181,15.72,27.77,0.38
2024,182,17.83,27.31,0.38
2024,183,17.37,26.59,0.38
2024,184,16.89,28.65,0.38
2024,185,16.91,27.76,0.38
2024,186,19.7,25.52,0.38
2024,187,17.88,26.01,0.38
2024,188,19.91,25.74,0.38
2024,189,18.45,24.58,0.38
2024,190,15.8,26.39,0.38
2024,191,17.65,25.88,0.38
2024,192,17.29,28.36,0.38
2024,193,17.26,29.85,0.38
2024,194,17.03,28.85,0.38
2024,195,16.77,28.87,0.38
2024,196,17.72,27.86,0.38
2024,197,17.52,26.08,0.37
2024,198,17.93,26.25,0.38
2024,199,16.59,26.55,0.38
2024,200,17.92,28.7,0.38
2024,201,17.5,28.28,0.37
2024,202,18.88,26.82,0.37
2024,203,16.41,27.78,0.37
2024,204,17.1,28.14,0.37
2024,205,17.49,28.15,0.37
2024,206,17.56,28.27,0.37
2024,207,19.63,26.21,0.37
2024,208,19.23,25.86,0.37
2024,209,16.88,26.21,0.37
2024,210,16.57,26.72,0.37
2024,211,16.44,26.51,0.37
2024,212,18.84,27.52,0.37
2024,213,16.72,26.14,0.37
2024,214,15.75,26.02,0.37
2024,215,16.3,27.57,0.37
2024,216,15.51,26.09,0.37
2024,217,16.09,28.02,0.37
2024,218,17.75,27.12,0.37
2024,219,18.87,27.57,0.37
2024,220,19.36,30.01,0.37
2024,221,18.72,28.58,0.37
2024,222,20.04,28.17,0.37
2024,223,17.95,29.73,0.37
2024,224,18.65,29.63,0.37
2024,225,18.83,29.42,0.37
2024,226,18.37,30.42,0.37
2024,227,19.32,29.63,0.37
2024,228,20.05,29.06,0.37
2024,229,17.3,27.98,0.37
2024,230,17.14,29.8,0.37
2024,231,17.6,30.33,0.37
2024,232,18.9,29.98,0.37
2024,233,18.32,30.63,0.37
2024,234,17.35,30.21,0.37
2024,235,18.51,28.96,0.37
2024,236,16.96,25.29,0.37
2024,237,14.63,27.66,0.37
2024,238,15.75,28.79,0.37
2024,239,17.55,29.21,0.37
2024,240,17.94,31.62,0.37
2024,241,19.72,32.08,0.36
2024,242,20.72,30.46,0.36
2024,243,20.97,30.43,0.36
2024,244,18.17,26.7,0.37
2024,245,18.19,26.36,0.38
2024,246,18.14,28.8,0.37
2024,247,18.98,27.35,0.37
2024,248,18.97,30.42,0.37
2024,249,20.06,30.9,0.37
2024,250,21.07,30.45,0.37
2024,251,20.23,31.79,0.37
2024,252,22.15,32.21,0.37
2024,253,22.42,31.52,0.37
2024,254,21.07,32.16,0.37
2024,255,20.15,29.86,0.37
2024,256,18.8,30.55,0.37
2024,257,19.47,32.13,0.37
2024,258,20.87,31.85,0.36
2024,259,21.73,31.4,0.36
2024,260,21.02,33.02,0.36
2024,261,21.07,34.7,0.36
2024,262,22.58,33.69,0.36
2024,263,22.11,31.14,0.36
2024,264,21.97,32.88,0.36
2024,265,23.33,34.11,0.36
2024,266,20.04,27.14,0.36
2024,267,19.35,27.08,0.36
2024,268,19.13,31.59,0.36
2024,269,23.25,31.61,0.36
2024,270,22.24,30.58,0.36
2024,271,22.15,30.87,0.36
2024,272,22.2,30.44,0.36
2024,273,20.91,32.38,0.36
2024,274,21.99,32.95,0.36
2024,275,23.05,32.2,0.36
2024,276,20.77,29.74,0.36
2024,277,19.31,27.46,0.36
2024,278,18.22,28.39,0.36
2024,279,17.16,29.8,0.36
2024,280,17.49,30.84,0.36
2024,281,19.58,28.47,0.36
2024,282,20.28,29.58,0.36
2024,283,20.35,32.41,0.36
2024,284,22.71,31.9,0.36
2024,285,23.53,32.44,0.36
2024,286,23.28,33.28,0.36
2024,287,22.39,33.95,0.36
2024,288,21.58,32.81,0.36
2024,289,22.18,29.35,0.36
2024,290,19.69,26.52,0.36
2024,291,17.39,30.09,0.36
2024,292,20.19,32.49,0.36
2024,293,22.11,29.46,0.36
2024,294,21.96,32.01,0.36
2024,295,23.49,35.21,0.36
2024,296,25.15,37.35,0.36
2024,297,23.82,35.38,0.36
2024,298,25.2,33.83,0.36
2024,299,24.5,30.85,0.36
2024,300,22.92,32.12,0.36
2024,301,22.89,34.04,0.36
2024,302,24.8,34.19,0.36
2024,303,25.5,35.8,0.36
2024,304,26.13,35.3,0.36
2024,305,24.21,31.59,0.37
2024,306,23.13,31.47,0.36
2024,307,22.87,33.17,0.36
2024,308,24.05,34.05,0.36
2024,309,25.0,33.9,0.36
2024,310,23.97,33.27,0.36
2024,311,23.76,33.95,0.36
2024,312,23.62,32.33,0.36
2024,313,23.85,31.46,0.36
2024,314,23.25,31.05,0.36
2024,315,23.42,31.19,0.36
2024,316,22.76,33.29,0.36
2024,317,22.95,33.91,0.36
2024,318,23.54,35.59,0.36
2024,319,23.88,34.61,0.36
2024,320,24.75,34.65,0.36
2024,321,25.35,34.92,0.36
2024,322,25.19,32.54,0.36
2024,323,25.55,32.8,0.36
2024,324,24.57,30.62,0.36
2024,325,25.05,35.81,0.36
2024,326,25.51,36.09,0.36
2024,327,25.71,35.27,0.36
2024,328,24.25,32.54,0.36
2024,329,23.76,32.54,0.36
2024,330,25.88,34.6,0.36
2024,331,25.31,34.29,0.36
2024,332,23.95,35.04,0.36
2024,333,26.47,33.79,0.36
2024,334,23.1,26.87,0.4
2024,335,21.72,30.07,0.4
2024,336,21.04,31.61,0.39
2024,337,22.42,33.43,0.39
2024,338,25.12,32.58,0.38
2024,339,24.65,32.91,0.38
2024,340,24.27,35.2,0.38
2024,341,25.83,31.81,0.38
2024,342,24.61,33.51,0.38
2024,343,24.93,34.59,0.38
2024,344,24.98,35.65,0.37
2024,345,26.5,36.46,0.37
2024,346,26.59,36.26,0.37
2024,347,26.24,33.57,0.37
2024,348,26.32,34.2,0.37
2024,349,25.85,35.63,0.37
2024,350,26.93,37.21,0.36
2024,351,28.05,36.17,0.36
2024,352,27.88,34.13,0.36
2024,353,27.56,35.09,0.36
2024,354,26.03,36.94,0.36
2024,355,26.61,37.16,0.36
2024,356,28.09,38.38,0.36
2024,357,27.69,35.1,0.36
2024,358,26.81,35.09,0.36
2024,359,25.67,34.53,0.36
2024,360,27.18,34.27,0.36
2024,361,26.18,36.3,0.36
2024,362,28.68,36.04,0.36
2024,363,27.26,33.75,0.37
2024,364,26.7,33.15,0.37
2024,365,26.64,33.83,0.37
2024,366,27.16,35.72,0.37
